source,titre,prix,quartier,chambres,salles_de_bain,surface_m2,meuble,vue_mer,neuf,lien,surface_estimee,quartier_score
loger-dakar,Appartement meublé F4 à louer à liberté 6 extension,500000.0,Sicap,3.0,2.0,140.0,1.0,0.0,0.0,https://www.loger-dakar.com/Bien/appartement-meuble-f4-a-louer-a-liberte-6-extension-7/,1,559881.25
loger-dakar,Appartement F2 de standing à louer au point E sur l’avenue cheikh Anta Diop,550000.0,Point E,1.0,1.0,60.0,0.0,0.0,0.0,https://www.loger-dakar.com/Bien/appartement-f2-de-standing-a-louer-au-point-e-sur-lavenue-cheikh-anta-diop-2/,1,1003072.2891566266
loger-dakar,Studio meublé F1 à louer aux maristes,300000.0,Hann Maristes,1.0,1.0,60.0,1.0,0.0,0.0,https://www.loger-dakar.com/Bien/studio-meuble-f1-a-louer-aux-maristes-6/,1,432187.5
loger-dakar,Bel appartement F4 lumineux à louer à fenêtre mermoz,1000000.0,Mermoz,3.0,3.0,140.0,0.0,0.0,0.0,https://www.loger-dakar.com/Bien/bel-appartement-f4-lumineux-a-louer-a-fenetre-mermoz/,1,1032668.5082872928
loger-dakar,Appartement f4 à louer Fann résidence,1400000.0,Autre,3.0,4.0,140.0,0.0,0.0,0.0,https://www.loger-dakar.com/Bien/appartement-f4-a-louer-fann-residence-3/,1,639511.9856115108
loger-dakar,Appartement F4 à louer à Mermoz,1000000.0,Mermoz,3.0,4.0,140.0,0.0,0.0,0.0,https://www.loger-dakar.com/Bien/appartement-f4-a-louer-a-mermoz/,1,1032668.5082872928
loger-dakar,Appartement F4 à louer Fann résidence,1300000.0,Autre,4.0,5.0,180.0,0.0,0.0,0.0,https://www.loger-dakar.com/Bien/appartement-f4-a-louer-fann-residence-2/,1,639511.9856115108
loger-dakar,BUREAU F3 À LOUER – COLOBANE (DAKAR),300000.0,Autre,2.0,2.0,100.0,0.0,0.0,0.0,https://www.loger-dakar.com/Bien/bureau-f3-a-louer-colobane-dakar/,1,639511.9856115108
loger-dakar,Chambre indépendante +SDB+ Cuisine à louer à yoff route ecobank,125000.0,Yoff,1.0,1.0,60.0,0.0,0.0,0.0,https://www.loger-dakar.com/Bien/chambre-independante-sdb-cuisine-a-louer-a-yoff-route-ecobank-2/,1,528798.4732824428
loger-dakar,APPARTEMENT F4 À LOUER CITÉ KEUR GORGUI,500000.0,Autre,3.0,3.0,140.0,0.0,0.0,0.0,https://www.loger-dakar.com/Bien/appartement-f4-a-louer-cite-keur-gorgui-3/,1,639511.9856115108
loger-dakar,APPARTEMENT F3 À LOUER SICAP FOIRE,362600.0,Autre,2.0,3.0,100.0,0.0,0.0,0.0,https://www.loger-dakar.com/Bien/appartement-f3-a-louer-sicap-foire-4/,1,639511.9856115108
loger-dakar,Studio F2 à louer à yoff route ecobank,160000.0,Yoff,1.0,1.0,60.0,0.0,0.0,0.0,https://www.loger-dakar.com/Bien/studio-f2-a-louer-a-yoff-route-ecobank-3/,1,528798.4732824428
loger-dakar,APPARTEMENT F4 À LOUER SICAP FOIRE,600000.0,Autre,3.0,3.0,140.0,0.0,0.0,0.0,https://www.loger-dakar.com/Bien/appartement-f4-a-louer-sicap-foire-3/,1,639511.9856115108
loger-dakar,Appartement F2 à louer au point E sur l’avenue cheikh Anta Diop,500000.0,Point E,1.0,1.0,60.0,0.0,0.0,0.0,https://www.loger-dakar.com/Bien/appartement-f2-a-louer-au-point-e-sur-lavenue-cheikh-anta-diop/,1,1003072.2891566266
loger-dakar,Studio à louer aux mamelles,175000.0,Mamelles,1.0,1.0,60.0,0.0,0.0,0.0,https://www.loger-dakar.com/Bien/studio-a-louer-aux-mamelles-2/,1,622633.1707317074
loger-dakar,📍 Almadies très belle appartement F4 vue sur mer 🌊 à louer,2000000.0,Almadies,3.0,3.0,140.0,0.0,1.0,0.0,https://www.loger-dakar.com/Bien/%f0%9f%93%8d-almadies-tres-belle-appartement-f4-vue-sur-mer-%f0%9f%8c%8a-a-louer/,1,1074463.5443349753
loger-dakar,📍Mamelles cité mbackyou faye immeuble neuf R+4 des appartements F4 à louer,475000.0,Mamelles,3.0,2.0,140.0,0.0,0.0,1.0,https://www.loger-dakar.com/Bien/%f0%9f%93%8dmamelles-cite-mbackyou-faye-immeuble-neuf-r4-des-appartements-f4-a-louer/,1,622633.1707317074
loger-dakar,📍 Almadies King appartement F4 vue sur mer à louer,1000000.0,Almadies,3.0,3.0,140.0,0.0,1.0,0.0,https://www.loger-dakar.com/Bien/%f0%9f%93%8d-almadies-king-appartement-f4-vue-sur-mer-a-louer/,1,1074463.5443349753
loger-dakar,À louer – Bel appartement F3 à Liberté 2,450000.0,Sicap,2.0,2.0,100.0,0.0,0.0,0.0,https://www.loger-dakar.com/Bien/a-louer-bel-appartement-f3-a-liberte-2/,1,559881.25
loger-dakar,"Villa Meublée à Louer – 6 Chambres, Piscine Privée à La Somone",350000.0,Autre,6.0,6.0,260.0,1.0,0.0,0.0,https://www.loger-dakar.com/Bien/villa-meublee-a-louer-6-chambres-piscine-privee-a-la-somone/,1,639511.9856115108
loger-dakar,Bel appartement meublé F2 à louer au point E,1000000.0,Point E,1.0,1.0,60.0,1.0,0.0,0.0,https://www.loger-dakar.com/Bien/bel-appartement-meuble-f2-a-louer-au-point-e-8/,1,1003072.2891566266
loger-dakar,Appartement meublé F4 avec balcon à ngor-virage,1200000.0,Ngor,3.0,3.0,140.0,1.0,0.0,0.0,https://www.loger-dakar.com/Bien/appartement-meuble-f4-avec-balcon-a-ngor-virage/,1,799681.1320754717
loger-dakar,APPARTEMENT MEUBLE F4 A MERMOZ EXTENTION,1100000.0,Mermoz,3.0,3.0,140.0,0.0,0.0,0.0,https://www.loger-dakar.com/Bien/appartement-meuble-f4-a-mermoz-extention/,1,1032668.5082872928
loger-dakar,📍Corniche des Almadies appartement F4 grand standing avec une très belle vue sur mer 🌊 à louer,1800000.0,Almadies,3.0,3.0,140.0,0.0,1.0,0.0,https://www.loger-dakar.com/Bien/%f0%9f%93%8dcorniche-des-almadies-appartement-f4-grand-standing-avec-une-tres-belle-vue-sur-mer-%f0%9f%8c%8a-a-louer-2/,1,1074463.5443349753
loger-dakar,📍 Point E appartement haut standing 3 chambres salon à louer,1000000.0,Point E,3.0,3.0,140.0,0.0,0.0,0.0,https://www.loger-dakar.com/Bien/%f0%9f%93%8d-point-e-appartement-haut-standing-3-chambres-salon-a-louer/,1,1003072.2891566266
loger-dakar,Studio meuble à louer point E,750000.0,Point E,1.0,1.0,60.0,0.0,0.0,0.0,https://www.loger-dakar.com/Bien/studio-meuble-a-louer-point-e/,1,1003072.2891566266
loger-dakar,À LOUER – VILLA meublée F4 LONGUE DURÉE À Ngaparou (Drève des Belges),900000.0,Autre,3.0,3.0,140.0,1.0,0.0,0.0,https://www.loger-dakar.com/Bien/a-louer-villa-meublee-f4-longue-duree-a-ngaparou-dreve-des-belges/,1,639511.9856115108
loger-dakar,Location Zac Mbao maison de 4 chambres et 5 salles de bain,300000.0,Autre,4.0,5.0,180.0,0.0,0.0,0.0,https://www.loger-dakar.com/Bien/location-zac-mbao-maison-de-4-chambres-et-5-salles-de-bain/,1,639511.9856115108
loger-dakar,APPARTEMENT F4 À LOUER LIBERTÉ 6 EXTENSION,650000.0,Sicap,3.0,4.0,140.0,0.0,0.0,0.0,https://www.loger-dakar.com/Bien/appartement-f4-a-louer-liberte-6-extension-3/,1,559881.25
loger-dakar,Appartement f3 à louer cité Alioune Sow Mbao,180000.0,Autre,2.0,2.0,100.0,0.0,0.0,0.0,https://www.loger-dakar.com/Bien/appartement-f3-a-louer-cite-alioune-sow-mbao/,1,639511.9856115108
loger-dakar,À LOUER – Villa Meublée F5 à Saly (derrière Saly Center),900000.0,Autre,4.0,4.0,180.0,1.0,0.0,0.0,https://www.loger-dakar.com/Bien/%f0%9f%8f%a1-a-louer-belle-villa-meublee-a-saly-derriere-saly-center/,1,639511.9856115108
loger-dakar,Studio F2 à louer à apecsy,170000.0,Autre,1.0,1.0,60.0,0.0,0.0,0.0,https://www.loger-dakar.com/Bien/studio-f2-a-louer-a-apecsy/,1,639511.9856115108
loger-dakar,Appartement F4 au point E avenue Cheikh Anta Diop,850000.0,Point E,3.0,2.0,140.0,0.0,0.0,0.0,https://www.loger-dakar.com/Bien/appartement-f4-au-point-e-avenue-cheikh-anta-diop/,1,1003072.2891566266
loger-dakar,Bel appartement meublé F2 à louer à mermoz,500000.0,Mermoz,1.0,1.0,60.0,1.0,0.0,0.0,https://www.loger-dakar.com/Bien/bel-appartement-meuble-f2-a-louer-a-mermoz/,1,1032668.5082872928
loger-dakar,À LOUER – Studio meublé F1 avec balcon aux Maristes (Dakar),300000.0,Hann Maristes,1.0,1.0,60.0,1.0,0.0,0.0,https://www.loger-dakar.com/Bien/a-louer-studio-meuble-f1-avec-balcon-aux-maristes-dakar/,1,432187.5
loger-dakar,À LOUER – Appartement F4 à Fenêtre Mermoz,1000000.0,Mermoz,3.0,3.0,140.0,0.0,0.0,0.0,https://www.loger-dakar.com/Bien/a-louer-appartement-f4-a-fenetre-mermoz/,1,1032668.5082872928
loger-dakar,Appartement neuf F4 de standing à louer à Sud-Foire,750000.0,Autre,3.0,3.0,140.0,0.0,0.0,1.0,https://www.loger-dakar.com/Bien/appartement-neuf-f4-de-standing-a-louer-a-sud-foire/,1,639511.9856115108
loger-dakar,Villa meublé F4 avec piscine privée à saly,1300000.0,Autre,3.0,3.0,140.0,1.0,0.0,0.0,https://www.loger-dakar.com/Bien/villa-meuble-f4-avec-piscine-privee-a-saly/,1,639511.9856115108
loger-dakar,Bel appartement meublé F2 à louer au point E,1000000.0,Point E,1.0,1.0,60.0,1.0,0.0,0.0,https://www.loger-dakar.com/Bien/bel-appartement-meuble-f2-a-louer-au-point-e-9/,1,1003072.2891566266
loger-dakar,Villa haut standing à louer au Almadies,4000000.0,Almadies,8.0,8.0,340.0,0.0,0.0,0.0,https://www.loger-dakar.com/Bien/villa-haut-standing-a-louer-au-almadies/,1,1074463.5443349753
loger-dakar,Point E villa haut standing 2000m² à louer 7 chambres 2 salon,3500000.0,Point E,7.0,7.0,300.0,0.0,0.0,0.0,https://www.loger-dakar.com/Bien/point-e-villa-grand-standing-2000m%c2%b2-a-louer-7-chambres-2-salon/,1,1003072.2891566266
loger-dakar,Point E appartement haut standing à louer 3 chambres salon,950000.0,Point E,3.0,3.0,140.0,0.0,0.0,0.0,https://www.loger-dakar.com/Bien/point-e-appartement-haut-standing-a-louer-3-chambres-salon/,1,1003072.2891566266
loger-dakar,Villa à louer à Saly Sénégal,275000.0,Autre,3.0,1.0,140.0,0.0,0.0,0.0,https://www.loger-dakar.com/Bien/villa-a-louer-a-saly-senegal/,1,639511.9856115108
loger-dakar,Virage appartement à louer 2 chambres salon balcon,350000.0,Ngor,2.0,2.0,100.0,0.0,0.0,0.0,https://www.loger-dakar.com/Bien/virage-appartement-a-louer-2-chambres-salon-balcon/,1,799681.1320754717
loger-dakar,Grand magasin de superficie 150 m² à louer à liberté 6,900000.0,Sicap,1.0,1.0,60.0,0.0,0.0,0.0,https://www.loger-dakar.com/Bien/grand-magasin-de-superficie-150-m%c2%b2-a-louer-a-liberte-6/,1,559881.25
loger-dakar,Villa meublée 6 pieces à louer à yoff-Djilly Mbaye,250000.0,Yoff,5.0,4.0,220.0,1.0,0.0,0.0,https://www.loger-dakar.com/Bien/villa-meublee-6-pieces-a-louer-a-yoff-djilly-mbaye/,1,528798.4732824428
loger-dakar,Grand magasin de superficie 150 m² à louer à liberté 6,180000.0,Almadies,1.0,1.0,60.0,0.0,0.0,0.0,https://www.loger-dakar.com/Bien/studio-f2-a-louer-a-louer-a-ngor-almadies-derriere-chez-katia/,1,1074463.5443349753
loger-dakar,Belle villa meublée à louer à saly,650000.0,Autre,3.0,3.0,140.0,1.0,0.0,0.0,https://www.loger-dakar.com/Bien/belle-villa-meublee-a-louer-a-saly-2/,1,639511.9856115108
loger-dakar,Bel appartement meublé F5 en résidence â louer au virage,2500000.0,Ngor,4.0,4.0,180.0,1.0,0.0,0.0,https://www.loger-dakar.com/Bien/bel-appartement-meuble-f5-en-residence-a-louer-au-virage/,1,799681.1320754717
loger-dakar,Appartement F3 à louer aux almadies,450000.0,Almadies,3.0,2.0,140.0,0.0,0.0,0.0,https://www.loger-dakar.com/Bien/appartement-f3-a-louer-aux-almadies-4/,1,1074463.5443349753
loger-dakar,Appartement F3 à usage de bureau à louer à Colobane,325000.0,Autre,2.0,2.0,100.0,0.0,0.0,0.0,https://www.loger-dakar.com/Bien/appartement-f3-a-usage-de-bureau-a-louer-a-colobane/,1,639511.9856115108
loger-dakar,Almadies très belle duplex à louer 3 chambres salon,2200000.0,Almadies,3.0,3.0,140.0,0.0,0.0,0.0,https://www.loger-dakar.com/Bien/almadies-tres-belle-duplex-a-louer-3-chambres-salon/,1,1074463.5443349753
loger-dakar,Almadies très belle villa à louer 5 chambres salon,1800000.0,Almadies,5.0,5.0,220.0,0.0,0.0,0.0,https://www.loger-dakar.com/Bien/almadies-tres-belle-villa-a-louer-5-chambres-salon/,1,1074463.5443349753
loger-dakar,Virage villa à louer 5 chambres salon,900000.0,Ngor,5.0,3.0,220.0,0.0,0.0,0.0,https://www.loger-dakar.com/Bien/virage-villa-a-louer-5-chambres-salon/,1,799681.1320754717
loger-dakar,3 chambres – Corniche Almadies_Vue Mer,975000.0,Almadies,3.0,3.0,140.0,0.0,1.0,0.0,https://www.loger-dakar.com/Bien/3-chambres-corniche-almadies_vue-mer/,1,1074463.5443349753
loger-dakar,Corniche Almadies – Confort & Vue Mer,1150000.0,Almadies,3.0,3.0,140.0,0.0,1.0,0.0,https://www.loger-dakar.com/Bien/corniche-almadies-confort-vue-mer-3/,1,1074463.5443349753
loger-dakar,À LOUER – VILLA R+1 AUX ALMADIES,3000000.0,Almadies,8.0,5.0,340.0,0.0,0.0,0.0,https://www.loger-dakar.com/Bien/a-louer-villa-r1-aux-almadies/,1,1074463.5443349753
loger-dakar,À LOUER – F2 Meublé à la Résidence Safari,650000.0,Autre,1.0,1.0,60.0,1.0,0.0,0.0,https://www.loger-dakar.com/Bien/a-louer-f2-meuble-a-la-residence-safari/,1,639511.9856115108
loger-dakar,Appartement F3 à louer à ngor derrière la madrague,270000.0,Ngor,2.0,2.0,100.0,0.0,0.0,0.0,https://www.loger-dakar.com/Bien/appartement-f3-a-louer-a-ngor-derriere-la-madrague/,1,799681.1320754717
loger-dakar,Appartement à louer à la cité Alioune Sow Mbao,200000.0,Autre,2.0,2.0,100.0,0.0,0.0,0.0,https://www.loger-dakar.com/Bien/appartement-a-louer-a-la-cite-alioune-sow-mbao/,1,639511.9856115108
loger-dakar,Appartement F3 à louer à sacré coeur 3,350000.0,Autre,2.0,2.0,100.0,0.0,0.0,0.0,https://www.loger-dakar.com/Bien/appartement-f3-a-louer-a-sacre-coeur-3/,1,639511.9856115108
loger-dakar,Point E appartement F4 3 chambres salon à louer,1000000.0,Point E,3.0,3.0,140.0,0.0,0.0,0.0,https://www.loger-dakar.com/Bien/point-e-appartement-f4-3-chambres-salon-a-louer/,1,1003072.2891566266
loger-dakar,Mermoz Sotrac villa R+2 à louer 5 chambres salon,1300000.0,Mermoz,5.0,4.0,220.0,0.0,0.0,0.0,https://www.loger-dakar.com/Bien/mermoz-sotrac-villa-r2-a-louer-5-chambres-salon/,1,1032668.5082872928
loger-dakar,À louer – Belle villa meublée 6 chb à saly,300000.0,Autre,6.0,6.0,260.0,1.0,0.0,0.0,https://www.loger-dakar.com/Bien/a-louer-belle-villa-meublee-6-chb-a-saly/,1,639511.9856115108
loger-dakar,Bel appartement meublé F2 à louer au point E,1000000.0,Point E,1.0,1.0,60.0,1.0,0.0,0.0,https://www.loger-dakar.com/Bien/bel-appartement-meuble-f2-a-louer-au-point-e-7/,1,1003072.2891566266
loger-dakar,Bel appartement F4 neuf à louer à Sud Foire sur la vdn,750000.0,Autre,3.0,3.0,140.0,0.0,0.0,1.0,https://www.loger-dakar.com/Bien/bel-appartement-f4-neuf-a-louer-a-sud-foire-sur-la-vdn/,1,639511.9856115108
loger-dakar,Almadies très belle appartement F4 vue sur mer à louer,1500000.0,Almadies,3.0,3.0,140.0,0.0,1.0,0.0,https://www.loger-dakar.com/Bien/almadies-tres-belle-appartement-f4-vue-sur-mer-a-louer/,1,1074463.5443349753
loger-dakar,Sotrac Mermoz appartement 2 chambres salon à louer,525000.0,Mermoz,2.0,2.0,100.0,0.0,0.0,0.0,https://www.loger-dakar.com/Bien/sotrac-mermoz-appartement-2-chambres-salon-a-louer-4/,1,1032668.5082872928
loger-dakar,Corniche des mamelles,2200000.0,Mamelles,5.0,5.0,220.0,0.0,0.0,0.0,https://www.loger-dakar.com/Bien/corniche-des-mamelles/,1,622633.1707317074
loger-dakar,Fan résidence,1200000.0,Autre,3.0,3.0,140.0,0.0,0.0,0.0,https://www.loger-dakar.com/Bien/fan-residence/,1,639511.9856115108
loger-dakar,Virage magnifique villa à louer,2500000.0,Ngor,5.0,5.0,220.0,0.0,0.0,0.0,https://www.loger-dakar.com/Bien/virage-magnifique-villa-a-louer/,1,799681.1320754717
loger-dakar,"À louer : Spacieuse villa R+1 avec grand jardin à Mbour 3, Thiès",600000.0,Autre,7.0,6.0,300.0,0.0,0.0,0.0,https://www.loger-dakar.com/Bien/a-louer-spacieuse-villa-r1-avec-grand-jardin-a-mbour-3-thies/,1,639511.9856115108
loger-dakar,Corniche ouakam appartement à louer 3 chambres salon,1300000.0,Ouakam,3.0,3.0,140.0,0.0,0.0,0.0,https://www.loger-dakar.com/Bien/corniche-ouakam-appartement-a-louer-3-chambres-salon/,1,740800.0
loger-dakar,Fan résidence appartement à louer 3 chambres salon balcon,2700000.0,Autre,3.0,3.0,140.0,0.0,0.0,0.0,https://www.loger-dakar.com/Bien/fan-residence-appartement-a-louer-3-chambres-salon-balcon-3/,1,639511.9856115108
loger-dakar,Fan résidence appartement à louer 3 chambres salon balcon,3500000.0,Autre,3.0,3.0,140.0,0.0,0.0,0.0,https://www.loger-dakar.com/Bien/fan-residence-appartement-a-louer-3-chambres-salon-balcon-2/,1,639511.9856115108
loger-dakar,Fan résidence appartement à louer 3 chambres salon balcon,3500000.0,Autre,3.0,3.0,140.0,0.0,0.0,0.0,https://www.loger-dakar.com/Bien/fan-residence-appartement-a-louer-3-chambres-salon-balcon/,1,639511.9856115108
loger-dakar,Villa à louer Almadies,1800000.0,Almadies,0.0,1.0,20.0,0.0,0.0,0.0,https://www.loger-dakar.com/Bien/villa-a-louer-almadies-2/,1,1074463.5443349753
loger-dakar,Villa à louer Almadies,2000000.0,Almadies,0.0,1.0,20.0,0.0,0.0,0.0,https://www.loger-dakar.com/Bien/villa-a-louer-almadies/,1,1074463.5443349753
loger-dakar,Villa à louer point E,2000000.0,Point E,0.0,1.0,20.0,0.0,0.0,0.0,https://www.loger-dakar.com/Bien/villa-a-louer-point-e-2/,1,1003072.2891566266
loger-dakar,Villa à louer point E,2000000.0,Point E,0.0,1.0,20.0,0.0,0.0,0.0,https://www.loger-dakar.com/Bien/villa-a-louer-point-e/,1,1003072.2891566266
loger-dakar,Appartement à louer à Malicounda SN,135000.0,Autre,3.0,2.0,140.0,0.0,0.0,0.0,https://www.loger-dakar.com/Bien/appartement-a-louer-a-malicounda-sn/,1,639511.9856115108
loger-dakar,Appartement neuf 3 chambres – Almadies (RDC),550000.0,Almadies,3.0,3.0,140.0,0.0,0.0,1.0,https://www.loger-dakar.com/Bien/appartement-neuf-3-chambres-almadies-rdc/,1,1074463.5443349753
loger-dakar,STUDIO À LOUER SCAT URBAM,175000.0,Autre,1.0,2.0,60.0,0.0,0.0,0.0,https://www.loger-dakar.com/Bien/studio-a-louer-scat-urbam/,1,639511.9856115108
loger-dakar,Mermoz Sotrac appartement à louer 2 chambres salon,900000.0,Mermoz,2.0,2.0,100.0,0.0,0.0,0.0,https://www.loger-dakar.com/Bien/mermoz-sotrac-appartement-a-louer-2-chambres-salon/,1,1032668.5082872928
loger-dakar,À louer : Belle villa meublée F5 au sein de la Résidence Le Golf,1200000.0,Autre,4.0,4.0,180.0,1.0,0.0,0.0,https://www.loger-dakar.com/Bien/a-louer-belle-villa-meublee-f5-au-sein-de-la-residence-le-golf/,1,639511.9856115108
loger-dakar,YOFF grand Villa 400m² R+2 à louer 8 chambres salon,1500000.0,Yoff,8.0,8.0,340.0,0.0,0.0,0.0,https://www.loger-dakar.com/Bien/yoff-grand-villa-400m%c2%b2-r2-a-louer-8-chambres-salon/,1,528798.4732824428
loger-dakar,Studio F2 lumineux à louer à ngor,225000.0,Ngor,1.0,1.0,60.0,0.0,0.0,0.0,https://www.loger-dakar.com/Bien/studio-f2-lumineux-a-louer-a-ngor/,1,799681.1320754717
loger-dakar,Ouakam très belle duplex F4 à louer,800000.0,Ouakam,3.0,3.0,140.0,0.0,0.0,0.0,https://www.loger-dakar.com/Bien/ouakam-tres-belle-duplex-f4-a-louer/,1,740800.0
loger-dakar,🏠 À LOUER – GRAND DUPLEX F4 À OUAKAM,800000.0,Ouakam,3.0,3.0,140.0,0.0,0.0,0.0,https://www.loger-dakar.com/Bien/%f0%9f%8f%a0-a-louer-grand-duplex-f4-a-ouakam/,1,740800.0
loger-dakar,Scat urbam appartement à louer 3 chambres salon,450000.0,Autre,3.0,3.0,140.0,0.0,0.0,0.0,https://www.loger-dakar.com/Bien/scat-urbam-appartement-a-louer-3-chambres-salon/,1,639511.9856115108
loger-dakar,Appartement à louer aux Mamelles,950000.0,Mamelles,3.0,3.0,140.0,0.0,0.0,0.0,https://www.loger-dakar.com/Bien/appartement-a-louer-aux-mamelles-5/,1,622633.1707317074
loger-dakar,Appartement 3 pièces à Louer près du TER Villeneuve Mbao,160000.0,Autre,2.0,1.0,100.0,0.0,0.0,0.0,https://www.loger-dakar.com/Bien/appartement-3-pieces-a-louer-pres-du-ter-villeneuve-mbao/,1,639511.9856115108
loger-dakar,Waterfront – Confort premium & plage privée,120000.0,Autre,2.0,2.0,100.0,0.0,0.0,0.0,https://www.loger-dakar.com/Bien/waterfront-confort-premium-plage-privee/,1,639511.9856115108
loger-dakar,Magnifique F4_Mermoz,1100000.0,Mermoz,3.0,3.0,140.0,0.0,0.0,0.0,https://www.loger-dakar.com/Bien/magnifique-f4_mermoz/,1,1032668.5082872928
loger-dakar,Superbe F4 aux Almadies,1400000.0,Almadies,3.0,3.0,140.0,0.0,0.0,0.0,https://www.loger-dakar.com/Bien/superbe-f4-aux-almadies/,1,1074463.5443349753
loger-dakar,Virage villa à louer R+2 6 chambres salon,2000000.0,Ngor,5.0,5.0,220.0,0.0,0.0,0.0,https://www.loger-dakar.com/Bien/virage-villa-a-louer-r2-6-chambres-salon-2/,1,799681.1320754717
loger-dakar,APPARTEMENT F4 À LOUER OUAKAM EXTENSION,750000.0,Ouakam,3.0,4.0,140.0,0.0,0.0,0.0,https://www.loger-dakar.com/Bien/appartement-f4-a-louer-ouakam-extension/,1,740800.0
loger-dakar,APPARTEMENT F3 À LOUER MAMELLES,300000.0,Mamelles,2.0,2.0,100.0,0.0,0.0,0.0,https://www.loger-dakar.com/Bien/appartement-f3-a-louer-mamelles-8/,1,622633.1707317074
loger-dakar,APPARTEMENT F4 À LOUER MAMELLES,500000.0,Mamelles,3.0,4.0,140.0,0.0,0.0,0.0,https://www.loger-dakar.com/Bien/appartement-f4-a-louer-mamelles-18/,1,622633.1707317074
loger-dakar,APPARTEMENT F4 À LOUER DJILY MBAYE,300000.0,Autre,3.0,3.0,140.0,0.0,0.0,0.0,https://www.loger-dakar.com/Bien/appartement-f4-a-louer-djily-mbaye/,1,639511.9856115108
loger-dakar,MINI STUDIO À LOUER DJILY MBAYE,130000.0,Autre,1.0,1.0,60.0,0.0,0.0,0.0,https://www.loger-dakar.com/Bien/mini-studio-a-louer-djily-mbaye/,1,639511.9856115108
loger-dakar,STUDIO À LOUER DJILY MBAYE,150000.0,Autre,1.0,1.0,60.0,0.0,0.0,0.0,https://www.loger-dakar.com/Bien/studio-a-louer-djily-mbaye-2/,1,639511.9856115108
loger-dakar,STUDIO À LOUER DJILY MBAYE,200000.0,Autre,1.0,1.0,60.0,0.0,0.0,0.0,https://www.loger-dakar.com/Bien/studio-a-louer-djily-mbaye/,1,639511.9856115108
loger-dakar,STUDIO À LOUER VIRAGE,350000.0,Ngor,1.0,1.0,60.0,0.0,0.0,0.0,https://www.loger-dakar.com/Bien/studio-a-louer-virage/,1,799681.1320754717
loger-dakar,STUDIO À LOUER SICAP FOIRE,250000.0,Autre,1.0,1.0,60.0,0.0,0.0,0.0,https://www.loger-dakar.com/Bien/studio-a-louer-sicap-foire-3/,1,639511.9856115108
loger-dakar,APPARTEMENT F3 À SICAP FOIRE,300000.0,Autre,2.0,2.0,100.0,0.0,0.0,0.0,https://www.loger-dakar.com/Bien/appartement-f3-a-sicap-foire/,1,639511.9856115108
loger-dakar,STUDIO À LOUER NGOR-ALMADIES,300000.0,Almadies,1.0,1.0,60.0,0.0,0.0,0.0,https://www.loger-dakar.com/Bien/studio-a-louer-ngor-almadies-5/,1,1074463.5443349753
loger-dakar,APPARTEMENT F4 À LOUER CPI,600000.0,Autre,3.0,3.0,140.0,0.0,0.0,0.0,https://www.loger-dakar.com/Bien/appartement-f4-a-louer-cpi/,1,639511.9856115108
loger-dakar,Villa meublée 5 pièces à louer à Saly,180000.0,Autre,4.0,4.0,180.0,1.0,0.0,0.0,https://www.loger-dakar.com/Bien/villa-meublee-5-pieces-a-louer-a-saly-15/,1,639511.9856115108
loger-dakar,Appartement meublé F4 à louer aux almadies,750000.0,Almadies,3.0,3.0,140.0,1.0,0.0,0.0,https://www.loger-dakar.com/Bien/appartement-meuble-f4-a-louer-aux-almadies-2/,1,1074463.5443349753
loger-dakar,Appartement meublé F4 à louer à ngor-virage,1300000.0,Ngor,3.0,3.0,140.0,1.0,0.0,0.0,https://www.loger-dakar.com/Bien/appartement-meuble-f4-a-louer-a-ngor-virage-2/,1,799681.1320754717
loger-dakar,Studio F1 à louer aux almadies route king fahd palace,250000.0,Almadies,1.0,1.0,60.0,0.0,0.0,0.0,https://www.loger-dakar.com/Bien/studio-f1-a-louer-aux-almadies-route-king-fahd-palace/,1,1074463.5443349753
loger-dakar,Mermoz appartement 3 chambres salon meublé à louer,1800000.0,Mermoz,3.0,3.0,140.0,1.0,0.0,0.0,https://www.loger-dakar.com/Bien/mermoz-appartement-3-chambres-salon-meuble-a-louer/,1,1032668.5082872928
loger-dakar,Magasin à louer au virage (route secondaire de la brioche dorée),250000.0,Ngor,1.0,1.0,60.0,0.0,0.0,0.0,https://www.loger-dakar.com/Bien/magasin-a-louer-au-virage-route-secondaire-de-la-brioche-doree/,1,799681.1320754717
loger-dakar,Villa meublée en résidence à louer à saly,1000000.0,Autre,3.0,3.0,140.0,1.0,0.0,0.0,https://www.loger-dakar.com/Bien/villa-meublee-en-residence-a-louer-a-saly/,1,639511.9856115108
loger-dakar,Villa à louer 3 chambres salon bambilor,250000.0,Autre,3.0,3.0,140.0,0.0,0.0,0.0,https://www.loger-dakar.com/Bien/villa-a-louer-3-chambres-salon-bambilor/,1,639511.9856115108
loger-dakar,Bel appartement meublé F2 à louer au point E,1000000.0,Point E,1.0,1.0,60.0,1.0,0.0,0.0,https://www.loger-dakar.com/Bien/bel-appartement-meuble-f2-a-louer-au-point-e-6/,1,1003072.2891566266
loger-dakar,Appartement meublé F4 à louer aux almadies,750000.0,Almadies,3.0,3.0,140.0,1.0,0.0,0.0,https://www.loger-dakar.com/Bien/appartement-meuble-f4-a-louer-aux-almadies/,1,1074463.5443349753
loger-dakar,Appartement à louer 3 chambres salon au Mermoz,1000000.0,Mermoz,3.0,3.0,140.0,0.0,0.0,0.0,https://www.loger-dakar.com/Bien/appartement-a-louer-3-chambres-salon-au-mermoz/,1,1032668.5082872928
loger-dakar,Appartement à louer 3 chambres salon au Almadies,550000.0,Almadies,3.0,4.0,140.0,0.0,0.0,0.0,https://www.loger-dakar.com/Bien/appartement-a-louer-3-chambres-salon-au-almadies/,1,1074463.5443349753
loger-dakar,Appartement 2 chambres salon virage,600000.0,Ngor,2.0,3.0,100.0,0.0,0.0,0.0,https://www.loger-dakar.com/Bien/appartement-2-chambres-salon-virage/,1,799681.1320754717
loger-dakar,Almadies Villa R+2 à louer 7 chambres,1500000.0,Almadies,7.0,8.0,300.0,0.0,0.0,0.0,https://www.loger-dakar.com/Bien/almadies-villa-r2-a-louer-7-chambres/,1,1074463.5443349753
loger-dakar,Sacré cœur VDN villa R+2 à louer 5 chambres,1000000.0,Autre,5.0,4.0,220.0,0.0,0.0,0.0,https://www.loger-dakar.com/Bien/sacre-coeur-vdn-villa-r2-a-louer-5-chambres/,1,639511.9856115108
loger-dakar,Appartement Meublé F2 à Louer – Saly (Longue Durée),200000.0,Autre,1.0,1.0,60.0,1.0,0.0,0.0,https://www.loger-dakar.com/Bien/appartement-meuble-f2-a-louer-saly-longue-duree/,1,639511.9856115108
loger-dakar,APPARTEMENT DE TYPE F4 À LOUER À KARACK,650000.0,Autre,3.0,4.0,140.0,0.0,0.0,0.0,https://www.loger-dakar.com/Bien/appartement-de-type-f4-a-louer-a-karack/,1,639511.9856115108
loger-dakar,Appartement à louer,350000.0,Autre,2.0,2.0,100.0,0.0,0.0,0.0,https://www.loger-dakar.com/Bien/appartement-a-louer-44/,1,639511.9856115108
loger-dakar,APPARTEMENT F2 À LOUER A MERMOZ SOUROK,550000.0,Mermoz,1.0,2.0,60.0,0.0,0.0,0.0,https://www.loger-dakar.com/Bien/appartement-f2-a-louer-a-mermoz-sourok/,1,1032668.5082872928
loger-dakar,STUDIO À LOUER SIPRES 2,310800.0,Autre,1.0,1.0,60.0,0.0,0.0,0.0,https://www.loger-dakar.com/Bien/studio-a-louer-sipres-2/,1,639511.9856115108
loger-dakar,Appartement meublé F2 avec terrasse privée à louer aux almadies,650000.0,Almadies,1.0,1.0,60.0,1.0,0.0,0.0,https://www.loger-dakar.com/Bien/appartement-meuble-f2-avec-terrasse-privee-a-louer-aux-almadies-2/,1,1074463.5443349753
loger-dakar,Grand magasin de superficie 150 m² à louer à liberté 5,900000.0,Sicap,1.0,1.0,60.0,0.0,0.0,0.0,https://www.loger-dakar.com/Bien/grand-magasin-de-superficie-150-m%c2%b2-a-louer-a-liberte-5/,1,559881.25
loger-dakar,Grand magasin de superficie 150 m² à louer à liberté 5,250000.0,Sicap,1.0,1.0,60.0,0.0,0.0,0.0,https://www.loger-dakar.com/Bien/magasin-a-louer-a-liberte-6-extension-4/,1,559881.25
loger-dakar,Duplex meublé F3 avec piscine à louer aux almadies,1300000.0,Almadies,2.0,2.0,100.0,1.0,0.0,0.0,https://www.loger-dakar.com/Bien/duplex-meuble-f3-avec-piscine-a-louer-aux-almadies/,1,1074463.5443349753
loger-dakar,Appartement F4 à louer au virage,500000.0,Ngor,3.0,3.0,140.0,0.0,0.0,0.0,https://www.loger-dakar.com/Bien/appartement-f4-a-louer-au-virage-5/,1,799681.1320754717
loger-dakar,Appartement Fann-hock,200000.0,Autre,2.0,2.0,100.0,0.0,0.0,0.0,https://www.loger-dakar.com/Bien/appartement-fann-hock-3/,1,639511.9856115108
loger-dakar,APPARTEMENT F3 ENTRÉE SALON À LOUER SICAP FOIRE,350000.0,Autre,2.0,3.0,100.0,0.0,0.0,0.0,https://www.loger-dakar.com/Bien/appartement-f3-entree-salon-a-louer-sicap-foire/,1,639511.9856115108
loger-dakar,Sicap amitié,400000.0,Autre,3.0,3.0,140.0,0.0,0.0,0.0,https://www.loger-dakar.com/Bien/sicap-amitie/,1,639511.9856115108
loger-dakar,APPARTEMENT DE TYPE F3 À LOUER LIBERTÉ 6 EXTENSION,450000.0,Sicap,2.0,3.0,100.0,0.0,0.0,0.0,https://www.loger-dakar.com/Bien/appartement-de-type-f3-a-louer-liberte-6-extension/,1,559881.25
loger-dakar,Magnifique appartement à louer au Point E,1000000.0,Point E,3.0,2.0,140.0,0.0,0.0,0.0,https://www.loger-dakar.com/Bien/magnifique-appartement-a-louer-au-point-e/,1,1003072.2891566266
loger-dakar,Villa à louer à Sud Foire,800000.0,Autre,4.0,5.0,180.0,0.0,0.0,0.0,https://www.loger-dakar.com/Bien/villa-a-louer-a-sud-foire/,1,639511.9856115108
loger-dakar,Appartement meublé F2 à louer sur corniche ouest baie de Ouakam,550000.0,Ouakam,1.0,1.0,60.0,1.0,0.0,0.0,https://www.loger-dakar.com/Bien/appartement-meuble-f2-a-louer-sur-corniche-ouest-baie-de-ouakam/,1,740800.0
loger-dakar,Appartement 3 chambres salon virage,800000.0,Ngor,3.0,3.0,140.0,0.0,0.0,0.0,https://www.loger-dakar.com/Bien/appartement-3-chambres-salon-virage/,1,799681.1320754717
loger-dakar,📍 Virage – Appartement à louer,800000.0,Ngor,3.0,3.0,140.0,0.0,0.0,0.0,https://www.loger-dakar.com/Bien/%f0%9f%93%8d-virage-appartement-a-louer/,1,799681.1320754717
loger-dakar,Appartement à louer – Mamelles 3 chambres,550000.0,Mamelles,3.0,3.0,140.0,0.0,0.0,0.0,https://www.loger-dakar.com/Bien/appartement-a-louer-mamelles-3-chambres/,1,622633.1707317074
loger-dakar,À LOUER – Appartement F2 en duplex aux Almadies,250000.0,Almadies,1.0,1.0,60.0,0.0,0.0,0.0,https://www.loger-dakar.com/Bien/a-louer-bel-appartement-f2-en-duplex-aux-almadies/,1,1074463.5443349753
loger-dakar,"Le cadre parfait pour vos vacances, mariages ou séminaires – Villa pieds dans l’eau à Ngaparou",300000.0,Autre,5.0,5.0,220.0,0.0,0.0,0.0,https://www.loger-dakar.com/Bien/le-cadre-parfait-pour-vos-vacances-mariages-ou-seminaires-villa-pieds-dans-leau-a-ngaparou-2/,1,639511.9856115108
loger-dakar,A louer – Bureaux spacieux F4 à ngor ( 1ere ligne),1200000.0,Ngor,3.0,2.0,140.0,0.0,0.0,0.0,https://www.loger-dakar.com/Bien/a-louer-bureaux-spacieux-f4-a-ngor-1ere-ligne/,1,799681.1320754717
loger-dakar,À LOUER – Appartement f3 aux lmadies,450000.0,Autre,2.0,2.0,100.0,0.0,0.0,0.0,https://www.loger-dakar.com/Bien/a-louer-appartement-f3-aux-lmadies/,1,639511.9856115108
loger-dakar,Villa meublée 5 pièces à louer à saly niakh niakhal,200000.0,Autre,4.0,4.0,180.0,1.0,0.0,0.0,https://www.loger-dakar.com/Bien/villa-meublee-5-pieces-a-louer-a-saly-niakh-niakhal/,1,639511.9856115108
loger-dakar,Apparemment F5,150000.0,Autre,5.0,2.0,220.0,0.0,0.0,0.0,https://www.loger-dakar.com/Bien/apparemment-f5/,1,639511.9856115108
loger-dakar,Magnifique appartement à louer à Kounoune,250000.0,Autre,3.0,2.0,140.0,0.0,0.0,0.0,https://www.loger-dakar.com/Bien/magnifique-appartement-a-louer-a-kounoune/,1,639511.9856115108
loger-dakar,Appartement meublé F4 à louer au point E sur l’avenue Cheikh Anta Diop,1100000.0,Point E,3.0,2.0,140.0,1.0,0.0,0.0,https://www.loger-dakar.com/Bien/appartement-meuble-f4-a-louer-au-point-e-sur-lavenue-cheikh-anta-diop/,1,1003072.2891566266
loger-dakar,Belle villa meublée 5 pièces avec Piscine Privée à saly,200000.0,Autre,4.0,4.0,180.0,1.0,0.0,0.0,https://www.loger-dakar.com/Bien/belle-villa-meublee-avec-piscine-privee-a-saly/,1,639511.9856115108
loger-dakar,Superbe appartement F5 meublé – Vue mer – 5ᵉ étage – Virage,150000.0,Ngor,4.0,4.0,180.0,1.0,1.0,0.0,https://www.loger-dakar.com/Bien/superbe-appartement-f5-meuble-vue-mer-5%e1%b5%89-etage-virage/,1,799681.1320754717
loger-dakar,Belle villa villa meublée 6 pièces avec piscine privée,400000.0,Autre,5.0,5.0,220.0,1.0,0.0,0.0,https://www.loger-dakar.com/Bien/belle-villa-villa-meublee-6-pieces-avec-piscine-privee/,1,639511.9856115108
loger-dakar,Local commercial fonctionnel au virage,300000.0,Ngor,1.0,1.0,60.0,0.0,0.0,0.0,https://www.loger-dakar.com/Bien/local-commercial-fonctionnel-au-virage-4/,1,799681.1320754717
loger-dakar,À louer à la somone – Belle villa meublée de 7 pièces avec piscine,400000.0,Autre,6.0,6.0,260.0,1.0,0.0,0.0,https://www.loger-dakar.com/Bien/a-louer-a-la-somone-belle-villa-meublee-de-7-pieces-avec-piscine/,1,639511.9856115108
loger-dakar,À louer – Appartement F2 meublé aux Almadies,450000.0,Almadies,1.0,1.0,60.0,1.0,0.0,0.0,https://www.loger-dakar.com/Bien/a-louer-appartement-f2-meuble-aux-almadies/,1,1074463.5443349753
loger-dakar,Spacieux appartement neuf à Cite Gendarmerie2 Keur Massar,165000.0,Autre,3.0,3.0,140.0,0.0,0.0,1.0,https://www.loger-dakar.com/Bien/spacieux-appartement-neuf-a-cite-gendarmerie2-keur-massar/,1,639511.9856115108
loger-dakar,4 chambres salon meubles à louer ngor almadie hez katia,1600000.0,Ngor,4.0,3.0,180.0,0.0,0.0,0.0,https://www.loger-dakar.com/Bien/4-chambres-salon-meubles-a-louer-ngor-almadie-hez-katia/,1,799681.1320754717
loger-dakar,APPARTEMENT F4 À LOUER ALMADIES,900000.0,Almadies,3.0,4.0,140.0,0.0,0.0,0.0,https://www.loger-dakar.com/Bien/appartement-f4-a-louer-almadies-4/,1,1074463.5443349753
loger-dakar,APPARTEMENT F4 À LOUER MAMELLES,550000.0,Mamelles,3.0,4.0,140.0,0.0,0.0,0.0,https://www.loger-dakar.com/Bien/appartement-f4-a-louer-mamelles-17/,1,622633.1707317074
loger-dakar,Spacieux appartement à louer aux Maristes,500000.0,Hann Maristes,3.0,2.0,140.0,0.0,0.0,0.0,https://www.loger-dakar.com/Bien/spacieux-appartement-a-louer-aux-maristes/,1,432187.5
loger-dakar,Apartement F4 à louer aux almadies,550000.0,Almadies,3.0,3.0,140.0,0.0,0.0,0.0,https://www.loger-dakar.com/Bien/apartement-f4-a-louer-aux-almadies/,1,1074463.5443349753
loger-dakar,APPARTEMENT F4 À LOUER NGOR-ALMADIES,800000.0,Almadies,3.0,4.0,140.0,0.0,0.0,0.0,https://www.loger-dakar.com/Bien/appartement-f4-a-louer-ngor-almadies-14/,1,1074463.5443349753
loger-dakar,APPARTEMENT F4 À LOUER NGOR-ALMADIES,500000.0,Almadies,3.0,3.0,140.0,0.0,0.0,0.0,https://www.loger-dakar.com/Bien/appartement-f4-a-louer-ngor-almadies-13/,1,1074463.5443349753
loger-dakar,Bel appartement meublé F2 à louer à yoff-virage,600000.0,Ngor,1.0,1.0,60.0,1.0,0.0,0.0,https://www.loger-dakar.com/Bien/bel-appartement-meuble-f2-a-louer-a-yoff-virage/,1,799681.1320754717
loger-dakar,Appartement F4 à louer aux mamelles,500000.0,Mamelles,3.0,3.0,140.0,0.0,0.0,0.0,https://www.loger-dakar.com/Bien/appartement-f4-a-louer-aux-mamelles-2/,1,622633.1707317074
loger-dakar,Appartement F4 à louer cité Mourtada,500000.0,Autre,3.0,4.0,140.0,0.0,0.0,0.0,https://www.loger-dakar.com/Bien/appartement-f4-a-louer-cite-mourtada/,1,639511.9856115108
loger-dakar,DUPLEX À LOUER AUX MAMELLES,800000.0,Mamelles,4.0,4.0,180.0,0.0,0.0,0.0,https://www.loger-dakar.com/Bien/duplex-a-louer-aux-mamelles-2/,1,622633.1707317074
loger-dakar,APPARTEMENT F4 À LOUER MAMELLES,600000.0,Mamelles,3.0,4.0,140.0,0.0,0.0,0.0,https://www.loger-dakar.com/Bien/appartement-f4-a-louer-mamelles-16/,1,622633.1707317074
loger-dakar,Appartement neuf F4 moderne à ngor-virage,600000.0,Ngor,3.0,3.0,140.0,0.0,0.0,1.0,https://www.loger-dakar.com/Bien/appartement-neuf-f4-moderne-a-ngor-virage/,1,799681.1320754717
loger-dakar,APPARTEMENT F3 À LOUER SCAT URBAM,300000.0,Autre,2.0,2.0,100.0,0.0,0.0,0.0,https://www.loger-dakar.com/Bien/appartement-f3-a-louer-scat-urbam/,1,639511.9856115108
loger-dakar,APPARTEMENT F4 À LOUER NGOR-ALMADIES,700000.0,Almadies,3.0,4.0,140.0,0.0,0.0,0.0,https://www.loger-dakar.com/Bien/appartement-f4-a-louer-ngor-almadies-12/,1,1074463.5443349753
loger-dakar,LOCATION À USAGE BUREAU NORD FOIRE,800000.0,Yoff,2.0,3.0,100.0,0.0,0.0,0.0,https://www.loger-dakar.com/Bien/location-a-usage-bureau-nord-foire/,1,528798.4732824428
loger-dakar,APPARTEMENT F4 À LOUER VIRAGE,1200000.0,Ngor,3.0,4.0,140.0,0.0,0.0,0.0,https://www.loger-dakar.com/Bien/appartement-f4-a-louer-virage/,1,799681.1320754717
loger-dakar,APPARTEMENT F4 À LOUER YOFF ONOMO,600000.0,Yoff,3.0,4.0,140.0,0.0,0.0,0.0,https://www.loger-dakar.com/Bien/appartement-f4-a-louer-yoff-onomo/,1,528798.4732824428
loger-dakar,APPARTEMENT F4 À LOUER BIAGUI,500000.0,Autre,3.0,4.0,140.0,0.0,0.0,0.0,https://www.loger-dakar.com/Bien/appartement-f4-a-louer-biagui/,1,639511.9856115108
loger-dakar,APPARTEMENT F3 À LOUER OUEST FOIRE,275000.0,Yoff,2.0,2.0,100.0,0.0,0.0,0.0,https://www.loger-dakar.com/Bien/appartement-f3-a-louer-ouest-foire-4/,1,528798.4732824428
loger-dakar,Appartement f3 à louer aux Almadies vue sur Mer,1000000.0,Almadies,2.0,3.0,100.0,0.0,1.0,0.0,https://www.loger-dakar.com/Bien/appartement-f3-a-louer-aux-almadies-vue-sur-mer/,1,1074463.5443349753
loger-dakar,APPARTEMENT F3 À LOUER NGOR ALMADIES,425000.0,Almadies,2.0,3.0,100.0,0.0,0.0,0.0,https://www.loger-dakar.com/Bien/appartement-f3-a-louer-ngor-almadies-8/,1,1074463.5443349753
loger-dakar,MINI STUDIO À LOUER NGOR-ALMADIES,200000.0,Almadies,1.0,1.0,60.0,0.0,0.0,0.0,https://www.loger-dakar.com/Bien/mini-studio-a-louer-ngor-almadies/,1,1074463.5443349753
loger-dakar,APPARTEMENT F3 À LOUER NGOR ALMADIES,375000.0,Almadies,2.0,2.0,100.0,0.0,0.0,0.0,https://www.loger-dakar.com/Bien/appartement-f3-a-louer-ngor-almadies-7/,1,1074463.5443349753
loger-dakar,APPARTEMENT F4 À LOUER NGOR-ALMADIES,650000.0,Almadies,3.0,4.0,140.0,0.0,0.0,0.0,https://www.loger-dakar.com/Bien/appartement-f4-a-louer-ngor-almadies-11/,1,1074463.5443349753
loger-dakar,Belle chambre meublée avec salle de bain à louer au virage,300000.0,Ngor,1.0,1.0,60.0,1.0,0.0,0.0,https://www.loger-dakar.com/Bien/belle-chambre-meublee-avec-salle-de-bain-a-louer-au-virage/,1,799681.1320754717
loger-dakar,Bel appartement F4 à louer au point E sur l’avenue Cheikh Anta Diop,1100000.0,Point E,3.0,2.0,140.0,0.0,0.0,0.0,https://www.loger-dakar.com/Bien/bel-appartement-f4-a-louer-au-point-e-sur-lavenue-cheikh-anta-diop/,1,1003072.2891566266
loger-dakar,Bel appartement meublé F2 au virage en face de la mer,600000.0,Ngor,1.0,1.0,60.0,1.0,0.0,0.0,https://www.loger-dakar.com/Bien/bel-appartement-meuble-f2-au-virage-en-face-de-la-mer/,1,799681.1320754717
loger-dakar,Appartement F2 à louer à ngor,200000.0,Ngor,1.0,1.0,60.0,0.0,0.0,0.0,https://www.loger-dakar.com/Bien/appartement-f2-a-louer-a-ngor-2/,1,799681.1320754717
loger-dakar,APPARTEMENT F5 À LOUER ALMADIES,1500000.0,Almadies,4.0,5.0,180.0,0.0,0.0,0.0,https://www.loger-dakar.com/Bien/appartement-f5-a-louer-almadies/,1,1074463.5443349753
loger-dakar,APPARTEMENT À LOUER AUX ALMADIES,1700000.0,Almadies,3.0,2.0,140.0,0.0,0.0,0.0,https://www.loger-dakar.com/Bien/appartement-a-louer-aux-almadies-6/,1,1074463.5443349753
loger-dakar,Appartement F4 moderne à louer à ngor-virage,600000.0,Ngor,3.0,3.0,140.0,0.0,0.0,0.0,https://www.loger-dakar.com/Bien/appartement-f4-moderne-a-louer-a-ngor-virage-2/,1,799681.1320754717
loger-dakar,À louer – Spacieux Appartement F4 à Yoff-Virage (1er étage),500000.0,Ngor,3.0,3.0,140.0,0.0,0.0,0.0,https://www.loger-dakar.com/Bien/a-louer-spacieux-appartement-f4-a-yoff-virage-1er-etage/,1,799681.1320754717
loger-dakar,STUDIO À LOUER NGOR ALMADIES,195000.0,Almadies,1.0,2.0,60.0,0.0,0.0,0.0,https://www.loger-dakar.com/Bien/studio-a-louer-ngor-almadies-4/,1,1074463.5443349753
loger-dakar,STUDIO À LOUER LIBERTÉ 3,400000.0,Sicap,1.0,2.0,60.0,0.0,0.0,0.0,https://www.loger-dakar.com/Bien/studio-a-louer-liberte-3/,1,559881.25
loger-dakar,Appartement F3 meublé – Pieds dans l’eau au Virage,1200000.0,Ngor,2.0,2.0,100.0,1.0,0.0,0.0,https://www.loger-dakar.com/Bien/appartement-f3-meuble-pieds-dans-leau-au-virage/,1,799681.1320754717
loger-dakar,Résidence à louer – Guéréo Timak,1100000.0,Autre,3.0,3.0,140.0,0.0,0.0,0.0,https://www.loger-dakar.com/Bien/residence-a-louer-guereo-timak/,1,639511.9856115108
loger-dakar,Villa à louer à Nord foire,900000.0,Yoff,4.0,5.0,180.0,0.0,0.0,0.0,https://www.loger-dakar.com/Bien/villa-a-louer-a-nord-foire/,1,528798.4732824428
loger-dakar,À LOUER – Villa R+2 à yoff-Djily Mbaye,800000.0,Yoff,5.0,3.0,220.0,0.0,0.0,0.0,https://www.loger-dakar.com/Bien/a-louer-villa-r2-a-yoff-djily-mbaye/,1,528798.4732824428
loger-dakar,APPARTEMENT F4 À LOUER CITÉ KEUR GORGUI,550000.0,Autre,3.0,3.0,140.0,0.0,0.0,0.0,https://www.loger-dakar.com/Bien/appartement-f4-a-louer-cite-keur-gorgui-2/,1,639511.9856115108
loger-dakar,STUDIO À LOUER MERMOZ,500000.0,Mermoz,1.0,2.0,60.0,0.0,0.0,0.0,https://www.loger-dakar.com/Bien/studio-a-louer-mermoz/,1,1032668.5082872928
loger-dakar,APPARTEMENT F4 À LOUER MERMOZ,1500000.0,Mermoz,3.0,4.0,140.0,0.0,0.0,0.0,https://www.loger-dakar.com/Bien/appartement-f4-a-louer-mermoz-11/,1,1032668.5082872928
loger-dakar,Villa Spacieuse de Standing à Louer – Nord Foire Azur,900000.0,Yoff,4.0,4.0,180.0,0.0,0.0,0.0,https://www.loger-dakar.com/Bien/villa-spacieuse-de-standing-a-louer-nord-foire-azur/,1,528798.4732824428
loger-dakar,APPARTEMENT F4 À LOUER MERMOZ,750000.0,Mermoz,3.0,4.0,140.0,0.0,0.0,0.0,https://www.loger-dakar.com/Bien/appartement-f4-a-louer-mermoz-10/,1,1032668.5082872928
loger-dakar,DUPLEX A LOUER À MERMOZ,900000.0,Mermoz,3.0,3.0,140.0,0.0,0.0,0.0,https://www.loger-dakar.com/Bien/duplex-a-louer-a-mermoz/,1,1032668.5082872928
loger-dakar,APPARTEMENT F4 À LOUER MERMOZ,650000.0,Mermoz,3.0,4.0,140.0,0.0,0.0,0.0,https://www.loger-dakar.com/Bien/appartement-f4-a-louer-mermoz-9/,1,1032668.5082872928
loger-dakar,APPARTEMENT F4 À LOUER MERMOZ,700000.0,Mermoz,3.0,4.0,140.0,0.0,0.0,0.0,https://www.loger-dakar.com/Bien/appartement-f4-a-louer-mermoz-8/,1,1032668.5082872928
loger-dakar,APPARTEMENT F4 À LOUER MERMOZ,650000.0,Mermoz,3.0,2.0,140.0,0.0,0.0,0.0,https://www.loger-dakar.com/Bien/appartement-f4-a-louer-mermoz-7/,1,1032668.5082872928
loger-dakar,Restaurant avec potentiel à exploiter – Le Virage,700000.0,Ngor,1.0,1.0,60.0,0.0,0.0,0.0,https://www.loger-dakar.com/Bien/restaurant-avec-potentiel-a-exploiter-le-virage/,1,799681.1320754717
loger-dakar,Bel Appartement meublé type F2 au Point e (quartier résidentiel très prisé),900000.0,Point E,1.0,2.0,60.0,1.0,0.0,0.0,https://www.loger-dakar.com/Bien/bel-appartement-meuble-type-f2-au-point-e-quartier-residentiel-tres-prise/,1,1003072.2891566266
loger-dakar,📍 Grand Appartement à Louer – Mermoz (derrière China Mall) Étage : 5ᵉ étage (sans ascenseur),600000.0,Mermoz,3.0,2.0,140.0,0.0,0.0,0.0,https://www.loger-dakar.com/Bien/%f0%9f%93%8d-grand-appartement-a-louer-mermoz-derriere-china-mall-etage-5%e1%b5%89-etage-sans-ascenseur/,1,1032668.5082872928
loger-dakar,"Appartement F5 Non Meublé – Résidence La Pointe, Mermoz",1700000.0,Mermoz,4.0,4.0,180.0,1.0,0.0,0.0,https://www.loger-dakar.com/Bien/appartement-f5-non-meuble-residence-la-pointe-mermoz/,1,1032668.5082872928
loger-dakar,Bel appartement F4 neuf à louer à Ouakam,350000.0,Ouakam,3.0,2.0,140.0,0.0,0.0,1.0,https://www.loger-dakar.com/Bien/bel-appartement-f4-neuf-a-louer-a-ouakam/,1,740800.0
loger-dakar,🏡APPARTEMENTS à louer dans un Immeuble Neuf R+5 – Ngor Virage,800000.0,Ngor,3.0,3.0,140.0,0.0,0.0,1.0,https://www.loger-dakar.com/Bien/%f0%9f%8f%a1appartements-a-louer-dans-un-immeuble-neuf-r5-ngor-virage/,1,799681.1320754717
loger-dakar,Magnifique appartement meublé à louer à Mermoz,600000.0,Mermoz,2.0,1.0,100.0,1.0,0.0,0.0,https://www.loger-dakar.com/Bien/magnifique-appartement-meuble-a-louer-a-mermoz/,1,1032668.5082872928
loger-dakar,APPARTEMENT F4 À LOUER MAMELLES,1500000.0,Mamelles,3.0,4.0,140.0,0.0,0.0,0.0,https://www.loger-dakar.com/Bien/appartement-f4-a-louer-mamelles-15/,1,622633.1707317074
loger-dakar,VILLA À LOUER CITÉ ASSEMBLÉE,900000.0,Autre,4.0,5.0,180.0,0.0,0.0,0.0,https://www.loger-dakar.com/Bien/villa-a-louer-cite-assemblee/,1,639511.9856115108
loger-dakar,APPARTEMENT F4 À LOUER OUAKAM,650000.0,Ouakam,2.0,2.0,100.0,0.0,0.0,0.0,https://www.loger-dakar.com/Bien/appartement-f4-a-louer-ouakam-7/,1,740800.0
loger-dakar,APPARTEMENT F4 À LOUER OUAKAM,350000.0,Ouakam,3.0,3.0,140.0,0.0,0.0,0.0,https://www.loger-dakar.com/Bien/appartement-f4-a-louer-ouakam-6/,1,740800.0
loger-dakar,MAGASIN À LOUER SIPRES 2 SUD-FOIRE,350000.0,Autre,0.0,1.0,20.0,0.0,0.0,0.0,https://www.loger-dakar.com/Bien/magasin-a-louer-sipres-2-sud-foire/,1,639511.9856115108
loger-dakar,APPARTEMENT F4 À LOUER À LA SIPRES 2,400000.0,Autre,3.0,2.0,140.0,0.0,0.0,0.0,https://www.loger-dakar.com/Bien/appartement-f4-a-louer-a-la-sipres-2/,1,639511.9856115108
loger-dakar,APPARTEMENT F4 À LOUER À LA CITÉ CSE,425000.0,Autre,3.0,4.0,140.0,0.0,0.0,0.0,https://www.loger-dakar.com/Bien/appartement-f4-a-louer-a-la-cite-cse/,1,639511.9856115108
loger-dakar,APPARTEMENT F4 À LOUER OUAKAM,375000.0,Ouakam,4.0,3.0,180.0,0.0,0.0,0.0,https://www.loger-dakar.com/Bien/appartement-f4-a-louer-ouakam-5/,1,740800.0
loger-dakar,APPARTEMENT AVEC PISCINE PRIVÉE A LOUER MAMELLES,1400000.0,Mamelles,3.0,4.0,140.0,0.0,0.0,0.0,https://www.loger-dakar.com/Bien/appartement-avec-piscine-privee-a-louer-mamelles/,1,622633.1707317074
loger-dakar,Villa 3 Chambres avec Piscine – Saly (Proche Institut Diambars & École Jacques Prévert),650000.0,Autre,3.0,3.0,140.0,0.0,0.0,0.0,https://www.loger-dakar.com/Bien/villa-3-chambres-avec-piscine-saly-proche-institut-diambars-ecole-jacques-prevert/,1,639511.9856115108
loger-dakar,Villa Meublée 3 Chambres avec Piscine – Saly René Merceron (Location Longue Durée),650000.0,Autre,3.0,3.0,140.0,1.0,0.0,0.0,https://www.loger-dakar.com/Bien/villa-meublee-3-chambres-avec-piscine-saly-rene-merceron-location-longue-duree/,1,639511.9856115108
loger-dakar,VILLA AVEC PISCINE A LOUER MERMOZ,1800000.0,Mermoz,3.0,3.0,140.0,0.0,0.0,0.0,https://www.loger-dakar.com/Bien/villa-avec-piscine-a-louer-mermoz-2/,1,1032668.5082872928
loger-dakar,STUDIO À LOUER MAMELLES,500000.0,Mamelles,1.0,1.0,60.0,0.0,0.0,0.0,https://www.loger-dakar.com/Bien/studio-a-louer-mamelles-6/,1,622633.1707317074
loger-dakar,APPARTEMENT F4 À LOUER MAMELLES,550000.0,Mamelles,3.0,3.0,140.0,0.0,0.0,0.0,https://www.loger-dakar.com/Bien/appartement-f4-a-louer-mamelles-14/,1,622633.1707317074
loger-dakar,APPARTEMENT F4 À LOUER CITÉ ATAYA,550000.0,Autre,3.0,3.0,140.0,0.0,0.0,0.0,https://www.loger-dakar.com/Bien/appartement-f4-a-louer-cite-ataya/,1,639511.9856115108
loger-dakar,Appartent F4 avec SDB dans chaque chambre – Ascenseur & Parking – Ngor-Virage (derrière Sénéguindia),600000.0,Ngor,3.0,3.0,140.0,0.0,0.0,0.0,https://www.loger-dakar.com/Bien/appartent-f4-avec-sdb-dans-chaque-chambre-ascenseur-parking-ngor-virage-derriere-seneguindia/,1,799681.1320754717
loger-dakar,Appartement F3 au 1er étage avec ascenseur – Le Virage,475000.0,Ngor,3.0,3.0,140.0,0.0,0.0,0.0,https://www.loger-dakar.com/Bien/appartement-f3-au-1er-etage-avec-ascenseur-le-virage/,1,799681.1320754717
loger-dakar,Mermoz 2chambres salon à louer,500000.0,Mermoz,5.0,5.0,220.0,0.0,0.0,0.0,https://www.loger-dakar.com/Bien/mermoz-2chambres-salon-a-louer/,1,1032668.5082872928
loger-dakar,Mermoz 2chambres salon à louer,800000.0,Mermoz,5.0,5.0,220.0,0.0,0.0,0.0,https://www.loger-dakar.com/Bien/villa-a-louer-mermoz/,1,1032668.5082872928
loger-dakar,Mermoz 2chambres salon à louer,450000.0,Mermoz,2.0,2.0,100.0,0.0,0.0,0.0,https://www.loger-dakar.com/Bien/studio-mermoz-standing/,1,1032668.5082872928
loger-dakar,📍 Point E – Appartement à louer,850000.0,Point E,3.0,3.0,140.0,0.0,0.0,0.0,https://www.loger-dakar.com/Bien/%f0%9f%93%8d-point-e-appartement-a-louer/,1,1003072.2891566266
loger-dakar,🏡 Grande Villa R+2 à Louer – Maristes (Derrière l’École Japonaise),1200000.0,Hann Maristes,6.0,6.0,260.0,0.0,0.0,0.0,https://www.loger-dakar.com/Bien/%f0%9f%8f%a1-grande-villa-r2-a-louer-maristes-derriere-lecole-japonaise/,1,432187.5
loger-dakar,À louer – Villa 3 chambres avec piscine à Saly,650000.0,Autre,3.0,3.0,140.0,0.0,0.0,0.0,https://www.loger-dakar.com/Bien/a-louer-villa-3-chambres-avec-piscine-a-saly/,1,639511.9856115108
loger-dakar,A louer – Appartement F4 aux almadies,900000.0,Almadies,4.0,4.0,180.0,0.0,0.0,0.0,https://www.loger-dakar.com/Bien/a-louer-appartement-f4-aux-almadies/,1,1074463.5443349753
loger-dakar,Vivez face à la mer au virage – Appartement meublé F2 tout le confort,600000.0,Ngor,1.0,1.0,60.0,1.0,0.0,0.0,https://www.loger-dakar.com/Bien/vivez-face-a-la-mer-au-virage-appartement-meuble-f2-tout-le-confort/,1,799681.1320754717
loger-dakar,À louer : Villa moderne 6 pièces à Saly – À 5 minutes de l’école française,1200000.0,Autre,4.0,4.0,180.0,0.0,0.0,0.0,https://www.loger-dakar.com/Bien/a-louer-villa-moderne-6-pieces-a-saly-a-5-minutes-de-lecole-francaise/,1,639511.9856115108
loger-dakar,Bel appartement meublé F4 au point E avenue Cheikh Anta Diop,1100000.0,Point E,3.0,2.0,140.0,1.0,0.0,0.0,https://www.loger-dakar.com/Bien/bel-appartement-meuble-f4-au-point-e-avenue-cheikh-anta-diop/,1,1003072.2891566266
loger-dakar,Appartement F2 meublé moderne neuf et lumineux à louer au point E,1000000.0,Point E,4.0,1.0,180.0,1.0,0.0,1.0,https://www.loger-dakar.com/Bien/appartement-f2-meuble-moderne-neuf-et-lumineux-a-louer-au-point-e/,1,1003072.2891566266
loger-dakar,APPARTEMENT F3 À LOUER SICAP FOIRE,310800.0,Autre,2.0,2.0,100.0,0.0,0.0,0.0,https://www.loger-dakar.com/Bien/appartement-f3-a-louer-sicap-foire-3/,1,639511.9856115108
loger-dakar,APPARTEMENT F4 À LOUER SICAP FOIRE,400000.0,Autre,3.0,2.0,140.0,0.0,0.0,0.0,https://www.loger-dakar.com/Bien/appartement-f4-a-louer-sicap-foire-2/,1,639511.9856115108
loger-dakar,APPARTEMENT F3 À LOUER SICAP FOIRE,275000.0,Autre,2.0,2.0,100.0,0.0,0.0,0.0,https://www.loger-dakar.com/Bien/appartement-f3-a-louer-sicap-foire-2/,1,639511.9856115108
loger-dakar,APPARTEMENT F3 À LOUER MAMELLES,450000.0,Mamelles,2.0,3.0,100.0,0.0,0.0,0.0,https://www.loger-dakar.com/Bien/appartement-f3-a-louer-mamelles-7/,1,622633.1707317074
loger-dakar,Appartement F4 moderne à louer à ngor-virage,600000.0,Ngor,3.0,3.0,140.0,0.0,0.0,0.0,https://www.loger-dakar.com/Bien/appartement-f4-moderne-a-louer-a-ngor-virage/,1,799681.1320754717
loger-dakar,Appartement F4 à louer aux Mamelles,400000.0,Mamelles,3.0,3.0,140.0,0.0,0.0,0.0,https://www.loger-dakar.com/Bien/appartement-f4-a-louer-aux-mamelles/,1,622633.1707317074
loger-dakar,Charmante villa meublée 5 pièces – Confort et tranquillité au cœur de la petite côte,1100000.0,Autre,4.0,4.0,180.0,1.0,0.0,0.0,https://www.loger-dakar.com/Bien/charmante-villa-meublee-5-pieces-confort-et-tranquillite-au-coeur-de-la-petite-cote/,1,639511.9856115108
loger-dakar,🏠 Appartement (F5) 4 chambres salon à louer à Mermoz,850000.0,Mermoz,4.0,3.0,180.0,0.0,0.0,0.0,https://www.loger-dakar.com/Bien/%f0%9f%8f%a0-appartement-f5-4-chambres-salon-a-louer-a-mermoz/,1,1032668.5082872928
loger-dakar,Magasin avec espace extérieur à louer à yoff-virage,400000.0,Ngor,1.0,1.0,60.0,0.0,0.0,0.0,https://www.loger-dakar.com/Bien/magasin-avec-espace-exterieur-a-louer-a-yoff-virage/,1,799681.1320754717
loger-dakar,"Le cadre parfait pour vos vacances, mariages ou séminaires – Villa pieds dans l’eau à Ngaparou",300000.0,Autre,5.0,5.0,220.0,0.0,0.0,0.0,https://www.loger-dakar.com/Bien/le-cadre-parfait-pour-vos-vacances-mariages-ou-seminaires-villa-pieds-dans-leau-a-ngaparou/,1,639511.9856115108
loger-dakar,Appartement F4 meublé à louer à Ouakam corniche ouest,550000.0,Ouakam,3.0,2.0,140.0,1.0,0.0,0.0,https://www.loger-dakar.com/Bien/appartement-f4-meuble-a-louer-a-ouakam-corniche-ouest/,1,740800.0
loger-dakar,Vue imprenable et confort absolu – appartement F4 à point E,1200000.0,Point E,3.0,3.0,140.0,0.0,0.0,0.0,https://www.loger-dakar.com/Bien/vue-imprenable-et-confort-absolu-appartement-f4-a-point-e/,1,1003072.2891566266
loger-dakar,Magasin à louer – Grande Route de Ngor (proche du stade),500000.0,Ngor,1.0,1.0,60.0,0.0,0.0,0.0,https://www.loger-dakar.com/Bien/magasin-a-louer-grande-route-de-ngor-proche-du-stade/,1,799681.1320754717
loger-dakar,APPARTEMENT F4 À LOUER MAMELLES,600000.0,Mamelles,3.0,4.0,140.0,0.0,0.0,0.0,https://www.loger-dakar.com/Bien/appartement-f4-a-louer-mamelles-13/,1,622633.1707317074
loger-dakar,APPARTEMENT F4 À LOUER NGOR ALMADIES,700000.0,Almadies,3.0,4.0,140.0,0.0,0.0,0.0,https://www.loger-dakar.com/Bien/appartement-f4-a-louer-ngor-almadies-10/,1,1074463.5443349753
loger-dakar,Appartement F3 à louer – Cité Damel,300000.0,Autre,2.0,2.0,100.0,0.0,0.0,0.0,https://www.loger-dakar.com/Bien/appartement-f3-a-louer-cite-damel/,1,639511.9856115108
loger-dakar,APPARTEMENT F4 À LOUER HANN MARISTES 1,700000.0,Hann Maristes,3.0,4.0,140.0,0.0,0.0,0.0,https://www.loger-dakar.com/Bien/appartement-f4-a-louer-hann-maristes-1/,1,432187.5
loger-dakar,STUDIO NEUF À SIPRES VDN,350000.0,Autre,1.0,1.0,60.0,0.0,0.0,1.0,https://www.loger-dakar.com/Bien/studio-neuf-a-sipres-vdn/,1,639511.9856115108
loger-dakar,APPARTEMENTS NEUF DE TYPE F3 et F5 À SIPRES VDN,600000.0,Autre,3.0,3.0,140.0,0.0,0.0,1.0,https://www.loger-dakar.com/Bien/appartements-neuf-de-type-f3-et-f5-a-sipres-vdn/,1,639511.9856115108
loger-dakar,APPARTEMENT F3 À LOUER NORD FOIRE,350000.0,Yoff,2.0,2.0,100.0,0.0,0.0,0.0,https://www.loger-dakar.com/Bien/appartement-f3-a-louer-nord-foire-4/,1,528798.4732824428
loger-dakar,APPARTEMENT F3 À LOUER NORD FOIRE,300000.0,Yoff,2.0,2.0,100.0,0.0,0.0,0.0,https://www.loger-dakar.com/Bien/appartement-f3-a-louer-nord-foire-3/,1,528798.4732824428
loger-dakar,Villa Meublée avec Piscine et Jardin à Yoff cité Djilly Mbaye– Confort et Tranquillité,250000.0,Yoff,5.0,5.0,220.0,1.0,0.0,0.0,https://www.loger-dakar.com/Bien/villa-meublee-avec-piscine-et-jardin-a-yoff-cite-djilly-mbaye-confort-et-tranquillite/,1,528798.4732824428
loger-dakar,Appartement meublé f4 aux Almadies – derrière l’ancienne Gondole,750000.0,Almadies,3.0,3.0,140.0,1.0,0.0,0.0,https://www.loger-dakar.com/Bien/appartement-meuble-f4-aux-almadies-derriere-lancienne-gondole/,1,1074463.5443349753
loger-dakar,"Villa d’exception à Ngaparou – Idéale pour les grandes familles, groupes d’amis ou séjours professionnels",400000.0,Autre,9.0,9.0,380.0,0.0,0.0,0.0,https://www.loger-dakar.com/Bien/villa-dexception-a-ngaparou-ideale-pour-les-grandes-familles-groupes-damis-ou-sejours-professionnels/,1,639511.9856115108
loger-dakar,Appartement F4 meublé à louer à liberté 6 extension,560000.0,Sicap,3.0,2.0,140.0,1.0,0.0,0.0,https://www.loger-dakar.com/Bien/appartement-f4-meuble-a-louer-a-liberte-6-extension/,1,559881.25
loger-dakar,Vivez face à la mer au virage – Appartement F2 meublé tout le confort,600000.0,Ngor,1.0,1.0,60.0,1.0,0.0,0.0,https://www.loger-dakar.com/Bien/bel-appartement-f2-meuble-en-face-de-la-mer-a-louer-au-virage/,1,799681.1320754717
loger-dakar,Bel appartement F3 à louer au point E sur l’avenue Cheikh Anta Diop,800000.0,Point E,2.0,2.0,100.0,0.0,0.0,0.0,https://www.loger-dakar.com/Bien/bel-appartement-f3-a-louer-au-point-e-sur-lavenue-cheikh-anta-diop/,1,1003072.2891566266
loger-dakar,APPARTEMENT F3 À LOUER MAMELLES,360000.0,Mamelles,2.0,2.0,100.0,0.0,0.0,0.0,https://www.loger-dakar.com/Bien/appartement-f3-a-louer-mamelles-6/,1,622633.1707317074
loger-dakar,APPARTEMENT F4 À LOUER SACRÉ CŒUR,600000.0,Autre,3.0,3.0,140.0,0.0,0.0,0.0,https://www.loger-dakar.com/Bien/appartement-f4-a-louer-sacre-coeur/,1,639511.9856115108
loger-dakar,APPARTEMENT F3 À LOUER BAOBAB,400000.0,Autre,2.0,2.0,100.0,0.0,0.0,0.0,https://www.loger-dakar.com/Bien/appartement-f3-a-louer-baobab/,1,639511.9856115108
loger-dakar,STUDIO À LOUER MAMELLES,250000.0,Mamelles,1.0,2.0,60.0,0.0,0.0,0.0,https://www.loger-dakar.com/Bien/studio-a-louer-mamelles-5/,1,622633.1707317074
loger-dakar,🏡 Appartement haut standing à louer aux Almadies,1200000.0,Almadies,3.0,3.0,140.0,0.0,0.0,0.0,https://www.loger-dakar.com/Bien/%f0%9f%8f%a1-appartement-haut-standing-a-louer-aux-almadies/,1,1074463.5443349753
loger-dakar,APPAREMMENT F4 À YOFF BIAGUI VIRAGE,800000.0,Ngor,3.0,4.0,140.0,0.0,0.0,0.0,https://www.loger-dakar.com/Bien/apparemment-f4-a-yoff-biagui-virage/,1,799681.1320754717
loger-dakar,APPAREMMENT F4 À YOFF VIRAGE,900000.0,Ngor,3.0,4.0,140.0,0.0,0.0,0.0,https://www.loger-dakar.com/Bien/apparemment-f4-a-yoff-virage/,1,799681.1320754717
loger-dakar,APPARTEMENT F4 À LOUER MERMOZ,650000.0,Mermoz,3.0,4.0,140.0,0.0,0.0,0.0,https://www.loger-dakar.com/Bien/appartement-f4-a-louer-mermoz-6/,1,1032668.5082872928
loger-dakar,APPARTEMENT F3 À LOUER FRONT DE TERRE,450000.0,Autre,2.0,3.0,100.0,0.0,0.0,0.0,https://www.loger-dakar.com/Bien/appartement-f3-a-louer-front-de-terre/,1,639511.9856115108
loger-dakar,APPARTEMENT F4 À LOUER MERMOZ,500000.0,Mermoz,3.0,3.0,140.0,0.0,0.0,0.0,https://www.loger-dakar.com/Bien/appartement-f4-a-louer-mermoz-5/,1,1032668.5082872928
loger-dakar,APPARTEMENT F4 À OUEST FOIRE,500000.0,Yoff,3.0,3.0,140.0,0.0,0.0,0.0,https://www.loger-dakar.com/Bien/appartement-f4-a-ouest-foire/,1,528798.4732824428
loger-dakar,APPAREMMENT F4 À SACRÉ CŒUR 3,800000.0,Autre,3.0,4.0,140.0,0.0,0.0,0.0,https://www.loger-dakar.com/Bien/apparemment-f4-a-sacre-coeur-3/,1,639511.9856115108
loger-dakar,APPPARTEMENT SPACIEUX F4 A YOFF HANGAR PELERIN,650000.0,Yoff,3.0,4.0,140.0,0.0,0.0,0.0,https://www.loger-dakar.com/Bien/apppartement-spacieux-f4-a-yoff-hangar-pelerinapppartement-spacieux-f4-a-yoff-hangar-pelerin/,1,528798.4732824428
loger-dakar,À LOUER à la Cité Biagui,400000.0,Autre,2.0,3.0,100.0,0.0,0.0,0.0,https://www.loger-dakar.com/Bien/a-louer-a-la-cite-biagui/,1,639511.9856115108
loger-dakar,APPARTEMENT F4 À LOUER CITÉ KEUR GORGUI,750000.0,Autre,3.0,3.0,140.0,0.0,0.0,0.0,https://www.loger-dakar.com/Bien/appartement-f4-a-louer-cite-keur-gorgui/,1,639511.9856115108
loger-dakar,APPPARTEMENT SPACIEUX F4 A YOFF HANGAR PELERIN,600000.0,Yoff,3.0,4.0,140.0,0.0,0.0,0.0,https://www.loger-dakar.com/Bien/apppartement-spacieux-f4-a-yoff-hangar-pelerin/,1,528798.4732824428
loger-dakar,APPARTEMENT F4 À LOUER LIBERTÉ6 EXTENSION,500000.0,Sicap,3.0,4.0,140.0,0.0,0.0,0.0,https://www.loger-dakar.com/Bien/appartement-f4-a-louer-liberte6-extension-2/,1,559881.25
loger-dakar,APPARTEMENT F4 À LOUER MAMELLES,500000.0,Mamelles,4.0,3.0,180.0,0.0,0.0,0.0,https://www.loger-dakar.com/Bien/appartement-f4-a-louer-mamelles-12/,1,622633.1707317074
loger-dakar,Appartement de type F4 à louer Amitié,800000.0,Autre,3.0,4.0,140.0,0.0,0.0,0.0,https://www.loger-dakar.com/Bien/appartement-de-type-f4-a-louer-amitie/,1,639511.9856115108
loger-dakar,🏢 Appartement F4 disponible aux Mamelles,800000.0,Mamelles,3.0,3.0,140.0,0.0,0.0,0.0,https://www.loger-dakar.com/Bien/%f0%9f%8f%a2-appartement-f4-disponible-aux-mamelles/,1,622633.1707317074
loger-dakar,Appartement spacieux F4 tout neuf a louer a keur massar,190000.0,Autre,3.0,3.0,140.0,0.0,0.0,1.0,https://www.loger-dakar.com/Bien/appartement-spacieux-f4-tout-neuf-a-louer-a-keur-massar/,1,639511.9856115108
loger-dakar,APPARTEMENT F3 -A LOUER – POINT-E,800000.0,Point E,2.0,2.0,100.0,0.0,0.0,0.0,https://www.loger-dakar.com/Bien/appartement-f3-a-louer-point-e/,1,1003072.2891566266
loger-dakar,Villa meublée 5 pièces à louer à saly,120000.0,Autre,4.0,4.0,180.0,1.0,0.0,0.0,https://www.loger-dakar.com/Bien/villa-meublee-5-pieces-a-louer-a-saly-14/,1,639511.9856115108
loger-dakar,🏠 APPARTEMENT À LOUER – ALMADIES (derrière l’agence Orange),900000.0,Almadies,3.0,3.0,140.0,0.0,0.0,0.0,https://www.loger-dakar.com/Bien/%f0%9f%8f%a0-appartement-a-louer-almadies-derriere-lagence-orange/,1,1074463.5443349753
loger-dakar,Magnifique Villa Meublée 4 Chambres à saly – Résidence Les Jardins de Popenguine,1820000.0,Autre,4.0,4.0,180.0,1.0,0.0,0.0,https://www.loger-dakar.com/Bien/magnifique-villa-meublee-4-chambres-a-saly-residence-les-jardins-de-popenguine/,1,639511.9856115108
loger-dakar,Villa meublée F5 600 m² avec piscine et jardin,900000.0,Autre,4.0,4.0,180.0,1.0,0.0,0.0,https://www.loger-dakar.com/Bien/villa-meublee-f5-600-m%c2%b2-avec-piscine-et-jardin/,1,639511.9856115108
loger-dakar,Bel appartement F4 meublé à louer à ngor-virage,1200000.0,Ngor,3.0,3.0,140.0,1.0,0.0,0.0,https://www.loger-dakar.com/Bien/bel-appartement-f4-meuble-a-louer-a-ngor-virage/,1,799681.1320754717
loger-dakar,Appartement F4 au point E sur l’avenue Cheikh Anta Diop – Vue imprenable sur Dakar,900000.0,Point E,3.0,2.0,140.0,0.0,0.0,0.0,https://www.loger-dakar.com/Bien/appartement-f4-au-point-e-sur-lavenue-cheikh-anta-diop-vue-imprenable-sur-dakar/,1,1003072.2891566266
loger-dakar,Appartement meublé F4 à louer à Ouakam corniche ouest,550000.0,Ouakam,3.0,2.0,140.0,1.0,0.0,0.0,https://www.loger-dakar.com/Bien/appartement-meuble-f4-a-louer-a-ouakam-corniche-ouest/,1,740800.0
loger-dakar,Séjour d’Exception à Saly – Villa meublée 9 pièces à 1 mn de la mer,300000.0,Autre,8.0,8.0,340.0,1.0,0.0,0.0,https://www.loger-dakar.com/Bien/sejour-dexception-a-saly-villa-meublee-9-pieces-a-1-mn-de-la-mer/,1,639511.9856115108
loger-dakar,Appartement F4 à louer aux almadies,450000.0,Almadies,3.0,2.0,140.0,0.0,0.0,0.0,https://www.loger-dakar.com/Bien/appartement-f4-a-louer-aux-almadies-2/,1,1074463.5443349753
loger-dakar,Duplex F5 de 270 m2 au Point-E,1800000.0,Point E,4.0,4.0,180.0,0.0,0.0,0.0,https://www.loger-dakar.com/Bien/duplex-f5-de-270-m2-au-point-e/,1,1003072.2891566266
loger-dakar,Magnifique duplex meublé à Mermoz,950000.0,Mermoz,3.0,2.0,140.0,1.0,0.0,0.0,https://www.loger-dakar.com/Bien/magnifique-duplex-meuble-a-mermoz/,1,1032668.5082872928
loger-dakar,"Magnifique villa meublée 7 pièces à la somone, à quelques minutes de la lagune",300000.0,Autre,6.0,6.0,260.0,1.0,0.0,0.0,https://www.loger-dakar.com/Bien/magnifique-villa-meublee-7-pieces-a-la-somone-a-quelques-minutes-de-la-lagune/,1,639511.9856115108
loger-dakar,Charmante Villa 3 Chambres à saly Résidence Le Récif – Accès Plage & Piscine du Complexe,850000.0,Autre,3.0,3.0,140.0,0.0,0.0,0.0,https://www.loger-dakar.com/Bien/charmante-villa-3-chambres-a-saly-residence-le-recif-acces-plage-piscine-du-complexe-decouvrez-cette-agreable-villa-situee-dans-la-residence-le-recif-un-cadre-paisible-et-securise-a-s/,1,639511.9856115108
loger-dakar,"Élégante Villa Familiale à Saly – Piscine Privée, Grand Espace Vert",300000.0,Autre,5.0,5.0,220.0,0.0,0.0,0.0,https://www.loger-dakar.com/Bien/elegante-villa-familiale-a-saly-piscine-privee-grand-espace-vert/,1,639511.9856115108
loger-dakar,Villa meublée 5 pièces à louer à saly,180000.0,Autre,1.0,1.0,60.0,1.0,0.0,0.0,https://www.loger-dakar.com/Bien/villa-meublee-5-pieces-a-louer-a-saly-13/,1,639511.9856115108
loger-dakar,DUPLEX À LOUER AUX MARISTES,750000.0,Hann Maristes,5.0,4.0,220.0,0.0,0.0,0.0,https://www.loger-dakar.com/Bien/duplex-a-louer-aux-maristes/,1,432187.5
loger-dakar,APPARTEMENT F4 À LOUER MAMELLES,500000.0,Mamelles,3.0,4.0,140.0,0.0,0.0,0.0,https://www.loger-dakar.com/Bien/appartement-f4-a-louer-mamelles-11/,1,622633.1707317074
loger-dakar,À LOUER APPARTEMENT À GIBRALTAR,700000.0,Autre,3.0,1.0,140.0,0.0,0.0,0.0,https://www.loger-dakar.com/Bien/a-louer-appartement-a-gibraltar/,1,639511.9856115108
loger-dakar,🏠 À LOUER – VILLA DUPLEX À LA CITÉ BIAGUI (DAKAR-YOFF),800000.0,Yoff,4.0,4.0,180.0,0.0,0.0,0.0,https://www.loger-dakar.com/Bien/%f0%9f%8f%a0-a-louer-villa-duplex-a-la-cite-biagui-dakar-yoff/,1,528798.4732824428
loger-dakar,APPAREMMENT F4 A LOUER NGOR,550000.0,Ngor,3.0,3.0,140.0,0.0,0.0,0.0,https://www.loger-dakar.com/Bien/apparemment-f4-a-louer-ngor/,1,799681.1320754717
loger-dakar,APPARTEMENT F3 À LOUER YOFF AÉROPORT,450000.0,Yoff,2.0,3.0,100.0,0.0,0.0,0.0,https://www.loger-dakar.com/Bien/appartement-f3-a-louer-yoff-aeroport-2/,1,528798.4732824428
loger-dakar,Magasin à louer Amitié 3,350000.0,Autre,0.0,1.0,20.0,0.0,0.0,0.0,https://www.loger-dakar.com/Bien/magasin-a-louer-amitie-3/,1,639511.9856115108
loger-dakar,MAGASIN À LOUER SICAP FOIRE,425600.0,Autre,0.0,1.0,20.0,0.0,0.0,0.0,https://www.loger-dakar.com/Bien/magasin-a-louer-sicap-foire/,1,639511.9856115108
loger-dakar,"Appartement F4 à louer – Mamelles, Cité Cheikh Amar",500000.0,Mamelles,3.0,2.0,140.0,0.0,0.0,0.0,https://www.loger-dakar.com/Bien/appartement-f4-a-louer-mamelles-cite-cheikh-amar/,1,622633.1707317074
loger-dakar,Magasin à louer Ouakam,200000.0,Ouakam,0.0,1.0,20.0,0.0,0.0,0.0,https://www.loger-dakar.com/Bien/magasin-a-louer-ouakam-3/,1,740800.0
loger-dakar,Magasin à louer Ouakam,350000.0,Ouakam,0.0,1.0,20.0,0.0,0.0,0.0,https://www.loger-dakar.com/Bien/magasin-a-louer-ouakam-2/,1,740800.0
loger-dakar,STUDIO À LOUER MAMELLES,259000.0,Mamelles,1.0,1.0,60.0,0.0,0.0,0.0,https://www.loger-dakar.com/Bien/studio-a-louer-mamelles-4/,1,622633.1707317074
loger-dakar,Villa meublée 5 pièces à louer à saly,1100000.0,Autre,4.0,4.0,180.0,1.0,0.0,0.0,https://www.loger-dakar.com/Bien/villa-meublee-5-pieces-a-louer-a-saly-12/,1,639511.9856115108
loger-dakar,Confort et sécurité aux almadies – Appartement F4 à louer,450000.0,Almadies,3.0,3.0,140.0,0.0,0.0,0.0,https://www.loger-dakar.com/Bien/confort-et-securite-aux-almadies-appartement-f4-a-louer/,1,1074463.5443349753
loger-dakar,APPARTEMENT F4 À LOUER LIBERTÉ 6 EXTENSION,650000.0,Sicap,3.0,4.0,140.0,0.0,0.0,0.0,https://www.loger-dakar.com/Bien/appartement-f4-a-louer-liberte-6-extension-2/,1,559881.25
loger-dakar,APPARTEMENT F4 À LOUER AMITIÉ 3,800000.0,Autre,3.0,4.0,140.0,0.0,0.0,0.0,https://www.loger-dakar.com/Bien/appartement-f4-a-louer-amitie-3/,1,639511.9856115108
loger-dakar,APPARTEMENT F3 À LOUER ALMADIES,400000.0,Almadies,2.0,3.0,100.0,0.0,0.0,0.0,https://www.loger-dakar.com/Bien/appartement-f3-a-louer-almadies-2/,1,1074463.5443349753
loger-dakar,APPARTEMENT F4 À LOUER ALMADIES,500000.0,Almadies,3.0,3.0,140.0,0.0,0.0,0.0,https://www.loger-dakar.com/Bien/appartement-f4-a-louer-almadies-3/,1,1074463.5443349753
loger-dakar,Magasin à louer Ouakam,200000.0,Ouakam,0.0,1.0,20.0,0.0,0.0,0.0,https://www.loger-dakar.com/Bien/magasin-a-louer-ouakam/,1,740800.0
loger-dakar,Location à usage professionnel,400000.0,Autre,4.0,2.0,180.0,0.0,0.0,0.0,https://www.loger-dakar.com/Bien/location-a-usage-professionnel/,1,639511.9856115108
loger-dakar,Villa R+2 à louer à la cité Mbackiyou Faye-Mamelles,1400000.0,Mamelles,5.0,3.0,220.0,0.0,0.0,0.0,https://www.loger-dakar.com/Bien/villa-r2-a-louer-a-la-cite-mbackiyou-faye-mamelles/,1,622633.1707317074
loger-dakar,Studio F2 avec terrasse vue sur mer au virage – Confort et proximité,500000.0,Ngor,1.0,1.0,60.0,0.0,1.0,0.0,https://www.loger-dakar.com/Bien/studio-f2-avec-terrasse-vue-sur-mer-au-virage-confort-et-proximite/,1,799681.1320754717
loger-dakar,STUDIO À LOUER MAMELLES,300000.0,Mamelles,1.0,2.0,60.0,0.0,0.0,0.0,https://www.loger-dakar.com/Bien/studio-a-louer-mamelles-3/,1,622633.1707317074
loger-dakar,Villa de luxe 4 chambres avec piscine privée à saly,180000.0,Autre,4.0,4.0,180.0,0.0,0.0,0.0,https://www.loger-dakar.com/Bien/villa-de-luxe-4-chambres-avec-piscine-privee-a-saly/,1,639511.9856115108
loger-dakar,Villa meublée F5 à saly – 600 m² avec piscine et jardin,120000.0,Autre,4.0,4.0,180.0,1.0,0.0,0.0,https://www.loger-dakar.com/Bien/villa-meublee-f5-a-saly-600-m%c2%b2-avec-piscine-et-jardin-2/,1,639511.9856115108
loger-dakar,📍 Appartement à louer – Ngor (proche du stade),600000.0,Ngor,3.0,2.0,140.0,0.0,0.0,0.0,https://www.loger-dakar.com/Bien/%f0%9f%93%8d-appartement-a-louer-ngor-proche-du-stade/,1,799681.1320754717
loger-dakar,Plateau de Bureau à louer à cité Keur Gorgui,1000000.0,Plateau,5.0,3.0,220.0,0.0,0.0,0.0,https://www.loger-dakar.com/Bien/plateau-de-bureau-a-louer-a-cite-keur-gorgui-2/,1,1921323.5294117648
loger-dakar,Plateau de Bureau à louer à cité Keur Gorgui,2000000.0,Plateau,1.0,3.0,60.0,0.0,0.0,0.0,https://www.loger-dakar.com/Bien/plateau-de-bureau-a-louer-a-cite-keur-gorgui/,1,1921323.5294117648
loger-dakar,APPARTEMENT F3 À LOUER YOFF OCÉAN,650000.0,Yoff,2.0,2.0,100.0,0.0,0.0,0.0,https://www.loger-dakar.com/Bien/appartement-f3-a-louer-yoff-ocean-2/,1,528798.4732824428
loger-dakar,Villa R+1 mariste à louer,1000000.0,Autre,6.0,6.0,260.0,0.0,0.0,0.0,https://www.loger-dakar.com/Bien/villa-r1-mariste-a-louer/,1,639511.9856115108
loger-dakar,"A Louer – Magnifique Villa Meublée – La Somone, à quelques minutes de la Lagune",300000.0,Autre,6.0,6.0,260.0,1.0,0.0,0.0,https://www.loger-dakar.com/Bien/a-louer-magnifique-villa-meublee-la-somone-a-quelques-minutes-de-la-lagune/,1,639511.9856115108
loger-dakar,"A Louer : Appartement F3 Non Meublé – Les Almadies, Route King Fahd Palace",400000.0,Almadies,2.0,2.0,100.0,1.0,0.0,0.0,https://www.loger-dakar.com/Bien/a-louer-appartement-f3-non-meuble-les-almadies-route-king-fahd-palace/,1,1074463.5443349753
loger-dakar,APPARTEMENT À LOUER – NGOR ALMADIES (proximité EDK Supermarché),700000.0,Almadies,4.0,3.0,180.0,0.0,0.0,0.0,https://www.loger-dakar.com/Bien/appartement-a-louer-ngor-almadies-proximite-edk-supermarche/,1,1074463.5443349753
loger-dakar,Magasin à louer Yoff ONOMO,150000.0,Yoff,0.0,1.0,20.0,0.0,0.0,0.0,https://www.loger-dakar.com/Bien/magasin-a-louer-yoff-onomo/,1,528798.4732824428
loger-dakar,Appartement F2 meublé aux Almadies (Route du King Fahd),2300000.0,Almadies,1.0,1.0,60.0,1.0,0.0,0.0,https://www.loger-dakar.com/Bien/appartement-f2-meuble-aux-almadies-route-du-king-fahd/,1,1074463.5443349753
loger-dakar,APPARTEMENT F4 À LOUER FANN HOCK,850000.0,Fann,3.0,2.0,140.0,0.0,0.0,0.0,https://www.loger-dakar.com/Bien/appartement-f4-a-louer-fann-hock/,1,2078164.430379747
loger-dakar,APPARTEMENT F4 À LOUER LIBERTÉ 6,350000.0,Sicap,3.0,2.0,140.0,0.0,0.0,0.0,https://www.loger-dakar.com/Bien/appartement-f4-a-louer-liberte-6-2/,1,559881.25
loger-dakar,APPARTEMENT F4 À LOUER CITÉ CPI VDN,800000.0,Autre,3.0,4.0,140.0,0.0,0.0,0.0,https://www.loger-dakar.com/Bien/appartement-f4-a-louer-cite-cpi-vdn/,1,639511.9856115108
loger-dakar,APPARTEMENT F4 À LOUER CPI (VDN),600000.0,Autre,3.0,4.0,140.0,0.0,0.0,0.0,https://www.loger-dakar.com/Bien/appartement-f4-a-louer-cpi-vdn/,1,639511.9856115108
loger-dakar,Appartement neuf à louer – Point E,1250000.0,Point E,3.0,3.0,140.0,0.0,0.0,1.0,https://www.loger-dakar.com/Bien/appartement-neuf-a-louer-point-e/,1,1003072.2891566266
loger-dakar,Bel appartement meublé F2 avec piscine & salle de sport – point E,1000000.0,Point E,1.0,1.0,60.0,1.0,0.0,0.0,https://www.loger-dakar.com/Bien/bel-appartement-meuble-f2-avec-piscine-salle-de-sport-point-e/,1,1003072.2891566266
loger-dakar,Appartement nord foire,500000.0,Yoff,2.0,2.0,100.0,0.0,0.0,0.0,https://www.loger-dakar.com/Bien/appartement-nord-foire-2/,1,528798.4732824428
loger-dakar,Appartement nord foire,500000.0,Yoff,2.0,2.0,100.0,0.0,0.0,0.0,https://www.loger-dakar.com/Bien/appartement-nord-foire/,1,528798.4732824428
loger-dakar,Appartement Fann-hock,350000.0,Autre,3.0,3.0,140.0,0.0,0.0,0.0,https://www.loger-dakar.com/Bien/appartement-fann-hock-2/,1,639511.9856115108
loger-dakar,Appartement Fann-hock,350000.0,Autre,3.0,3.0,140.0,0.0,0.0,0.0,https://www.loger-dakar.com/Bien/appartement-fann-hock/,1,639511.9856115108
loger-dakar,Sublime Duplex Meublé à louer,1200000.0,Autre,3.0,2.0,140.0,1.0,0.0,0.0,https://www.loger-dakar.com/Bien/sublime-duplex-meuble-a-louer/,1,639511.9856115108
loger-dakar,🏠 Appartement F5 à louer – Point E,2000000.0,Point E,4.0,4.0,180.0,0.0,0.0,0.0,https://www.loger-dakar.com/Bien/%f0%9f%8f%a0-appartement-f5-a-louer-point-e/,1,1003072.2891566266
loger-dakar,🏠 Appartement F4 à louer – Point E,1000000.0,Point E,3.0,3.0,140.0,0.0,0.0,0.0,https://www.loger-dakar.com/Bien/%f0%9f%8f%a0-appartement-f4-a-louer-point-e/,1,1003072.2891566266
loger-dakar,APPARTEMENT F4 À LOUER LIBERTÉ6 EXTENSION,466200.0,Sicap,3.0,4.0,140.0,0.0,0.0,0.0,https://www.loger-dakar.com/Bien/appartement-f4-a-louer-liberte6-extension/,1,559881.25
loger-dakar,APPARTEMENT F4 À LOUER OUAKAM,550000.0,Ouakam,3.0,4.0,140.0,0.0,0.0,0.0,https://www.loger-dakar.com/Bien/appartement-f4-a-louer-ouakam-4/,1,740800.0
loger-dakar,"A LOUER – Studio meublé F1 aux maristes, près de l’école japonaise (longue durée)",400000.0,Hann Maristes,1.0,1.0,60.0,1.0,0.0,0.0,https://www.loger-dakar.com/Bien/a-louer-studio-meuble-f1-aux-maristes-pres-de-lecole-japonaise-longue-duree/,1,432187.5
loger-dakar,Somptueuse villa meublée 6 pièces avec piscine privée à saly,300000.0,Autre,5.0,5.0,220.0,1.0,0.0,0.0,https://www.loger-dakar.com/Bien/somptueuse-villa-meublee-6-pieces-avec-piscine-privee-a-saly/,1,639511.9856115108
loger-dakar,Duplex F5 à louer – à Yoff Biagui (Habitation ou Bureau),800000.0,Yoff,4.0,4.0,180.0,0.0,0.0,0.0,https://www.loger-dakar.com/Bien/duplex-f5-a-louer-a-yoff-biagui-habitation-ou-bureau/,1,528798.4732824428
loger-dakar,Appartement meublé F5 vue imprenable sur mer à louer – Ngor Virage (près de ONUFEM),2500000.0,Ngor,4.0,4.0,180.0,1.0,0.0,0.0,https://www.loger-dakar.com/Bien/appartement-meuble-f5-vue-imprenable-sur-mer-a-louer-ngor-virage-pres-de-onufem/,1,799681.1320754717
loger-dakar,Appartement meublé f5 avec piscine privée à louer à yoff-virage,175000.0,Ngor,4.0,4.0,180.0,1.0,0.0,0.0,https://www.loger-dakar.com/Bien/appartement-meuble-f5-avec-piscine-privee-a-louer-a-yoff-virage/,1,799681.1320754717
loger-dakar,Almadies 🔑 F2 meublé avec grande terrasse privée,650000.0,Almadies,1.0,1.0,60.0,1.0,0.0,0.0,https://www.loger-dakar.com/Bien/almadies-%f0%9f%94%91-f2-meuble-avec-grande-terrasse-privee-2/,1,1074463.5443349753
loger-dakar,Villa meublée F5 à saly – 600 m² avec piscine et jardin,900000.0,Autre,4.0,4.0,180.0,1.0,0.0,0.0,https://www.loger-dakar.com/Bien/villa-meublee-f5-a-saly-600-m%c2%b2-avec-piscine-et-jardin/,1,639511.9856115108
loger-dakar,"Appartement F4 meublé parfait pour étudiants, jeunes actifs ou famille",560000.0,Autre,3.0,2.0,140.0,1.0,0.0,0.0,https://www.loger-dakar.com/Bien/appartement-f4-meuble-parfait-pour-etudiants-jeunes-actifs-ou-famille/,1,639511.9856115108
loger-dakar,A LOUER – Appartement F5 vue imprenable sur la mer – yoff-virage,1800000.0,Ngor,4.0,4.0,180.0,0.0,0.0,0.0,https://www.loger-dakar.com/Bien/a-louer-appartement-f5-vue-imprenable-sur-la-mer-yoff-virage/,1,799681.1320754717
loger-dakar,🏡 Très Bel Appartement Haut Standing à Louer – Mamelles Extension,500000.0,Mamelles,2.0,2.0,100.0,0.0,0.0,0.0,https://www.loger-dakar.com/Bien/%f0%9f%8f%a1-tres-bel-appartement-haut-standing-a-louer-mamelles-extension/,1,622633.1707317074
loger-dakar,Restaurant à louer – Au virage,1000000.0,Ngor,1.0,1.0,60.0,0.0,0.0,0.0,https://www.loger-dakar.com/Bien/restaurant-a-louer-au-virage/,1,799681.1320754717
loger-dakar,À LOUER – Spacieuse Villa R+2 à la Cité Mbakiyou Faye,1400000.0,Autre,5.0,4.0,220.0,0.0,0.0,0.0,https://www.loger-dakar.com/Bien/a-louer-spacieuse-villa-r2-a-la-cite-mbakiyou-faye/,1,639511.9856115108
loger-dakar,🏠 Appartement à louer au Point E,600000.0,Point E,3.0,3.0,140.0,0.0,0.0,0.0,https://www.loger-dakar.com/Bien/%f0%9f%8f%a0-appartement-a-louer-au-point-e/,1,1003072.2891566266
loger-dakar,🏢 Appartement à louer – Cité Cheikh Amar,700000.0,Autre,3.0,3.0,140.0,0.0,0.0,0.0,https://www.loger-dakar.com/Bien/%f0%9f%8f%a2-appartement-a-louer-cite-cheikh-amar/,1,639511.9856115108
loger-dakar,Trois chambres salon mermoz,500000.0,Mermoz,3.0,3.0,140.0,0.0,0.0,0.0,https://www.loger-dakar.com/Bien/trois-chambres-salon-mermoz/,1,1032668.5082872928
loger-dakar,Ngor-Almadies 4chambres meubles,1600000.0,Almadies,4.0,5.0,180.0,0.0,0.0,0.0,https://www.loger-dakar.com/Bien/ngor-almadies-4chambres-meubles/,1,1074463.5443349753
loger-dakar,APPARTEMENT F3 À LOUER ALMADIES,700000.0,Almadies,2.0,2.0,100.0,0.0,0.0,0.0,https://www.loger-dakar.com/Bien/appartement-f3-a-louer-almadies/,1,1074463.5443349753
loger-dakar,APPARTEMENT F3 À LOUER NORD FOIRE,250000.0,Yoff,2.0,2.0,100.0,0.0,0.0,0.0,https://www.loger-dakar.com/Bien/appartement-f3-a-louer-nord-foire-2/,1,528798.4732824428
loger-dakar,STUDIO À LOUER ALMADIES,500000.0,Almadies,1.0,2.0,60.0,0.0,0.0,0.0,https://www.loger-dakar.com/Bien/studio-a-louer-almadies/,1,1074463.5443349753
loger-dakar,Appartement F3 aux parcelles assainies unité 15 à louer,225000.0,Autre,2.0,2.0,100.0,0.0,0.0,0.0,https://www.loger-dakar.com/Bien/appartement-f3-aux-parcelles-assainies-unite-15-a-louer/,1,639511.9856115108
loger-dakar,Studio mermoz,350000.0,Mermoz,2.0,2.0,100.0,0.0,0.0,0.0,https://www.loger-dakar.com/Bien/studio-mermoz/,1,1032668.5082872928
loger-dakar,Superbe F3 Neuf à Yoff Virage (Cité Biagui),950000.0,Ngor,2.0,2.0,100.0,0.0,0.0,1.0,https://www.loger-dakar.com/Bien/superbe-f3-neuf-a-yoff-virage-cite-biagui/,1,799681.1320754717
loger-dakar,Duplex moderne meublé à Mbour 3 (Thiès),671600.0,Autre,3.0,2.0,140.0,1.0,0.0,0.0,https://www.loger-dakar.com/Bien/duplex-moderne-meuble-a-mbour-3-thies/,1,639511.9856115108
loger-dakar,À LOUER – Superbe Appartement F5 aux Almadies,1500000.0,Almadies,4.0,3.0,180.0,0.0,0.0,0.0,https://www.loger-dakar.com/Bien/a-louer-superbe-appartement-f5-aux-almadies/,1,1074463.5443349753
loger-dakar,Appartements F4 Haut Standing aux Mamelles,985000.0,Mamelles,3.0,3.0,140.0,0.0,0.0,0.0,https://www.loger-dakar.com/Bien/appartements-f4-haut-standing-aux-mamelles/,1,622633.1707317074
loger-dakar,APPARTEMENT F4 À LOUER MAMELLES,550000.0,Mamelles,3.0,2.0,140.0,0.0,0.0,0.0,https://www.loger-dakar.com/Bien/appartement-f4-a-louer-mamelles-9/,1,622633.1707317074
loger-dakar,APPARTEMENT F3 À LOUER MAMELLES,350000.0,Mamelles,2.0,2.0,100.0,0.0,0.0,0.0,https://www.loger-dakar.com/Bien/appartement-f3-a-louer-mamelles-5/,1,622633.1707317074
loger-dakar,STUDIO À LOUER MAMELLES,250000.0,Mamelles,1.0,2.0,60.0,0.0,0.0,0.0,https://www.loger-dakar.com/Bien/studio-a-louer-mamelles-2/,1,622633.1707317074
loger-dakar,Chambre meublée,260000.0,Autre,2.0,1.0,100.0,1.0,0.0,0.0,https://www.loger-dakar.com/Bien/appartement-f3-2/,1,639511.9856115108
loger-dakar,Point E – Appartement F5 à louer,700000.0,Point E,4.0,3.0,180.0,0.0,0.0,0.0,https://www.loger-dakar.com/Bien/point-e-appartement-f5-a-louer/,1,1003072.2891566266
loger-dakar,🏡 Villa à louer – Liberté 6 (derrière Uno),1400000.0,Sicap,5.0,5.0,220.0,0.0,0.0,0.0,https://www.loger-dakar.com/Bien/%f0%9f%8f%a1-villa-a-louer-liberte-6-derriere-uno/,1,559881.25
loger-dakar,APPARTEMENT F4 À LOUER POINT E,700000.0,Point E,3.0,4.0,140.0,0.0,0.0,0.0,https://www.loger-dakar.com/Bien/appartement-f4-a-louer-point-e-2/,1,1003072.2891566266
loger-dakar,APPARTEMENT F4 À LOUER POINT E,700000.0,Point E,3.0,4.0,140.0,0.0,0.0,0.0,https://www.loger-dakar.com/Bien/appartement-f4-a-louer-point-e/,1,1003072.2891566266
loger-dakar,📍 APPARTEMENT F4 À LOUER – AVENUE BOURGUIBA (SICAP AMITIÉ 3),1100000.0,Autre,3.0,3.0,140.0,0.0,0.0,0.0,https://www.loger-dakar.com/Bien/%f0%9f%93%8d-appartement-f4-a-louer-avenue-bourguiba-sicap-amitie-3/,1,639511.9856115108
loger-dakar,Mini studio,130000.0,Autre,1.0,1.0,60.0,0.0,0.0,0.0,https://www.loger-dakar.com/Bien/mini-studio/,1,639511.9856115108
loger-dakar,Appartement f3,210000.0,Autre,2.0,1.0,100.0,0.0,0.0,0.0,https://www.loger-dakar.com/Bien/appartement-f3/,1,639511.9856115108
loger-dakar,APPARTEMENT F4 À LOUER MAMELLES,550000.0,Mamelles,3.0,3.0,140.0,0.0,0.0,0.0,https://www.loger-dakar.com/Bien/appartement-f4-a-louer-mamelles-8/,1,622633.1707317074
loger-dakar,APPARTEMENT F3 À LOUER MAMELLES,400000.0,Mamelles,2.0,3.0,100.0,0.0,0.0,0.0,https://www.loger-dakar.com/Bien/appartement-f3-a-louer-mamelles-4/,1,622633.1707317074
loger-dakar,STUDIO À LOUER MERMOZ BATRAIN,275000.0,Mermoz,1.0,2.0,60.0,0.0,0.0,0.0,https://www.loger-dakar.com/Bien/studio-a-louer-mermoz-batrain/,1,1032668.5082872928
loger-dakar,Chambre meublée avec salle de bain à louer à yoff-virage,300000.0,Ngor,1.0,1.0,60.0,1.0,0.0,0.0,https://www.loger-dakar.com/Bien/chambre-meublee-avec-salle-de-bain-a-louer-a-yoff-virage/,1,799681.1320754717
loger-dakar,STUDIO À LOUER ZONE DE CAPTAGE,250000.0,Autre,1.0,2.0,60.0,0.0,0.0,0.0,https://www.loger-dakar.com/Bien/studio-a-louer-zone-de-captage/,1,639511.9856115108
loger-dakar,VILLA A LOUER YOFF ONOMO,1700000.0,Yoff,11.0,10.0,460.0,0.0,0.0,0.0,https://www.loger-dakar.com/Bien/villa-a-louer-yoff-onomo/,1,528798.4732824428
loger-dakar,APPARTEMENT F4 À LOUER YOFF OCÉAN,800000.0,Yoff,3.0,4.0,140.0,0.0,0.0,0.0,https://www.loger-dakar.com/Bien/appartement-f4-a-louer-yoff-ocean-2/,1,528798.4732824428
loger-dakar,APPARTEMENT F3 À LOUER YOFF OCÉAN,650000.0,Yoff,2.0,2.0,100.0,0.0,0.0,0.0,https://www.loger-dakar.com/Bien/appartement-f3-a-louer-yoff-ocean/,1,528798.4732824428
loger-dakar,📌APPARTEMENT À LOUER YOFF ONOMO,600000.0,Yoff,3.0,3.0,140.0,0.0,0.0,0.0,https://www.loger-dakar.com/Bien/%f0%9f%93%8cappartement-a-louer-yoff-ono/,1,528798.4732824428
loger-dakar,APPARTEMENT F4 À LOUER NGOR ALMADIES,700000.0,Almadies,3.0,4.0,140.0,0.0,0.0,0.0,https://www.loger-dakar.com/Bien/appartement-f4-a-louer-ngor-almadies-9/,1,1074463.5443349753
loger-dakar,STUDIO À LOUER NGOR ALMADIES,350000.0,Almadies,1.0,2.0,60.0,0.0,0.0,0.0,https://www.loger-dakar.com/Bien/studio-a-louer-ngor-almadies-3/,1,1074463.5443349753
loger-dakar,BELLE VILLA A FANN RESIDENCE,2500000.0,Fann,4.0,4.0,180.0,0.0,0.0,0.0,https://www.loger-dakar.com/Bien/belle-villa-a-fann-residence/,1,2078164.430379747
loger-dakar,📌APPARTEMENT F3 À LOUER MAMELLES,350000.0,Mamelles,2.0,2.0,100.0,0.0,0.0,0.0,https://www.loger-dakar.com/Bien/apparte%f0%9f%93%8cappartement-f3-a-louer-mamelles/,1,622633.1707317074
loger-dakar,Duplex f5 à louer à yoff-biagui,800000.0,Yoff,4.0,4.0,180.0,0.0,0.0,0.0,https://www.loger-dakar.com/Bien/duplex-f5-a-louer-a-yoff-biagui/,1,528798.4732824428
loger-dakar,Bel appartement meublé f5 à louer sur la corniche ouest (cité africa),3500000.0,Autre,5.0,5.0,220.0,1.0,0.0,0.0,https://www.loger-dakar.com/Bien/bel-appartement-meuble-f5-a-louer-sur-la-corniche-ouest-cite-africa/,1,639511.9856115108
loger-dakar,APPARTEMENT F4 À LOUER sur la Corniche des Mamelles,450000.0,Mamelles,3.0,3.0,140.0,0.0,0.0,0.0,https://www.loger-dakar.com/Bien/appartement-f4-a-louer-sur-la-corniche-des-mamelles/,1,622633.1707317074
loger-dakar,À LOUER – Appartements à Karack (en face de Yalla Sur En),700000.0,Autre,3.0,2.0,140.0,0.0,0.0,0.0,https://www.loger-dakar.com/Bien/a-louer-appartements-a-karack-en-face-de-yalla-sur-en/,1,639511.9856115108
loger-dakar,À LOUER – Appartement haut standing aux Almadies (Zone de Recasement),600000.0,Almadies,3.0,2.0,140.0,0.0,0.0,0.0,https://www.loger-dakar.com/Bien/a-louer-appartement-haut-standing-aux-almadies-zone-de-recasement/,1,1074463.5443349753
loger-dakar,📌APPARTEMENT F3 À LOUER ALMADIES RECASEMENT,362800.0,Almadies,2.0,2.0,100.0,0.0,0.0,0.0,https://www.loger-dakar.com/Bien/%f0%9f%93%8cappartement-f3-a-louer-almadies-recasement/,1,1074463.5443349753
loger-dakar,"📌Villa R+2, cité Terme NORD Aéroport",1000000.0,Autre,3.0,4.0,140.0,0.0,0.0,0.0,https://www.loger-dakar.com/Bien/%f0%9f%93%8cvilla-r2-cite-terme-nord-aeroport/,1,639511.9856115108
loger-dakar,APPARTEMENT F3 À LOUER YOFF BCAO,350000.0,Yoff,2.0,2.0,100.0,0.0,0.0,0.0,https://www.loger-dakar.com/Bien/appartement-f3-a-louer-yoff-bcao/,1,528798.4732824428
loger-dakar,APPARTEMENT F3 À MAMELLES,350000.0,Mamelles,2.0,2.0,100.0,0.0,0.0,0.0,https://www.loger-dakar.com/Bien/appartement-f3-a-mamelles/,1,622633.1707317074
loger-dakar,STUDIO À LOUER MARISTES,265000.0,Hann Maristes,1.0,1.0,60.0,0.0,0.0,0.0,https://www.loger-dakar.com/Bien/studio-a-louer-maristes-4/,1,432187.5
loger-dakar,Appartement f4 neuf à louer à ngor-virage,600000.0,Ngor,3.0,3.0,140.0,0.0,0.0,1.0,https://www.loger-dakar.com/Bien/appartement-f4-neuf-a-louer-a-ngor-virage-2/,1,799681.1320754717
loger-dakar,Appartement meublé f4 à louer au point E,2000000.0,Point E,3.0,3.0,140.0,1.0,0.0,0.0,https://www.loger-dakar.com/Bien/appartement-meuble-f4-a-louer-au-point-e-4/,1,1003072.2891566266
loger-dakar,Studio meublé f1 à louer aux maristes,400000.0,Hann Maristes,1.0,1.0,60.0,1.0,0.0,0.0,https://www.loger-dakar.com/Bien/studio-meuble-f1-a-louer-aux-maristes-4/,1,432187.5
loger-dakar,APPARTEMENT F4 À LOUER CITÉ MOURTADA VDN,400000.0,Autre,3.0,2.0,140.0,0.0,0.0,0.0,https://www.loger-dakar.com/Bien/appartement-f4-a-louer-cite-mourtada-vdn/,1,639511.9856115108
loger-dakar,APPARTEMENT F4 À LOUER OUAKAM,1000000.0,Ouakam,3.0,4.0,140.0,0.0,0.0,0.0,https://www.loger-dakar.com/Bien/appartement-f4-a-louer-ouakam-3/,1,740800.0
loger-dakar,APPARTEMENT F4 À LOUER LIBERTÉ 6 EXTENSION,650000.0,Sicap,3.0,4.0,140.0,0.0,0.0,0.0,https://www.loger-dakar.com/Bien/appartement-f4-a-louer-liberte-6-extension/,1,559881.25
loger-dakar,APPARTEMENT F4 À LOUER MERMOZ,1400000.0,Mermoz,3.0,4.0,140.0,0.0,0.0,0.0,https://www.loger-dakar.com/Bien/appartement-f4-a-louer-mermoz-4/,1,1032668.5082872928
loger-dakar,Chambre meublée avec salle de bain à louer à yoff-biagui,200000.0,Yoff,1.0,1.0,60.0,1.0,0.0,0.0,https://www.loger-dakar.com/Bien/chambre-meublee-avec-salle-de-bain-a-louer-a-yoff-biagui-2/,1,528798.4732824428
loger-dakar,APPARTEMENT F3 À LOUER NGOR ALMADIES,700000.0,Almadies,2.0,3.0,100.0,0.0,0.0,0.0,https://www.loger-dakar.com/Bien/appartement-f3-a-louer-ngor-almadies-6/,1,1074463.5443349753
loger-dakar,APPARTEMENT F4 À LOUER NGOR ALMADIES,800000.0,Almadies,3.0,4.0,140.0,0.0,0.0,0.0,https://www.loger-dakar.com/Bien/appartement-f4-a-louer-ngor-almadies-8/,1,1074463.5443349753
loger-dakar,STUDIO À LOUER NGOR ALMADIES,350000.0,Almadies,1.0,2.0,60.0,0.0,0.0,0.0,https://www.loger-dakar.com/Bien/studio-a-louer-ngor-almadies-2/,1,1074463.5443349753
loger-dakar,APPARTEMENT F4 À LOUER NGOR ALMADIES,650000.0,Almadies,3.0,4.0,140.0,0.0,0.0,0.0,https://www.loger-dakar.com/Bien/appartement-f4-a-louer-ngor-almadies-7/,1,1074463.5443349753
loger-dakar,APPARTEMENT F3 À LOUER YOFF AÉROPORT,450000.0,Yoff,2.0,3.0,100.0,0.0,0.0,0.0,https://www.loger-dakar.com/Bien/appartement-f3-a-louer-yoff-aeroport/,1,528798.4732824428
loger-dakar,APPARTEMENT F4 À LOUER VDN,750000.0,Autre,3.0,4.0,140.0,0.0,0.0,0.0,https://www.loger-dakar.com/Bien/appartement-f4-a-louer-vdn-2/,1,639511.9856115108
loger-dakar,APPARTEMENT À LOUER LIBERTÉ 6 EXTENSION,650000.0,Sicap,3.0,3.0,140.0,0.0,0.0,0.0,https://www.loger-dakar.com/Bien/appartement-a-louer-liberte-6-extension/,1,559881.25
loger-dakar,🏠 À LOUER – Appartement 3 Chambres à la Zone de Captage,400000.0,Autre,3.0,2.0,140.0,0.0,0.0,0.0,https://www.loger-dakar.com/Bien/%f0%9f%8f%a0-a-louer-appartement-3-chambres-a-la-zone-de-captage/,1,639511.9856115108
loger-dakar,APPARTEMENT F4 À LOUER SACRÉ CŒUR 3,700000.0,Autre,3.0,3.0,140.0,0.0,0.0,0.0,https://www.loger-dakar.com/Bien/appartement-f4-a-louer-sacre-coeur-3-2/,1,639511.9856115108
loger-dakar,APPARTEMENT F4 À LOUER OUAKAM EXTENSION Appartement F4 entièrement climatisé à louer Ouakam non loin du monument il est composé de 3 chambres dont 1 avec sde et rangement 1 salon avec balcon et cuisine américaine équipée 1 buanderie 2 sdes extérieurs Immeuble avec ascenseur et parking sous-sol gardiennage H24 Prix : 800 000fcfaAPPARTEMENT F4 À LOUER OUAKAM EXTENSION,800000.0,Ouakam,3.0,3.0,140.0,0.0,0.0,0.0,https://www.loger-dakar.com/Bien/appartement-f4-a-louer-ouakam-extension-appartement-f4-entierement-climatise-a-louer-ouakam-non-loin-du-monument-il-est-compose-de-3-chambres-dont-1-avec-sde-et-rangement-1-salon-avec-balcon-et-cuisin/,1,740800.0
loger-dakar,APPARTEMENT F3 À LOUER OUAKAM EXTENSION,700000.0,Ouakam,2.0,2.0,100.0,0.0,0.0,0.0,https://www.loger-dakar.com/Bien/appartement-f3-a-louer-ouakam-extension/,1,740800.0
loger-dakar,Appartement meublé f2 à louer au point E,1000000.0,Point E,1.0,1.0,60.0,1.0,0.0,0.0,https://www.loger-dakar.com/Bien/appartement-meuble-f2-a-louer-au-point-e-7/,1,1003072.2891566266
loger-dakar,Bel appartement meublé f5 vue sur mer à louer à ngor-virage,2500000.0,Ngor,4.0,4.0,180.0,1.0,1.0,0.0,https://www.loger-dakar.com/Bien/bel-appartement-meuble-f5-vue-sur-mer-a-louer-a-ngor-virage/,1,799681.1320754717
loger-dakar,🏠 À LOUER – Superbe Appartement F4 à Yoff (Hangar des Pèlerins),500000.0,Yoff,3.0,3.0,140.0,0.0,0.0,0.0,https://www.loger-dakar.com/Bien/%f0%9f%8f%a0-a-louer-superbe-appartement-f4-a-yoff-hangar-des-pelerins/,1,528798.4732824428
loger-dakar,À Louer – Appartement F4 Vide à Ngor (Zone de Recasement),650000.0,Ngor,3.0,3.0,140.0,0.0,0.0,0.0,https://www.loger-dakar.com/Bien/a-louer-appartement-f4-vide-a-ngor-zone-de-recasement/,1,799681.1320754717
loger-dakar,APPARTEMENT F4 À LOUER MERMOZ,1300000.0,Mermoz,3.0,4.0,140.0,0.0,0.0,0.0,https://www.loger-dakar.com/Bien/appartement-f4-a-louer-mermoz-3/,1,1032668.5082872928
loger-dakar,À Louer – Magnifique Appartement à Ngor Almadies,650000.0,Almadies,3.0,2.0,140.0,0.0,0.0,0.0,https://www.loger-dakar.com/Bien/a-louer-magnifique-appartement-a-ngor-almadies/,1,1074463.5443349753
loger-dakar,APPARTEMENT À LOUER YOFF DERRIÈRE L’AÉROPORT,400000.0,Yoff,3.0,3.0,140.0,0.0,0.0,0.0,https://www.loger-dakar.com/Bien/appartement-a-louer-yoff-derriere-laeroport/,1,528798.4732824428
loger-dakar,Sacré Cœur 3 VDN📍,200000.0,Autre,1.0,2.0,60.0,0.0,0.0,0.0,https://www.loger-dakar.com/Bien/sacre-coeur-3-vdn%f0%9f%93%8d/,1,639511.9856115108
loger-dakar,Ouest Foire Non Loin de la VDN📍,250000.0,Yoff,11.0,11.0,460.0,0.0,0.0,0.0,https://www.loger-dakar.com/Bien/ouest-foire-non-loin-de-la-vdn%f0%9f%93%8d-2/,1,528798.4732824428
loger-dakar,Ouest Foire Non Loin de la VDN📍,200000.0,Yoff,1.0,2.0,60.0,0.0,0.0,0.0,https://www.loger-dakar.com/Bien/ouest-foire-non-loin-de-la-vdn%f0%9f%93%8d/,1,528798.4732824428
loger-dakar,STUDIO À LOUER MARISTES,250000.0,Hann Maristes,1.0,2.0,60.0,0.0,0.0,0.0,https://www.loger-dakar.com/Bien/studio-a-louer-maristes-3/,1,432187.5
loger-dakar,STUDIO À LOUER MARISTES,250000.0,Hann Maristes,1.0,2.0,60.0,0.0,0.0,0.0,https://www.loger-dakar.com/Bien/studio-a-louer-maristes-2/,1,432187.5
loger-dakar,STUDIO À LOUER MARISTES,200000.0,Hann Maristes,1.0,2.0,60.0,0.0,0.0,0.0,https://www.loger-dakar.com/Bien/studio-a-louer-maristes/,1,432187.5
loger-dakar,APPARTEMENT F4 À LOUER MARISTE,450000.0,Autre,4.0,4.0,180.0,0.0,0.0,0.0,https://www.loger-dakar.com/Bien/appartement-f4-a-louer-mariste/,1,639511.9856115108
loger-dakar,APPARTEMENT F3 À LOUER MARISTE,350000.0,Autre,3.0,3.0,140.0,0.0,0.0,0.0,https://www.loger-dakar.com/Bien/appartement-f3-a-louer-mariste/,1,639511.9856115108
loger-dakar,🏡 À Louer – Appartement Haut Standing à Ouakam,550000.0,Ouakam,3.0,3.0,140.0,0.0,0.0,0.0,https://www.loger-dakar.com/Bien/%f0%9f%8f%a1-a-louer-appartement-haut-standing-a-ouakam/,1,740800.0
loger-dakar,Appartement meublé f4 à louer à ngor-virage,100000.0,Ngor,3.0,3.0,140.0,1.0,0.0,0.0,https://www.loger-dakar.com/Bien/appartement-meuble-f4-a-louer-a-ngor-virage/,1,799681.1320754717
loger-dakar,À louer – Appartement F4 aux Mamelles,600000.0,Mamelles,3.0,3.0,140.0,0.0,0.0,0.0,https://www.loger-dakar.com/Bien/a-louer-appartement-f4-aux-mamelles/,1,622633.1707317074
loger-dakar,"Appartement Moderne de Type F5 à Louer – Mamelles, Cité des Magistrats",800000.0,Mamelles,4.0,4.0,180.0,0.0,0.0,0.0,https://www.loger-dakar.com/Bien/appartement-moderne-de-type-f5-a-louer-mamelles-cite-des-magistrats/,1,622633.1707317074
loger-dakar,À louer – Appartement haut standing aux Almadies,950000.0,Almadies,3.0,3.0,140.0,0.0,0.0,0.0,https://www.loger-dakar.com/Bien/a-louer-appartement-haut-standing-aux-almadies/,1,1074463.5443349753
loger-dakar,Appartement F4 à louer,750000.0,Autre,3.0,4.0,140.0,0.0,0.0,0.0,https://www.loger-dakar.com/Bien/appartement-f4-a-louer-2/,1,639511.9856115108
loger-dakar,Appartement à louer,450000.0,Autre,3.0,3.0,140.0,0.0,0.0,0.0,https://www.loger-dakar.com/Bien/appartement-a-louer-43/,1,639511.9856115108
loger-dakar,Appartement à louer,800000.0,Autre,3.0,4.0,140.0,0.0,0.0,0.0,https://www.loger-dakar.com/Bien/appartement-a-louer-42/,1,639511.9856115108
loger-dakar,"🏢 Appartement F4 à louer – Fass, Avenue Cheikh Anta Diop",700000.0,Autre,3.0,3.0,140.0,0.0,0.0,0.0,https://www.loger-dakar.com/Bien/%f0%9f%8f%a2-appartement-f4-a-louer-fass-avenue-cheikh-anta-diop/,1,639511.9856115108
loger-dakar,Villa meublée 7 pièces à louer à yoff-Djilly Mbaye,250000.0,Yoff,5.0,5.0,220.0,1.0,0.0,0.0,https://www.loger-dakar.com/Bien/villa-meublee-7-pieces-a-louer-yoff-cite-djilly-mbaye/,1,528798.4732824428
loger-dakar,🏡 Villa R+1 à Louer – Almadies 📍 Vers Nirvana,3000000.0,Almadies,7.0,4.0,300.0,0.0,0.0,0.0,https://www.loger-dakar.com/Bien/%f0%9f%8f%a1-villa-r1-a-louer-almadies-%f0%9f%93%8d-vers-nirvana/,1,1074463.5443349753
loger-dakar,Studio f2 neuf à louer à ngor,200000.0,Ngor,1.0,1.0,60.0,0.0,0.0,1.0,https://www.loger-dakar.com/Bien/studio-f2-neuf-a-louer-a-ngor/,1,799681.1320754717
loger-dakar,Appartement meublé f2 à louer à yoff route de l’ancien aéroport,500000.0,Yoff,1.0,1.0,60.0,1.0,0.0,0.0,https://www.loger-dakar.com/Bien/appartement-meuble-f2-a-louer-a-yoff-route-de-lancien-aeroport/,1,528798.4732824428
loger-dakar,Villa r+2 comprenant 6 pièces à louer aux almadies,1200000.0,Almadies,5.0,3.0,220.0,0.0,0.0,0.0,https://www.loger-dakar.com/Bien/villa-6-pieces-a-louer-aux-almadies/,1,1074463.5443349753
loger-dakar,Bel appartement meublé f5 à louer sur la corniche ouest ( cité africa),3500000.0,Autre,4.0,4.0,180.0,1.0,0.0,0.0,https://www.loger-dakar.com/Bien/bel-appartement-meuble-f5-sur-la-corniche-ouest-cite-africa/,1,639511.9856115108
loger-dakar,Villa 8 pièces à louer à ngor-almadies,2000000.0,Almadies,7.0,5.0,300.0,0.0,0.0,0.0,https://www.loger-dakar.com/Bien/villa-8-pieces-a-louer-a-ngor-almadies/,1,1074463.5443349753
loger-dakar,Duplex meublé f5 à louer au point E,2000000.0,Point E,4.0,4.0,180.0,1.0,0.0,0.0,https://www.loger-dakar.com/Bien/duplex-meuble-f5-a-louer-au-point-e/,1,1003072.2891566266
loger-dakar,📍 Appartement à Louer – Keur Goor Gui,700000.0,Autre,3.0,2.0,140.0,0.0,0.0,0.0,https://www.loger-dakar.com/Bien/%f0%9f%93%8d-appartement-a-louer-keur-goor-gui/,1,639511.9856115108
loger-dakar,🏡 Villa R+1 ( 600m²) à Louer – Almadies 📍 Vers Nirvana,3000000.0,Almadies,7.0,4.0,300.0,0.0,0.0,0.0,https://www.loger-dakar.com/Bien/%f0%9f%8f%a1-villa-r1-600m%c2%b2-a-vendre-almadies-%f0%9f%93%8d-vers-nirvana/,1,1074463.5443349753
loger-dakar,Duplex meublé 5 pièces à louer au point E,2000000.0,Point E,4.0,4.0,180.0,1.0,0.0,0.0,https://www.loger-dakar.com/Bien/duplex-meuble-5-pieces-a-louer-au-point-e/,1,1003072.2891566266
loger-dakar,Villa meublée 5 pièces à louer à ngaparou,250000.0,Autre,4.0,4.0,180.0,1.0,0.0,0.0,https://www.loger-dakar.com/Bien/villa-meublee-5-pieces-a-louer-a-ngaparou-2/,1,639511.9856115108
loger-dakar,Bel appartement meublé f2 à louer au point E,1000000.0,Point E,1.0,1.0,60.0,1.0,0.0,0.0,https://www.loger-dakar.com/Bien/bel-appartement-meuble-f2-a-louer-au-point-e-5/,1,1003072.2891566266
loger-dakar,APPARTEMENT F3 À LOUER NGOR ALMADIES,700000.0,Almadies,2.0,3.0,100.0,0.0,0.0,0.0,https://www.loger-dakar.com/Bien/appartement-f3-a-louer-ngor-almadies-5/,1,1074463.5443349753
loger-dakar,Appartement f4 à louer au point E Avenue Cheikh Anta Diop,900000.0,Point E,3.0,2.0,140.0,0.0,0.0,0.0,https://www.loger-dakar.com/Bien/appartement-f4-a-louer-au-point-e-avenue-cheikh-anta-diop-2/,1,1003072.2891566266
loger-dakar,Appartement f4 à louer à ngor almadies,1000000.0,Almadies,3.0,3.0,140.0,0.0,0.0,0.0,https://www.loger-dakar.com/Bien/appartement-f4-a-louer-a-ngor-almadies-3/,1,1074463.5443349753
loger-dakar,Villa meublée f3 avec mezzanine à louer à saly niakh niakhal,500000.0,Autre,2.0,2.0,100.0,1.0,0.0,0.0,https://www.loger-dakar.com/Bien/villa-meublee-f3-avec-mezzanine-a-louer-a-saly-niakh-niakhal/,1,639511.9856115108
loger-dakar,🏢 Appartements F4 à Louer – Cité Mourtada (derrière supermarché Exclusif),450000.0,Autre,3.0,2.0,140.0,0.0,0.0,0.0,https://www.loger-dakar.com/Bien/%f0%9f%8f%a2-appartements-f4-a-louer-cite-mourtada-derriere-supermarche-exclusif/,1,639511.9856115108
loger-dakar,Bel appartement meublé 4 pièces à louer à yoff-virage,100000.0,Ngor,3.0,3.0,140.0,1.0,0.0,0.0,https://www.loger-dakar.com/Bien/bzl-appartement-meuble-4-pieces-a-louer-a-yoff-virage/,1,799681.1320754717
loger-dakar,Bel appartement meublé f4 à louer à yoff-virage,100000.0,Ngor,3.0,3.0,140.0,1.0,0.0,0.0,https://www.loger-dakar.com/Bien/bel-appartement-meuble-f4-a-louer-a-yoff-virage/,1,799681.1320754717
loger-dakar,Appartement meublé f4 à louer à liberté 6 extension,560000.0,Sicap,3.0,2.0,140.0,1.0,0.0,0.0,https://www.loger-dakar.com/Bien/appartement-meuble-f4-a-louer-a-liberte-6-extension-8/,1,559881.25
loger-dakar,Mini studio f1 à louer à yoff derrière ecobank,125000.0,Yoff,1.0,1.0,60.0,0.0,0.0,0.0,https://www.loger-dakar.com/Bien/mini-studio-f1-a-louer-a-yoff-derriere-ecobank/,1,528798.4732824428
loger-dakar,Belle villa 7 pièces pieds dans l’eau à louer au virage,4500000.0,Ngor,6.0,6.0,260.0,0.0,0.0,0.0,https://www.loger-dakar.com/Bien/belle-villa-7-pieces-pieds-dans-leau-a-louer-au-virage-2/,1,799681.1320754717
loger-dakar,Chambre meublée avec balcon à louer au virage,200000.0,Ngor,1.0,1.0,60.0,1.0,0.0,0.0,https://www.loger-dakar.com/Bien/chambre-meublee-avec-balcon-a-louer-au-virage/,1,799681.1320754717
loger-dakar,Penthouse f5 meublé pieds à louer au virage,250000.0,Ngor,4.0,4.0,180.0,1.0,0.0,0.0,https://www.loger-dakar.com/Bien/penthouse-f5-meuble-pieds-a-louer-au-virage/,1,799681.1320754717
loger-dakar,🏡 APPARTEMENT À LOUER – ALMADIES 📍 Emplacement privilégié – Proche du Supermarché Casino,1250000.0,Almadies,3.0,3.0,140.0,0.0,0.0,0.0,https://www.loger-dakar.com/Bien/%f0%9f%8f%a1-appartement-a-louer-almadies-%f0%9f%93%8d-emplacement-privilegie-proche-du-supermarche-casino/,1,1074463.5443349753
loger-dakar,Appartement neuf f3 à usage de bureaux à louer à colobane,325000.0,Autre,2.0,2.0,100.0,0.0,0.0,1.0,https://www.loger-dakar.com/Bien/appartement-neuf-f3-a-usage-de-bureaux-a-louer-a-colobane-3/,1,639511.9856115108
loger-dakar,Studio f2 à louer à yoff derrière ecobank,180000.0,Yoff,1.0,1.0,60.0,0.0,0.0,0.0,https://www.loger-dakar.com/Bien/studio-f2-a-louer-a-yoff-derriere-ecobank-2/,1,528798.4732824428
loger-dakar,Chambre meublée avec salle de bain à louer au virage,300000.0,Ngor,1.0,1.0,60.0,1.0,0.0,0.0,https://www.loger-dakar.com/Bien/chambre-meublee-avec-salle-de-bain-a-louer-au-virage-5/,1,799681.1320754717
loger-dakar,Appartement f2 à louer au almadies,300000.0,Almadies,1.0,1.0,60.0,0.0,0.0,0.0,https://www.loger-dakar.com/Bien/appartement-f2-a-louer-au-almadies/,1,1074463.5443349753
loger-dakar,Appartement meublé f4 à louer à yoff-biagui,500000.0,Yoff,3.0,2.0,140.0,1.0,0.0,0.0,https://www.loger-dakar.com/Bien/appartement-meuble-f4-a-louer-a-yoff-biagui/,1,528798.4732824428
loger-dakar,Appartement F4 à Louer – Ouakam (Proximité Monument de la Renaissance),450000.0,Ouakam,3.0,2.0,140.0,0.0,0.0,0.0,https://www.loger-dakar.com/Bien/appartement-f4-a-louer-ouakam-proximite-monument-de-la-renaissance/,1,740800.0
loger-dakar,APPARTEMENT F3 À LOUER MAMELLES,380000.0,Mamelles,2.0,2.0,100.0,0.0,0.0,0.0,https://www.loger-dakar.com/Bien/appartement-f3-a-louer-mamelles-3/,1,622633.1707317074
loger-dakar,APPARTEMENT F3 À LOUER OUEST FOIRE,350000.0,Yoff,2.0,3.0,100.0,0.0,0.0,0.0,https://www.loger-dakar.com/Bien/appartement-f3-a-louer-ouest-foire-3/,1,528798.4732824428
loger-dakar,APPARTEMENT F3 À LOUER SACRÉ COEUR 3 VDN,450000.0,Autre,3.0,3.0,140.0,0.0,0.0,0.0,https://www.loger-dakar.com/Bien/appartement-f3-a-louer-sacre-coeur-3-vdn/,1,639511.9856115108
loger-dakar,APPARTEMENT F4 À LOUER OUAKAM,450000.0,Ouakam,3.0,3.0,140.0,0.0,0.0,0.0,https://www.loger-dakar.com/Bien/appartement-f4-a-louer-ouakam-2/,1,740800.0
loger-dakar,Appartement de grand standing à louer à Yoff Onomo,1100000.0,Yoff,3.0,2.0,140.0,0.0,0.0,0.0,https://www.loger-dakar.com/Bien/appartement-de-grand-standing-a-louer-a-yoff-onomo/,1,528798.4732824428
loger-dakar,Appartement 6 pièces à usage de bureaux à louer sur la grande route principale de ngor,1500000.0,Ngor,5.0,4.0,220.0,0.0,0.0,0.0,https://www.loger-dakar.com/Bien/appartement-6-pieces-a-usage-de-bureaux-a-louer-sur-la-grande-route-principale-de-ngor/,1,799681.1320754717
loger-dakar,Belle villa meublée f3 à louer à sacré coeur 3,900000.0,Autre,2.0,2.0,100.0,1.0,0.0,0.0,https://www.loger-dakar.com/Bien/belle-villa-meublee-f3-a-louer-a-sacre-coeur-3-3/,1,639511.9856115108
loger-dakar,Appartement f3 à usage de bureaux à louer à colobane,325000.0,Autre,2.0,2.0,100.0,0.0,0.0,0.0,https://www.loger-dakar.com/Bien/appartement-f3-a-usage-de-bureaux-a-louer-a-colobane-5/,1,639511.9856115108
loger-dakar,À LOUER – Appartements F5 à Sacré-Cœur,800000.0,Autre,4.0,4.0,180.0,0.0,0.0,0.0,https://www.loger-dakar.com/Bien/a-louer-appartements-f5-a-sacre-coeur/,1,639511.9856115108
loger-dakar,Villa meublée 7 pièces à louer à saly,185000.0,Autre,6.0,5.0,260.0,1.0,0.0,0.0,https://www.loger-dakar.com/Bien/villa-meublee-7-pieces-a-louer-a-saly-2/,1,639511.9856115108
loger-dakar,Appartement meublé neuf f5 à louer au virage,4000000.0,Ngor,4.0,4.0,180.0,1.0,0.0,1.0,https://www.loger-dakar.com/Bien/appartement-meuble-neuf-f5-a-louer-au-virage/,1,799681.1320754717
loger-dakar,À LOUER – APPARTEMENT F4 AUX MAMELLES (Cité Mbackyou Faye) Disponible au 1er et 2ème étage,550000.0,Mamelles,3.0,2.0,140.0,0.0,0.0,0.0,https://www.loger-dakar.com/Bien/a-louer-appartement-f4-aux-mamelles-cite-mbackyou-faye-disponible-au-1er-et-2eme-etage/,1,622633.1707317074
loger-dakar,Appartement de grand standing à louer au Point E,1000000.0,Point E,3.0,3.0,140.0,0.0,0.0,0.0,https://www.loger-dakar.com/Bien/appartement-de-grand-standing-a-louer-au-point-e/,1,1003072.2891566266
loger-dakar,Appartement f3 à louer aux almadies,350000.0,Almadies,2.0,2.0,100.0,0.0,0.0,0.0,https://www.loger-dakar.com/Bien/appartement-f3-a-louer-aux-almadies/,1,1074463.5443349753
loger-dakar,Appartement f4 à louer aux almadies,500000.0,Almadies,3.0,2.0,140.0,0.0,0.0,0.0,https://www.loger-dakar.com/Bien/appartement-f4-a-louer-aux-almadies-4/,1,1074463.5443349753
loger-dakar,APPARTEMENT F4 À LOUER MAMELLES,800000.0,Mamelles,3.0,4.0,140.0,0.0,0.0,0.0,https://www.loger-dakar.com/Bien/appartement-f4-a-louer-mamelles-7/,1,622633.1707317074
loger-dakar,Appartement f3 à louer au point E sur l’Avenue Cheikh Anta Diop,800000.0,Point E,2.0,2.0,100.0,0.0,0.0,0.0,https://www.loger-dakar.com/Bien/appartement-f3-a-louer-au-point-e-sur-lavenue-cheikh-anta-diop-2/,1,1003072.2891566266
loger-dakar,Bel appartement f3 à louer au virage,500000.0,Ngor,2.0,2.0,100.0,0.0,0.0,0.0,https://www.loger-dakar.com/Bien/bel-appartement-f3-a-louer-au-virage/,1,799681.1320754717
loger-dakar,À Louer – Appartement F5 Haut Standing – Route des Almadies,2100000.0,Almadies,4.0,4.0,180.0,0.0,0.0,0.0,https://www.loger-dakar.com/Bien/a-louer-appartement-f5-haut-standing-route-des-almadies/,1,1074463.5443349753
loger-dakar,"À LOUER – Spacieuse Villa R+2 à la Cité Mbackiyou Faye, Mamelles",1500000.0,Mamelles,6.0,3.0,260.0,0.0,0.0,0.0,https://www.loger-dakar.com/Bien/a-louer-spacieuse-villa-r2-a-la-cite-mbackiyou-faye-mamelles/,1,622633.1707317074
loger-dakar,À LOUER – Appartement F4 Haut Standing à Mermoz Cité Batrain,400000.0,Mermoz,3.0,2.0,140.0,0.0,0.0,0.0,https://www.loger-dakar.com/Bien/a-louer-appartement-f4-haut-standing-a-mermoz-cite-batrain/,1,1032668.5082872928
loger-dakar,APPARTEMENT F4 À LOUER – CITÉ KEUR GOORGUI,750000.0,Autre,3.0,2.0,140.0,0.0,0.0,0.0,https://www.loger-dakar.com/Bien/appartement-f4-a-louer-cite-keur-goorgui/,1,639511.9856115108
loger-dakar,APPARTEMENT NEUF À LOUER – FANN HOCK,850000.0,Fann,2.0,2.0,100.0,0.0,0.0,1.0,https://www.loger-dakar.com/Bien/appartement-neuf-a-louer-fann-hock/,1,2078164.430379747
loger-dakar,Villa meublée 5 pièces à louer à saly,900000.0,Autre,4.0,4.0,180.0,1.0,0.0,0.0,https://www.loger-dakar.com/Bien/villa-meublee-5-pieces-a-louer-a-saly-11/,1,639511.9856115108
loger-dakar,Belle villa meublée f3 à louer à sacré coeur 3,900000.0,Autre,2.0,2.0,100.0,1.0,0.0,0.0,https://www.loger-dakar.com/Bien/belle-villa-meublee-f3-a-louer-a-sacre-coeur-3-2/,1,639511.9856115108
loger-dakar,Appartement f3 à usage de bureaux à louer à colobane,325000.0,Autre,2.0,2.0,100.0,0.0,0.0,0.0,https://www.loger-dakar.com/Bien/appartement-f3-a-usage-de-bureaux-a-louer-a-colobane-4/,1,639511.9856115108
loger-dakar,Appartement meublé f4 à louer au point E,2000000.0,Point E,3.0,3.0,140.0,1.0,0.0,0.0,https://www.loger-dakar.com/Bien/appartement-meuble-f4-a-louer-au-point-e-3/,1,1003072.2891566266
loger-dakar,APPARTEMENT F4 À LOUER – NGOR ALMADIES,650000.0,Almadies,3.0,2.0,140.0,0.0,0.0,0.0,https://www.loger-dakar.com/Bien/appartement-f4-a-louer-ngor-almadies-6/,1,1074463.5443349753
loger-dakar,À Louer – Appartement Neuf à Liberté 6 Extension,500000.0,Sicap,3.0,3.0,140.0,0.0,0.0,1.0,https://www.loger-dakar.com/Bien/a-louer-appartement-neuf-a-liberte-6-extension/,1,559881.25
loger-dakar,"À Louer – Appartement F4 à la Cité Cheikh Amar, Mamelles",900000.0,Mamelles,3.0,3.0,140.0,0.0,0.0,0.0,https://www.loger-dakar.com/Bien/a-louer-appartement-f4-a-la-cite-cheikh-amar-mamelles/,1,622633.1707317074
loger-dakar,STUDIO MEUBLÉ À LOUER NGOR ALMADIES,700000.0,Almadies,1.0,1.0,60.0,1.0,0.0,0.0,https://www.loger-dakar.com/Bien/studio-meuble-a-louer-ngor-almadies-2/,1,1074463.5443349753
loger-dakar,Villa 6 pièces à louer sur aux almadies route king fad palace,1200000.0,Almadies,5.0,3.0,220.0,0.0,0.0,0.0,https://www.loger-dakar.com/Bien/villa-6-pieces-a-louer-sur-aix-almadies-route-king-fad-palace/,1,1074463.5443349753
loger-dakar,Appartement f4 à louer à ngor-almadies derrière Philippe moris,1000000.0,Almadies,3.0,3.0,140.0,0.0,0.0,0.0,https://www.loger-dakar.com/Bien/appartement-f4-a-louer-a-ngor-almadies-derriere-philippe-moris/,1,1074463.5443349753
loger-dakar,Villa 8 pièces de grqnde superficie à louer à ngor almadies louer,2300000.0,Almadies,6.0,5.0,260.0,0.0,0.0,0.0,https://www.loger-dakar.com/Bien/villa-8-pieces-de-grqnde-superficie-a-louer-a-ngor-almadies-louer/,1,1074463.5443349753
loger-dakar,Appartement f4 à louer au virage derrière la banque NSEA,650000.0,Ngor,3.0,2.0,140.0,0.0,0.0,0.0,https://www.loger-dakar.com/Bien/appartement-f4-a-louer-au-virage-derriere-la-banque-nsea/,1,799681.1320754717
loger-dakar,À LOUER – Appartement 3 Chambres à Liberté 2,550000.0,Sicap,3.0,3.0,140.0,0.0,0.0,0.0,https://www.loger-dakar.com/Bien/a-louer-appartement-3-chambres-a-liberte-2/,1,559881.25
loger-dakar,Appartement f3 à louer au point E sur l’avenue Cheikh Anta Diop,800000.0,Point E,2.0,2.0,100.0,0.0,0.0,0.0,https://www.loger-dakar.com/Bien/appartement-f3-a-louer-au-point-e-sur-lavenue-cheikh-anta-diop/,1,1003072.2891566266
loger-dakar,Chambre meublée avec salle de bain à louer au virage,200000.0,Ngor,1.0,1.0,60.0,1.0,0.0,0.0,https://www.loger-dakar.com/Bien/chambre-meublee-avec-salle-de-bain-a-louer-au-virage-3/,1,799681.1320754717
loger-dakar,Àppartement f4 à louer au virage,500000.0,Ngor,3.0,2.0,140.0,0.0,0.0,0.0,https://www.loger-dakar.com/Bien/appartement-f4-a-louer-au-virage-4/,1,799681.1320754717
loger-dakar,Bel appartement f5 neuf avec terasse privée vue sur mer à louer au virage,2000000.0,Ngor,4.0,4.0,180.0,0.0,1.0,1.0,https://www.loger-dakar.com/Bien/bel-appartement-f5-neuf-avec-terasse-privee-vue-sur-mer-a-louer-au-virage/,1,799681.1320754717
loger-dakar,Bel appartement meublé f5 de standing à louer au virage,4000000.0,Ngor,4.0,4.0,180.0,1.0,0.0,0.0,https://www.loger-dakar.com/Bien/bel-appartement-meuble-f5-de-standing-a-louer-au-virage/,1,799681.1320754717
loger-dakar,Appartement f2 à usage de bureaux à louer à colobane,300000.0,Autre,1.0,1.0,60.0,0.0,0.0,0.0,https://www.loger-dakar.com/Bien/appartement-f2-a-usage-de-bureaux-a-louer-a-colobane/,1,639511.9856115108
loger-dakar,APPARTEMENT F4 À LOUER NGOR ALMADIES,1300000.0,Almadies,3.0,4.0,140.0,0.0,0.0,0.0,https://www.loger-dakar.com/Bien/appartement-f4-a-louer-ngor-almadies-5/,1,1074463.5443349753
loger-dakar,APPARTEMENT F3 À LOUER NGOR ALMADIES,700000.0,Almadies,2.0,3.0,100.0,0.0,0.0,0.0,https://www.loger-dakar.com/Bien/appartement-f3-a-louer-ngor-almadies-4/,1,1074463.5443349753
loger-dakar,APPARTEMENT F4 À LOUER NGOR ALMADIES,700000.0,Almadies,3.0,4.0,140.0,0.0,0.0,0.0,https://www.loger-dakar.com/Bien/appartement-f4-a-louer-ngor-almadies-4/,1,1074463.5443349753
loger-dakar,APPARTEMENT F4 À LOUER NGOR ALMADIES,750000.0,Almadies,3.0,4.0,140.0,0.0,0.0,0.0,https://www.loger-dakar.com/Bien/appartement-f4-a-louer-ngor-almadies-3/,1,1074463.5443349753
loger-dakar,À Louer – Appartements Grand Standing aux Almadies,800000.0,Almadies,4.0,3.0,180.0,0.0,0.0,0.0,https://www.loger-dakar.com/Bien/a-louer-appartements-grand-standing-aux-almadies/,1,1074463.5443349753
loger-dakar,À LOUER – Appartements Neufs à Karack (en face Yalla Souren),700000.0,Autre,3.0,3.0,140.0,0.0,0.0,1.0,https://www.loger-dakar.com/Bien/a-louer-appartements-neufs-a-karack-en-face-yalla-souren/,1,639511.9856115108
loger-dakar,Studio f2 à louer à yoff apecsy,150000.0,Yoff,1.0,1.0,60.0,0.0,0.0,0.0,https://www.loger-dakar.com/Bien/studio-f2-a-louer-a-yoff-apecsy/,1,528798.4732824428
loger-dakar,APPARTEMENT À LOUER – MAMELLES EXTENSION,500000.0,Mamelles,4.0,2.0,180.0,0.0,0.0,0.0,https://www.loger-dakar.com/Bien/appartement-a-louer-mamelles-extension/,1,622633.1707317074
loger-dakar,À LOUER – Superbe Villa à Comico Ouakam,1000000.0,Ouakam,5.0,5.0,220.0,0.0,0.0,0.0,https://www.loger-dakar.com/Bien/a-louer-superbe-villa-a-comico-ouakam/,1,740800.0
loger-dakar,APPARTEMENT F3 À LOUER CITÉ BIAGUI YOFF,350000.0,Yoff,2.0,2.0,100.0,0.0,0.0,0.0,https://www.loger-dakar.com/Bien/appartement-f3-a-louer-cite-biagui-yoff/,1,528798.4732824428
loger-dakar,APPARTEMENT F3 À LOUER YOFF BIAGUI,400000.0,Yoff,3.0,3.0,140.0,0.0,0.0,0.0,https://www.loger-dakar.com/Bien/appartement-f3-a-louer-yoff-biagui/,1,528798.4732824428
loger-dakar,APPARTEMENT F4 À LOUER YOFF,350000.0,Yoff,3.0,3.0,140.0,0.0,0.0,0.0,https://www.loger-dakar.com/Bien/appartement-f4-a-louer-yoff/,1,528798.4732824428
loger-dakar,APPARTEMENT F3 À LOUER YOFF,315000.0,Yoff,2.0,3.0,100.0,0.0,0.0,0.0,https://www.loger-dakar.com/Bien/appartement-f3-a-louer-yoff/,1,528798.4732824428
loger-dakar,Appartement meublé f2 à louer à yoff route de l’ancien aéroport,550000.0,Yoff,1.0,1.0,60.0,1.0,0.0,0.0,https://www.loger-dakar.com/Bien/appartement-meuble-f2-a-louer-a-yoff-route-de-lancien-aeroport-2/,1,528798.4732824428
loger-dakar,Appartement f3 à louer au point E Avenue Cheikh Anta Diop,800000.0,Point E,3.0,2.0,140.0,0.0,0.0,0.0,https://www.loger-dakar.com/Bien/appartement-f3-a-louer-au-point-e-avenue-cheikh-anta-diop/,1,1003072.2891566266
loger-dakar,Studio à louer à yoff apecsy,150000.0,Yoff,1.0,1.0,60.0,0.0,0.0,0.0,https://www.loger-dakar.com/Bien/studio-a-louer-a-yoff-apecsy/,1,528798.4732824428
loger-dakar,VILLA R+1 A LOUER VIRAGE,3000000.0,Ngor,4.0,5.0,180.0,0.0,0.0,0.0,https://www.loger-dakar.com/Bien/villa-r1-a-louer-virage/,1,799681.1320754717
loger-dakar,APPARTEMENT F3 À LOUER MAMELLES,550000.0,Mamelles,2.0,3.0,100.0,0.0,0.0,0.0,https://www.loger-dakar.com/Bien/appartement-f3-a-louer-mamelles-2/,1,622633.1707317074
loger-dakar,APPARTEMENT F4 À LOUER MAMELLES,550000.0,Mamelles,3.0,4.0,140.0,0.0,0.0,0.0,https://www.loger-dakar.com/Bien/appartement-f4-a-louer-mamelles-6/,1,622633.1707317074
loger-dakar,APPARTEMENT F4 À LOUER MERMOZ BATRAIN,518000.0,Mermoz,3.0,4.0,140.0,0.0,0.0,0.0,https://www.loger-dakar.com/Bien/appartement-f4-a-louer-mermoz-batrain/,1,1032668.5082872928
loger-dakar,APPARTEMENT F4 À LOUER – CITÉ BATRAIN (Mermoz),415000.0,Mermoz,3.0,2.0,140.0,0.0,0.0,0.0,https://www.loger-dakar.com/Bien/appartement-f4-a-louer-cite-batrain-mermoz/,1,1032668.5082872928
loger-dakar,BUREAUX A LOUER,300000.0,Autre,2.0,2.0,100.0,0.0,0.0,0.0,https://www.loger-dakar.com/Bien/bureaux-a-louer/,1,639511.9856115108
loger-dakar,"À Louer – Magnifique Villa R+1 à Cité Mbakiyou Faye, Mamelles",1000000.0,Mamelles,4.0,4.0,180.0,0.0,0.0,0.0,https://www.loger-dakar.com/Bien/a-louer-magnifique-villa-r1-a-cite-mbakiyou-faye-mamelles/,1,622633.1707317074
loger-dakar,À louer – Magasin à Ouakam Mamelles,200000.0,Mamelles,0.0,1.0,20.0,0.0,0.0,0.0,https://www.loger-dakar.com/Bien/a-louer-magasin-a-ouakam-mamelles/,1,622633.1707317074
loger-dakar,Appartement f4 à louer à ngor almadies,1000000.0,Almadies,3.0,3.0,140.0,0.0,0.0,0.0,https://www.loger-dakar.com/Bien/appartement-f4-a-louer-a-ngor-almadies-2/,1,1074463.5443349753
loger-dakar,Belle villa meublée 7 pièces à louer à la somone,325000.0,Autre,6.0,6.0,260.0,1.0,0.0,0.0,https://www.loger-dakar.com/Bien/belle-villa-meublee-6-pieces-a-louer-a-la-somone/,1,639511.9856115108
loger-dakar,Bel appartement meublé 6 pièces à louer au virage,175000.0,Ngor,5.0,5.0,220.0,1.0,0.0,0.0,https://www.loger-dakar.com/Bien/bel-appartement-meuble-6-pieces-a-louer-au-virage-2/,1,799681.1320754717
loger-dakar,Villa meublée f4 à louer à ngaparou,985000.0,Autre,3.0,3.0,140.0,1.0,0.0,0.0,https://www.loger-dakar.com/Bien/villa-meublee-f4-a-louer-a-ngaparou-3/,1,639511.9856115108
loger-dakar,À louer – Ngor Almadies (près du rond-point Brioche Dorée),360000.0,Almadies,3.0,2.0,140.0,0.0,0.0,0.0,https://www.loger-dakar.com/Bien/a-louer-ngor-almadies-pres-du-rond-point-brioche-doree/,1,1074463.5443349753
loger-dakar,APPARTEMENT À LOUER – NGOR-ALMADIES 03 chambres salon au 2ème étage,500000.0,Almadies,3.0,3.0,140.0,0.0,0.0,0.0,https://www.loger-dakar.com/Bien/appartement-a-louer-ngor-almadies-03-chambres-salon-au-2eme-etage/,1,1074463.5443349753
loger-dakar,Mini studio f1 à louer à ngor-almadies derrière chez katia,150000.0,Almadies,1.0,1.0,60.0,0.0,0.0,0.0,https://www.loger-dakar.com/Bien/mini-studio-f1-a-louer-a-ngor-almadies-derriere-chez-katia/,1,1074463.5443349753
loger-dakar,"Appartements F4 de standing aux Mamelles, Cité Mbackiyou Faye Dans un immeuble neuf, disponibles au 1er, 2e et 3e étage",500000.0,Mamelles,3.0,1.0,140.0,0.0,0.0,1.0,https://www.loger-dakar.com/Bien/appartements-f4-de-standing-aux-mamelles-cite-mbackiyou-faye-dans-un-immeuble-neuf-disponibles-au-1er-2e-et-3e-etage/,1,622633.1707317074
loger-dakar,"Appartement F4 Grand Standing Sacré-Cœur VDN 03 chambres avec salles de bain, salon et cuisine entièrement équipée",700000.0,Autre,3.0,3.0,140.0,0.0,0.0,0.0,https://www.loger-dakar.com/Bien/appartement-f4-grand-standing-sacre-coeur-vdn-03-chambres-avec-salles-de-bain-salon-et-cuisine-entierement-equipee/,1,639511.9856115108
loger-dakar,Duplex F5 aux Mamelles dans la cité Cheikh Amar au 5éme étage 04 chambres salon,750000.0,Mamelles,4.0,4.0,180.0,0.0,0.0,0.0,https://www.loger-dakar.com/Bien/duplex-f5-aux-mamelles-dans-la-cite-cheikh-amar-au-5eme-etage-04-chambres-salon/,1,622633.1707317074
loger-dakar,Très grand Studio au 1er étage à la Cité Mbackiyou Faye derrière le terminus P7,330000.0,Autre,1.0,1.0,60.0,0.0,0.0,0.0,https://www.loger-dakar.com/Bien/tres-grand-studio-au-1er-etage-a-la-cite-mbackiyou-faye-derriere-le-terminus-p7/,1,639511.9856115108
loger-dakar,Appartement de 03 Chambres salon aux Mamelles Corniche au rez-de-chaussée,400000.0,Mamelles,3.0,2.0,140.0,0.0,0.0,0.0,https://www.loger-dakar.com/Bien/appartement-de-03-chambres-salon-aux-mamelles-corniche-au-rez-de-chaussee/,1,622633.1707317074
loger-dakar,Appartement F4: 3 chambres salon aux Mamelles dans la cité de Cheikh Amar,900000.0,Mamelles,3.0,2.0,140.0,0.0,0.0,0.0,https://www.loger-dakar.com/Bien/appartement-f4-3-chambres-salon-aux-mamelles-dans-la-cite-de-cheikh-amar/,1,622633.1707317074
loger-dakar,Studio Chambre Salon cuisine et toilette au Point E,270000.0,Point E,1.0,1.0,60.0,0.0,0.0,0.0,https://www.loger-dakar.com/Bien/studio-chambre-salon-cuisine-et-toilette-au-point-e/,1,1003072.2891566266
loger-dakar,Appartement 2 chambres salon à Ngor,500000.0,Ngor,2.0,2.0,100.0,0.0,0.0,0.0,https://www.loger-dakar.com/Bien/appartement-2-chambres-salon-a-ngor/,1,799681.1320754717
loger-dakar,APPARTEMENT F4 À LOUER YOFF OCÉAN,500000.0,Yoff,3.0,3.0,140.0,0.0,0.0,0.0,https://www.loger-dakar.com/Bien/appartement-f4-a-louer-yoff-ocean/,1,528798.4732824428
loger-dakar,APPARTEMENT F4 À LOUER YOFF AÉROPORT,600000.0,Yoff,3.0,4.0,140.0,0.0,0.0,0.0,https://www.loger-dakar.com/Bien/appartement-f4-a-louer-yoff-aeroport-2/,1,528798.4732824428
loger-dakar,Villa neuve f5 non meublée à ngaparou,1000000.0,Autre,4.0,4.0,180.0,1.0,0.0,0.0,https://www.loger-dakar.com/Bien/villa-neuve-f5-non-meublee-a-ngaparou/,1,639511.9856115108
loger-dakar,Appartement f4 avec jardin à louer aux almadies route king fad palace,1000000.0,Almadies,3.0,3.0,140.0,0.0,0.0,0.0,https://www.loger-dakar.com/Bien/appartement-f4-avec-jardin-a-louer-aux-almadies-route-king-fad-palace/,1,1074463.5443349753
loger-dakar,Appartement f2 à louer aux almadies,259000.0,Almadies,1.0,1.0,60.0,0.0,0.0,0.0,https://www.loger-dakar.com/Bien/appartement-f2-a-louer-aux-almadies-3/,1,1074463.5443349753
loger-dakar,Appartement meublé f3 à louer au virage,800000.0,Ngor,2.0,2.0,100.0,1.0,0.0,0.0,https://www.loger-dakar.com/Bien/appartement-meuble-f3-a-louer-au-virage-6/,1,799681.1320754717
loger-dakar,Appartement f4 à louer aux almadies,700000.0,Almadies,3.0,2.0,140.0,0.0,0.0,0.0,https://www.loger-dakar.com/Bien/appartement-f4-a-louer-aux-almadies-5/,1,1074463.5443349753
loger-dakar,Appartement meublé f2 à louer au point E,850000.0,Point E,1.0,1.0,60.0,1.0,0.0,0.0,https://www.loger-dakar.com/Bien/appartement-meuble-f2-a-louer-au-point-e-6/,1,1003072.2891566266
loger-dakar,Appartement f4 neuf à louer à ngor almadies,500000.0,Almadies,3.0,2.0,140.0,0.0,0.0,1.0,https://www.loger-dakar.com/Bien/appartement-f4-neuf-a-louer-a-ngor-almadies/,1,1074463.5443349753
loger-dakar,Appartement 3 chambres salon aux Almadies zone de recasement avec ascenseur moderne,499000.0,Almadies,3.0,3.0,140.0,0.0,0.0,0.0,https://www.loger-dakar.com/Bien/appartement-3-chambres-salon-aux-almadies-zone-de-recasement-avec-ascenseur-moderne/,1,1074463.5443349753
loger-dakar,Appartement 02 chambres salon aux Almadies zone de recasement avec ascenseur moderne avec une vue panoramique sur l’océan,399000.0,Almadies,2.0,2.0,100.0,0.0,0.0,0.0,https://www.loger-dakar.com/Bien/appartement-02-chambres-salon-aux-almadies-zone-de-recasement-avec-ascenseur-moderne-avec-une-vue-panoramique-sur-locean/,1,1074463.5443349753
loger-dakar,Appartement 2 chambres salon à la cité Mourtada derrière l’hypermarché exclusive qui se trouve sur la VDN,350000.0,Autre,2.0,2.0,100.0,0.0,0.0,0.0,https://www.loger-dakar.com/Bien/appartement-2-chambres-salon-a-la-cite-mourtada-derriere-lhypermarche-exclusive-qui-se-trouve-sur-la-vdn/,1,639511.9856115108
loger-dakar,Appartement 3 Chambres Salon au 1er étage Route de Ngor,350000.0,Ngor,3.0,2.0,140.0,0.0,0.0,0.0,https://www.loger-dakar.com/Bien/appartement-3-chambres-salon-au-1er-etage-route-de-ngor/,1,799681.1320754717
loger-dakar,APPARTEMENT F4 À LOUER OUAKAM,350000.0,Ouakam,3.0,2.0,140.0,0.0,0.0,0.0,https://www.loger-dakar.com/Bien/appartement-f4-a-louer-ouakam/,1,740800.0
loger-dakar,APPARTEMENT F4 À LOUER VDN,450000.0,Autre,3.0,2.0,140.0,0.0,0.0,0.0,https://www.loger-dakar.com/Bien/appartement-f4-a-louer-vdn/,1,639511.9856115108
loger-dakar,APPARTEMENT F3 À LOUER MAMELLES,500000.0,Mamelles,2.0,3.0,100.0,0.0,0.0,0.0,https://www.loger-dakar.com/Bien/appartement-f3-a-louer-mamelles/,1,622633.1707317074
loger-dakar,APPARTEMENT F4 À LOUER MAMELLES,600000.0,Mamelles,3.0,4.0,140.0,0.0,0.0,0.0,https://www.loger-dakar.com/Bien/appartement-f4-a-louer-mamelles-5/,1,622633.1707317074
loger-dakar,APPARTEMENT F3 À LOUER TOUBA RENAISSANCE,350000.0,Autre,2.0,2.0,100.0,0.0,0.0,0.0,https://www.loger-dakar.com/Bien/appartement-f3-a-louer-touba-renaissance/,1,639511.9856115108
loger-dakar,Villa R+1 Ouakam près de la brioche dorée: 5 chambres salon 1 million par mois,1000000.0,Ouakam,5.0,5.0,220.0,0.0,0.0,0.0,https://www.loger-dakar.com/Bien/villa-r1-ouakam-pres-de-la-brioche-doree-5-chambres-salon-1-million-par-mois/,1,740800.0
loger-dakar,Appartement 2 chambres salon 5ème étage Ouakam côté monument 350.000F,350000.0,Ouakam,2.0,2.0,100.0,0.0,0.0,0.0,https://www.loger-dakar.com/Bien/appartement-2-chambres-salon-5eme-etage-ouakam-cote-monument-350-000f/,1,740800.0
loger-dakar,Villa meublée f5 à louer à la somone,800000.0,Autre,4.0,4.0,180.0,1.0,0.0,0.0,https://www.loger-dakar.com/Bien/villa-meublee-f5-a-louer-a-la-somone/,1,639511.9856115108
loger-dakar,Appartement 2 chambres salon liberté 6 extension 300.000F,300000.0,Sicap,2.0,2.0,100.0,0.0,0.0,0.0,https://www.loger-dakar.com/Bien/appartement-2-chambres-salon-liberte-6-extension-300-000f/,1,559881.25
loger-dakar,Studio meublé f1 à louer au virage,550000.0,Ngor,1.0,1.0,60.0,1.0,0.0,0.0,https://www.loger-dakar.com/Bien/studio-meuble-f1-a-louer-au-virage/,1,799681.1320754717
loger-dakar,Bel appartement f3 à louer aux almadies,375000.0,Almadies,2.0,2.0,100.0,0.0,0.0,0.0,https://www.loger-dakar.com/Bien/bel-appartement-f3-a-louer-aux-almadies/,1,1074463.5443349753
loger-dakar,Appartement f3 vue sur mer à louer à ngor,450000.0,Ngor,2.0,2.0,100.0,0.0,1.0,0.0,https://www.loger-dakar.com/Bien/appartement-f3-vue-sur-mer-a-louer-a-ngor/,1,799681.1320754717
loger-dakar,Studio f2 à louer à la cité soleil pres de mariste,215000.0,Autre,1.0,1.0,60.0,0.0,0.0,0.0,https://www.loger-dakar.com/Bien/studio-f2-a-louer-a-la-cite-soleil-pres-de-mariste/,1,639511.9856115108
loger-dakar,APPARTEMENT F4 À LOUER SICAP LIBERTÉ 2,550000.0,Sicap,3.0,4.0,140.0,0.0,0.0,0.0,https://www.loger-dakar.com/Bien/appartement-f4-a-louer-sicap-liberte-2/,1,559881.25
loger-dakar,Appartement f4 à louer à sacré coeur 1,700000.0,Autre,3.0,3.0,140.0,0.0,0.0,0.0,https://www.loger-dakar.com/Bien/appartement-f4-a-louer-a-sacre-coeur-1/,1,639511.9856115108
loger-dakar,Duplex à la cité Mbackiyou Faye 5 chambres 650.000F,650000.0,Autre,5.0,4.0,220.0,0.0,0.0,0.0,https://www.loger-dakar.com/Bien/duplex-a-la-cite-mbackiyou-faye-5-chambres-650-000f/,1,639511.9856115108
loger-dakar,Belle villa meublée 5 pièces à la location à saly,200000.0,Autre,4.0,4.0,180.0,1.0,0.0,0.0,https://www.loger-dakar.com/Bien/belle-villa-meublee-f4-a-la-location-a-saly/,1,639511.9856115108
loger-dakar,Villa meublée 4 pièces à louer à saly,1000000.0,Autre,4.0,4.0,180.0,1.0,0.0,0.0,https://www.loger-dakar.com/Bien/villa-meublee-4-pieces-a-louer-a-saly-3/,1,639511.9856115108
loger-dakar,Villa neuve f5 à louer à ngaparou,1000000.0,Autre,4.0,4.0,180.0,0.0,0.0,0.0,https://www.loger-dakar.com/Bien/villa-neuve-f5-a-louer-a-ngaparou/,1,639511.9856115108
loger-dakar,Appartement f3 à louer aux almadies route king fad palace,300000.0,Almadies,2.0,2.0,100.0,0.0,0.0,0.0,https://www.loger-dakar.com/Bien/appartement-f3-a-louer-aux-almadies-route-king-fad-palace/,1,1074463.5443349753
loger-dakar,Appartement f3 à usage de bureaux à louer à colobane,325000.0,Autre,2.0,2.0,100.0,0.0,0.0,0.0,https://www.loger-dakar.com/Bien/appartement-f3-a-usage-de-bureaux-a-louer-a-colobane-3/,1,639511.9856115108
loger-dakar,Appartement f2 spacieux à louer au virage,250000.0,Ngor,1.0,1.0,60.0,0.0,0.0,0.0,https://www.loger-dakar.com/Bien/appartement-f2-spacieux-a-louer-au-virage/,1,799681.1320754717
loger-dakar,Appartement f3 à louer sur la corniche ouest Mosquée Divinité,500000.0,Autre,3.0,2.0,140.0,0.0,0.0,0.0,https://www.loger-dakar.com/Bien/appartement-f3-a-louer-sur-la-corniche-ouest-mosquee-divinite-2/,1,639511.9856115108
loger-dakar,Appartement f4 à louer au point E,900000.0,Point E,3.0,2.0,140.0,0.0,0.0,0.0,https://www.loger-dakar.com/Bien/appartement-f4-a-louer-au-point-e-6/,1,1003072.2891566266
loger-dakar,Villa meublée f3 à louer à saly à la residence safari,900000.0,Autre,2.0,2.0,100.0,1.0,0.0,0.0,https://www.loger-dakar.com/Bien/villa-meublee-f3-a-louer-a-saly-a-la-residence-safari-2/,1,639511.9856115108
loger-dakar,Appartement 1er étage 3 chambres salon aux Mamelles,400000.0,Mamelles,3.0,3.0,140.0,0.0,0.0,0.0,https://www.loger-dakar.com/Bien/appartement-1er-etage-3-chambres-salon-aux-mamelles/,1,622633.1707317074
loger-dakar,Appartement meublé f4 à louer à mermoz,1300000.0,Mermoz,3.0,2.0,140.0,1.0,0.0,0.0,https://www.loger-dakar.com/Bien/appartement-meuble-f4-a-louer-a-mermoz-3/,1,1032668.5082872928
loger-dakar,Appartement 2 chambres salon à Fass,300000.0,Autre,2.0,2.0,100.0,0.0,0.0,0.0,https://www.loger-dakar.com/Bien/appartement-2-chambres-salon-a-fass/,1,639511.9856115108
loger-dakar,Appartement Ouakam près de la brioche dorée 3ème etage,265000.0,Ouakam,3.0,1.0,140.0,0.0,0.0,0.0,https://www.loger-dakar.com/Bien/appartement-ouakam-pres-de-la-brioche-doree-3eme-etage/,1,740800.0
loger-dakar,Appartement 2 chambres salon Sotrac Mermoz,800000.0,Mermoz,2.0,2.0,100.0,0.0,0.0,0.0,https://www.loger-dakar.com/Bien/appartement-2-chambres-salon-sotrac-mermoz/,1,1032668.5082872928
loger-dakar,Penthouse meublé 6 pièces à louer au virage,2500000.0,Ngor,5.0,5.0,220.0,1.0,0.0,0.0,https://www.loger-dakar.com/Bien/penthouse-meuble-6-pieces-a-louer-au-virage-2/,1,799681.1320754717
loger-dakar,Belle villa meublée 6 pièces construite sur une grande superficie à louer à ngaparou,300000.0,Autre,5.0,5.0,220.0,1.0,0.0,0.0,https://www.loger-dakar.com/Bien/ngaparou-tres-villa-meublee-6-pieces-pieds-dans-leau/,1,639511.9856115108
loger-dakar,Villa meublée 9 pièces à louer à lo somone,300000.0,Autre,8.0,6.0,340.0,1.0,0.0,0.0,https://www.loger-dakar.com/Bien/villa-meublee-9-pieces-a-louer-a-lo-somone/,1,639511.9856115108
loger-dakar,Appartement meublé f4 à louer au point E,1300000.0,Point E,3.0,2.0,140.0,1.0,0.0,0.0,https://www.loger-dakar.com/Bien/appartement-meuble-f4-a-louer-au-point-e-2/,1,1003072.2891566266
loger-dakar,Appartement 3 chambres salon Mamelles Touba Renaissance,350000.0,Mamelles,3.0,3.0,140.0,0.0,0.0,0.0,https://www.loger-dakar.com/Bien/appartement-3-chambres-salon-mamelles-touba-renaissance/,1,622633.1707317074
loger-dakar,Bel appartement meublé f2 à louer au point E,850000.0,Point E,1.0,1.0,60.0,1.0,0.0,0.0,https://www.loger-dakar.com/Bien/bel-appartement-meuble-f2-a-louer-au-point-e-4/,1,1003072.2891566266
loger-dakar,STUDIO À LOUER HLM GRAND YOFF,250000.0,Yoff,1.0,2.0,60.0,0.0,0.0,0.0,https://www.loger-dakar.com/Bien/studio-a-louer-hlm-grand-yoff/,1,528798.4732824428
loger-dakar,APPARTEMENT F3 À LOUER HLM GRAND YOFF,400000.0,Yoff,2.0,3.0,100.0,0.0,0.0,0.0,https://www.loger-dakar.com/Bien/appartement-f3-a-louer-hlm-grand-yoff-2/,1,528798.4732824428
loger-dakar,APPARTEMENT F3 À LOUER HLM GRAND YOFF,300000.0,Yoff,2.0,3.0,100.0,0.0,0.0,0.0,https://www.loger-dakar.com/Bien/appartement-f3-a-louer-hlm-grand-yoff/,1,528798.4732824428
loger-dakar,Appartement 3 chambres salon Mamelles Touba Renaissance,400000.0,Mamelles,3.0,3.0,140.0,0.0,0.0,0.0,https://www.loger-dakar.com/Bien/appartement-1er-etage-ouakam-a-cote-du-monument/,1,622633.1707317074
loger-dakar,Appartement Ouakam près du monument de la renaissance,400000.0,Ouakam,3.0,3.0,140.0,0.0,0.0,0.0,https://www.loger-dakar.com/Bien/appartement-ouakam-pres-du-monument-de-la-renaissance/,1,740800.0
loger-dakar,Appartement 3 chambres salon Mamelles Touba Renaissance,270000.0,Mamelles,2.0,2.0,100.0,0.0,0.0,0.0,https://www.loger-dakar.com/Bien/appartement-mamelles-cite-mbakiou-faye/,1,622633.1707317074
loger-dakar,Appartement meublé f2 à louer au point E,700000.0,Point E,1.0,1.0,60.0,1.0,0.0,0.0,https://www.loger-dakar.com/Bien/appartement-meuble-f2-a-louer-au-point-e-5/,1,1003072.2891566266
loger-dakar,Villa meublée 5 pièces en résidence à louer à ngaparou,1300000.0,Autre,4.0,4.0,180.0,1.0,0.0,0.0,https://www.loger-dakar.com/Bien/villa-meublee-5-pieces-en-residence-a-louer-a-ngaparou/,1,639511.9856115108
loger-dakar,Belle villa de vacances 9 pièces à louer à la somone,350000.0,Autre,8.0,6.0,340.0,0.0,0.0,0.0,https://www.loger-dakar.com/Bien/belle-villa-de-vacances-9-pieces-a-louer-a-la-somone/,1,639511.9856115108
loger-dakar,Appartement f3 à louer aux almadies route king fad palace,350000.0,Almadies,2.0,2.0,100.0,0.0,0.0,0.0,https://www.loger-dakar.com/Bien/appelez-f3-a-louer-aux-almadies-route-king-fad-palace/,1,1074463.5443349753
loger-dakar,Appartement 3 chambres salon Mamelles Touba Renaissance,590000.0,Mamelles,1.0,1.0,60.0,0.0,0.0,0.0,https://www.loger-dakar.com/Bien/magasin-2-portes-de-superficie-90-m%c2%b2-a-louer-a-liberte-6-extension/,1,622633.1707317074
loger-dakar,Appartement neuf 4 pièces à louer à yoff-biagui,400000.0,Yoff,3.0,3.0,140.0,0.0,0.0,1.0,https://www.loger-dakar.com/Bien/appartement-neuf-4-pieces-a-louer-a-yoff-biagui/,1,528798.4732824428
loger-dakar,Bel appartement f3 neuf à louer aux almadies,375000.0,Almadies,2.0,2.0,100.0,0.0,0.0,1.0,https://www.loger-dakar.com/Bien/bel-appartement-f3-neuf-a-louer-aux-almadies/,1,1074463.5443349753
loger-dakar,Bel appartement f3 à louer à yoff-biagui,400000.0,Yoff,2.0,2.0,100.0,0.0,0.0,0.0,https://www.loger-dakar.com/Bien/bel-appartement-f3-a-louer-a-yoff-biagui/,1,528798.4732824428
loger-dakar,Villa meublée 5 pièces à louer à la somone,800000.0,Autre,4.0,4.0,180.0,1.0,0.0,0.0,https://www.loger-dakar.com/Bien/villa-meublee-5-pieces-a-louer-a-la-somone/,1,639511.9856115108
loger-dakar,Villa meublée 5 pièces à louer à saly,165000.0,Autre,4.0,4.0,180.0,1.0,0.0,0.0,https://www.loger-dakar.com/Bien/villa-meublee-5-pieces-a-louer-a-saly-10/,1,639511.9856115108
loger-dakar,Villa 8 pièces à louer aux almadies,2500000.0,Almadies,6.0,5.0,260.0,0.0,0.0,0.0,https://www.loger-dakar.com/Bien/villa-8-pieces-a-louer-aux-almadies/,1,1074463.5443349753
loger-dakar,Appartement f4 avec jardin à louer au almadies route king fad palace,1000000.0,Almadies,3.0,3.0,140.0,0.0,0.0,0.0,https://www.loger-dakar.com/Bien/appartement-f4-avec-jardin-a-louer-au-almadies-route-king-fad-palace/,1,1074463.5443349753
loger-dakar,Appartement f4 à louer aux almadies route king fad palace,1300000.0,Almadies,3.0,3.0,140.0,0.0,0.0,0.0,https://www.loger-dakar.com/Bien/appartement-f4-a-louer-aux-almadies-route-king-fad-palace-2/,1,1074463.5443349753
loger-dakar,Chambre meublée avec salle de bain à louer au virage,350000.0,Ngor,1.0,1.0,60.0,1.0,0.0,0.0,https://www.loger-dakar.com/Bien/chambre-meublee-avec-salle-de-bain-a-louer-au-virage-2/,1,799681.1320754717
loger-dakar,APPARTEMENT F4 À LOUER SACRÉ COEUR 3,750000.0,Autre,3.0,3.0,140.0,0.0,0.0,0.0,https://www.loger-dakar.com/Bien/appartement-f4-a-louer-sacre-coeur-3/,1,639511.9856115108
loger-dakar,APPARTEMENT F3 À LOUER NGOR ALMADIES,559000.0,Almadies,2.0,3.0,100.0,0.0,0.0,0.0,https://www.loger-dakar.com/Bien/appartement-f3-a-louer-ngor-almadies-3/,1,1074463.5443349753
loger-dakar,APPARTEMENT F4 À LOUER NGOR ALMADIES,600000.0,Almadies,3.0,4.0,140.0,0.0,0.0,0.0,https://www.loger-dakar.com/Bien/appartement-f4-a-louer-ngor-almadies-2/,1,1074463.5443349753
loger-dakar,APPARTEMENT F3 À LOUER NGOR ALMADIES,400000.0,Almadies,2.0,3.0,100.0,0.0,0.0,0.0,https://www.loger-dakar.com/Bien/appartement-f3-a-louer-ngor-almadies-2/,1,1074463.5443349753
loger-dakar,APPARTEMENT F3 À LOUER NGOR ALMADIES,350000.0,Almadies,2.0,2.0,100.0,0.0,0.0,0.0,https://www.loger-dakar.com/Bien/appartement-f3-a-louer-ngor-almadies/,1,1074463.5443349753
loger-dakar,Penthouse 6 pièces à louer au virage en face de la mer,175000.0,Ngor,5.0,5.0,220.0,0.0,0.0,0.0,https://www.loger-dakar.com/Bien/penthouse-6-pieces-a-louer-au-virage-en-face-de-la-mer/,1,799681.1320754717
loger-dakar,Bel appartement f4 neuf à louer à yoff route de l’ancien aéroport,600000.0,Yoff,3.0,3.0,140.0,0.0,0.0,1.0,https://www.loger-dakar.com/Bien/bel-appartement-f4-neuf-a-louer-a-yoff-route-de-lancien-aeroport/,1,528798.4732824428
loger-dakar,Appartement f3 meublé à louer au virage,600000.0,Ngor,2.0,2.0,100.0,1.0,0.0,0.0,https://www.loger-dakar.com/Bien/appartement-f3-meuble-a-louer-au-virage/,1,799681.1320754717
loger-dakar,Belle villa meublée f3 à louer à sacré coeur,900000.0,Autre,2.0,2.0,100.0,1.0,0.0,0.0,https://www.loger-dakar.com/Bien/belle-villa-meublee-f3-a-louer-a-sacre-coeur/,1,639511.9856115108
loger-dakar,Bel appartement f5 de grand standing à louer sur la corniche ouest ( cité africa),2500000.0,Autre,4.0,4.0,180.0,0.0,0.0,0.0,https://www.loger-dakar.com/Bien/bel-appartement-f5-de-grand-standing-a-louer-sur-la-corniche-ouest-cite-africa/,1,639511.9856115108
loger-dakar,Appartement f4 à louer au virage,750000.0,Ngor,3.0,3.0,140.0,0.0,0.0,0.0,https://www.loger-dakar.com/Bien/appartement-f4-a-louer-au-virage-2/,1,799681.1320754717
loger-dakar,Magasin de superficie 90 m² à louer à liberté 6 extension,590000.0,Sicap,1.0,1.0,60.0,0.0,0.0,0.0,https://www.loger-dakar.com/Bien/magasin-de-superficie-90-m%c2%b2-a-louer-a-liberte-6-extension-2/,1,559881.25
loger-dakar,Appartement f4 neuf de standing à louer sur l’avenue bourguiba,800000.0,Autre,3.0,3.0,140.0,0.0,0.0,1.0,https://www.loger-dakar.com/Bien/appartement-f4-neuf-de-standing-a-louer-sur-lavenue-bourguiba/,1,639511.9856115108
loger-dakar,Appartement très moderne avec piscine,1200000.0,Autre,3.0,3.0,140.0,0.0,0.0,0.0,https://www.loger-dakar.com/Bien/appartement-tres-moderne-avec-piscine/,1,639511.9856115108
loger-dakar,Appartement meublé vue sur mer pour longue durée,820000.0,Autre,3.0,2.0,140.0,1.0,1.0,0.0,https://www.loger-dakar.com/Bien/appartement-meuble-vue-sur-mer-pour-longue-duree/,1,639511.9856115108
loger-dakar,STUDIO MEUBLÉ À LOUER MERMOZ,550000.0,Mermoz,1.0,1.0,60.0,1.0,0.0,0.0,https://www.loger-dakar.com/Bien/studio-meuble-a-louer-mermoz/,1,1032668.5082872928
loger-dakar,Appartement f2 à louer au virage,350000.0,Ngor,1.0,1.0,60.0,0.0,0.0,0.0,https://www.loger-dakar.com/Bien/appartement-f2-a-louer-au-virage-2/,1,799681.1320754717
loger-dakar,Belle villa meublée 10 pièces à louer à la somone,400000.0,Autre,9.0,8.0,380.0,1.0,0.0,0.0,https://www.loger-dakar.com/Bien/belle-villa-meublee-10-pieces-a-louer-a-la-somone/,1,639511.9856115108
loger-dakar,Villa meublée 5 pièces à louer à saly,1000000.0,Autre,4.0,4.0,180.0,1.0,0.0,0.0,https://www.loger-dakar.com/Bien/villa-meublee-5-pieces-a-louer-a-saly-9/,1,639511.9856115108
loger-dakar,Appartement f3 à louer à yoff-biagui,300000.0,Yoff,2.0,2.0,100.0,0.0,0.0,0.0,https://www.loger-dakar.com/Bien/appartement-f3-a-louer-a-yoff-biagui/,1,528798.4732824428
loger-dakar,Penthouse meublé 6 pièces à louer au virage,175000.0,Ngor,5.0,5.0,220.0,1.0,0.0,0.0,https://www.loger-dakar.com/Bien/penthouse-meuble-6-pieces-a-louer-au-virage/,1,799681.1320754717
loger-dakar,Bel appartement f4 à louer aux almadies,1300000.0,Almadies,3.0,3.0,140.0,0.0,0.0,0.0,https://www.loger-dakar.com/Bien/bel-appartement-f4-a-louer-aux-almadies-3/,1,1074463.5443349753
loger-dakar,villa R+2 a louer a ndiakhirate sn city,450000.0,Autre,4.0,4.0,180.0,0.0,0.0,0.0,https://www.loger-dakar.com/Bien/villa-r2-a-louer-a-ndiakhirate-sn-city-2/,1,639511.9856115108
loger-dakar,villa R+2 a louer a ndiakhirate sn city,450000.0,Autre,4.0,4.0,180.0,0.0,0.0,0.0,https://www.loger-dakar.com/Bien/villa-r2-a-louer-a-ndiakhirate-sn-city/,1,639511.9856115108
loger-dakar,Appartement meublé f4 à louer à liberté 6 extension,560000.0,Sicap,3.0,2.0,140.0,1.0,0.0,0.0,https://www.loger-dakar.com/Bien/appartement-meuble-f4-a-louer-a-liberte-6-extension-6/,1,559881.25
loger-dakar,APPARTEMENT MEUBLÉ F4 À LOUER CORNICHE,2600000.0,Autre,3.0,4.0,140.0,1.0,0.0,0.0,https://www.loger-dakar.com/Bien/appartement-meuble-f4-a-louer-corniche/,1,639511.9856115108
loger-dakar,Appartement f4 à louer almadies,1200000.0,Almadies,3.0,3.0,140.0,0.0,0.0,0.0,https://www.loger-dakar.com/Bien/appartement-f4-a-louer-almadies-2/,1,1074463.5443349753
loger-dakar,Appartement meublé f3 à louer au point E sur l’avenue Avenue Cheikh Anta Diop,1100000.0,Point E,3.0,2.0,140.0,1.0,0.0,0.0,https://www.loger-dakar.com/Bien/appartement-meuble-f3-a-louer-au-point-e-sur-lavenue-avenue-cheikh-anta-diop/,1,1003072.2891566266
loger-dakar,Villa meublée 5 pièces à louer à saly,1000000.0,Autre,4.0,4.0,180.0,1.0,0.0,0.0,https://www.loger-dakar.com/Bien/villa-meublee-5-pieces-a-louer-a-saly-8/,1,639511.9856115108
loger-dakar,APPARTEMENT F3 À LOUER OUEST FOIRE,260000.0,Yoff,2.0,2.0,100.0,0.0,0.0,0.0,https://www.loger-dakar.com/Bien/appartement-f3-a-louer-ouest-foire-2/,1,528798.4732824428
loger-dakar,APPARTEMENT F3 À LOUER OUEST FOIRE,350000.0,Yoff,2.0,2.0,100.0,0.0,0.0,0.0,https://www.loger-dakar.com/Bien/appartement-f3-a-louer-ouest-foire/,1,528798.4732824428
loger-dakar,STUDIO À LOUER OUEST FOIRE,210000.0,Yoff,1.0,1.0,60.0,0.0,0.0,0.0,https://www.loger-dakar.com/Bien/studio-a-louer-ouest-foire/,1,528798.4732824428
loger-dakar,Appartement f3 à usage de bureaux à louer à colobane,325000.0,Autre,2.0,2.0,100.0,0.0,0.0,0.0,https://www.loger-dakar.com/Bien/appartement-f3-a-usage-de-bureaux-a-louer-a-colobane-2/,1,639511.9856115108
loger-dakar,Appartement f2 à usage de bureaux à louer à liberté 6 extension,260000.0,Sicap,2.0,2.0,100.0,0.0,0.0,0.0,https://www.loger-dakar.com/Bien/appartement-f2-a-usage-de-bureaux-a-louer-a-liberte-6-extension/,1,559881.25
loger-dakar,Appartement f3 neuf à louer à ngor non loin de la madrague,450000.0,Ngor,2.0,2.0,100.0,0.0,0.0,1.0,https://www.loger-dakar.com/Bien/appartement-f3-neuf-a-louer-a-ngor-non-loin-de-la-madrague/,1,799681.1320754717
loger-dakar,Studio f2 à louer à ngor non loin de la madrague,200000.0,Ngor,1.0,1.0,60.0,0.0,0.0,0.0,https://www.loger-dakar.com/Bien/studio-f2-a-louer-a-ngor-non-loin-de-la-madrague/,1,799681.1320754717
loger-dakar,Mini studio à louer à yoff derrière ecobank,125000.0,Yoff,1.0,1.0,60.0,0.0,0.0,0.0,https://www.loger-dakar.com/Bien/mini-studio-a-louer-a-yoff-derriere-ecobank/,1,528798.4732824428
loger-dakar,Appartement f2 à usage de bureaux à louer à liberté 6 extension,180000.0,Ngor,1.0,1.0,60.0,0.0,0.0,0.0,https://www.loger-dakar.com/Bien/appartement-f3-a-louer-a-yoff-tongor-2/,1,799681.1320754717
loger-dakar,Chambre indépendante avec salle de bain à louer au virage,100000.0,Ngor,1.0,1.0,60.0,0.0,0.0,0.0,https://www.loger-dakar.com/Bien/chambre-independante-avec-salle-de-bain-a-louer-au-virage/,1,799681.1320754717
loger-dakar,APPARTEMENT F4 À LOUER MAMELLES,650000.0,Mamelles,3.0,4.0,140.0,0.0,0.0,0.0,https://www.loger-dakar.com/Bien/appartement-f4-a-louer-mamelles-4/,1,622633.1707317074
loger-dakar,APPARTEMENT F3 et F4 À LOUER ALMADIES,850000.0,Almadies,3.0,4.0,140.0,0.0,0.0,0.0,https://www.loger-dakar.com/Bien/appartement-f3-et-f4-a-louer-almadies/,1,1074463.5443349753
loger-dakar,Villa meublée 3 pièces à louer à saly residence safari,950000.0,Autre,2.0,2.0,100.0,1.0,0.0,0.0,https://www.loger-dakar.com/Bien/villa-meublee-3-pieces-a-louer-a-saly-residence-safari/,1,639511.9856115108
loger-dakar,Belle villa f3 meublée à la location à saly residence safari,900000.0,Autre,2.0,2.0,100.0,1.0,0.0,0.0,https://www.loger-dakar.com/Bien/belle-villa-f3-meublee-a-la-location-a-saly-residence-safari/,1,639511.9856115108
loger-dakar,Bel appartement meublé f2 à louer sur la corniche des almadies,900000.0,Almadies,1.0,1.0,60.0,1.0,0.0,0.0,https://www.loger-dakar.com/Bien/bel-appartement-meuble-f2-a-louer-sur-la-corniche-des-almadies/,1,1074463.5443349753
loger-dakar,Appartement meublé avec toutes les commodités à louer,2000000.0,Autre,3.0,3.0,140.0,1.0,0.0,0.0,https://www.loger-dakar.com/Bien/appartement-meuble-avec-toutes-les-commodites-a-louer/,1,639511.9856115108
loger-dakar,APPARTEMENT F4 À LOUER MERMOZ,600000.0,Mermoz,3.0,2.0,140.0,0.0,0.0,0.0,https://www.loger-dakar.com/Bien/appartement-f4-a-louer-mermoz-2/,1,1032668.5082872928
loger-dakar,DUPLEX F6 À LOUER MERMOZ,1400000.0,Mermoz,5.0,4.0,220.0,0.0,0.0,0.0,https://www.loger-dakar.com/Bien/duplex-f6-a-louer-mermoz/,1,1032668.5082872928
loger-dakar,VILLA R+2 À LOUER VIRAGE,2000000.0,Ngor,8.0,5.0,340.0,0.0,0.0,0.0,https://www.loger-dakar.com/Bien/villa-r2-a-louer-virage/,1,799681.1320754717
loger-dakar,Jolie villa à louer à Bambilor,150000.0,Autre,2.0,1.0,100.0,0.0,0.0,0.0,https://www.loger-dakar.com/Bien/jolie-villa-a-louer-a-bambilor/,1,639511.9856115108
loger-dakar,Appartement f2 de standing à louer à ngor-virage,500000.0,Ngor,1.0,1.0,60.0,0.0,0.0,0.0,https://www.loger-dakar.com/Bien/appartement-f2-de-standing-a-louer-a-ngor-virage/,1,799681.1320754717
loger-dakar,Bel appartement f3 neuf à ngor-virage,1200000.0,Ngor,3.0,3.0,140.0,0.0,0.0,1.0,https://www.loger-dakar.com/Bien/bel-appartement-f3-neuf-a-ngor-virage/,1,799681.1320754717
loger-dakar,Mini studio f1 à louer à yoff,125000.0,Yoff,1.0,1.0,60.0,0.0,0.0,0.0,https://www.loger-dakar.com/Bien/mini-studio-f1-a-louer-a-yoff-3/,1,528798.4732824428
loger-dakar,Chambre et balcon,120000.0,Autre,1.0,1.0,60.0,0.0,0.0,0.0,https://www.loger-dakar.com/Bien/chambre-salle-de-bains/,1,639511.9856115108
loger-dakar,Bel appartement meublé f2 à louer au point E,1000000.0,Point E,1.0,1.0,60.0,1.0,0.0,0.0,https://www.loger-dakar.com/Bien/bel-appartement-meuble-f2-a-louer-au-point-e-2/,1,1003072.2891566266
loger-dakar,Belle villa f4 non meublé à louer à nguerigne,650000.0,Autre,3.0,3.0,140.0,1.0,0.0,0.0,https://www.loger-dakar.com/Bien/belle-villa-f4-non-meuble-a-louer-a-nguerigne/,1,639511.9856115108
loger-dakar,Studio f2 à louer à yoff biagui,300000.0,Yoff,1.0,1.0,60.0,0.0,0.0,0.0,https://www.loger-dakar.com/Bien/studio-f2-a-louer-a-yoff-biagui-2/,1,528798.4732824428
loger-dakar,Belle villa meublée f5 à louer à saly,180000.0,Autre,4.0,4.0,180.0,1.0,0.0,0.0,https://www.loger-dakar.com/Bien/belle-villa-meublee-f5-a-louer-a-saly-2/,1,639511.9856115108
loger-dakar,Villa meublée f4 à louer à ngaparou,985000.0,Autre,3.0,3.0,140.0,1.0,0.0,0.0,https://www.loger-dakar.com/Bien/villa-meublee-f4-a-louer-a-ngaparou-2/,1,639511.9856115108
loger-dakar,Studio meublé f2 à louer à ngor almadies,500000.0,Almadies,1.0,1.0,60.0,1.0,0.0,0.0,https://www.loger-dakar.com/Bien/studio-meuble-f2-a-louer-a-ngor-almadies-2/,1,1074463.5443349753
loger-dakar,APPARTEMENT F4 À LOUER NGOR ALMADIES,850000.0,Almadies,3.0,4.0,140.0,0.0,0.0,0.0,https://www.loger-dakar.com/Bien/appartement-f4-a-louer-ngor-almadies/,1,1074463.5443349753
loger-dakar,STUDIO À LOUER ALMADIES RECASEMENT,325000.0,Almadies,1.0,2.0,60.0,0.0,0.0,0.0,https://www.loger-dakar.com/Bien/studio-a-louer-ngor-almadies/,1,1074463.5443349753
loger-dakar,Appartement meublé f2 à louer au point E,700000.0,Point E,1.0,1.0,60.0,1.0,0.0,0.0,https://www.loger-dakar.com/Bien/appartement-meuble-f2-a-louer-au-point-e-4/,1,1003072.2891566266
loger-dakar,Studio à louer aux mamelles,250000.0,Mamelles,1.0,1.0,60.0,0.0,0.0,0.0,https://www.loger-dakar.com/Bien/studio-a-louer-aux-mamelles/,1,622633.1707317074
loger-dakar,Beau studio meublé à Ngor-Almadies,400000.0,Almadies,1.0,1.0,60.0,1.0,0.0,0.0,https://www.loger-dakar.com/Bien/beau-studio-meuble-a-ngor-almadies/,1,1074463.5443349753
loger-dakar,Belle villa f5 neuve non meublée à louer à ngaparou,1100000.0,Autre,4.0,4.0,180.0,1.0,0.0,0.0,https://www.loger-dakar.com/Bien/belle-villa-f5-neuve-non-meublee-a-louer-a-ngaparou/,1,639511.9856115108
loger-dakar,Joli appartement meublé à louer à la cité Aliou SOW,350000.0,Autre,3.0,1.0,140.0,1.0,0.0,0.0,https://www.loger-dakar.com/Bien/joli-appartement-meuble-a-louer-a-la-cite-aliou-sow/,1,639511.9856115108
loger-dakar,Villa F4 à louer à la cité Akys de Bambilor,150000.0,Autre,3.0,1.0,140.0,0.0,0.0,0.0,https://www.loger-dakar.com/Bien/villa-f4-a-louer-a-la-cite-akys-de-bambilor/,1,639511.9856115108
loger-dakar,Magnifique villa R+1 à louer à Bambilor,250000.0,Autre,4.0,3.0,180.0,0.0,0.0,0.0,https://www.loger-dakar.com/Bien/magnifique-villa-r1-a-louer-a-bambilor/,1,639511.9856115108
loger-dakar,Belle villa à louer à Diamniadio,1300000.0,Rufisque,5.0,4.0,220.0,0.0,0.0,0.0,https://www.loger-dakar.com/Bien/belle-villa-a-louer-a-diamniadio/,1,299583.3333333333
loger-dakar,Appartement à louer à Niakhirate,180000.0,Autre,2.0,1.0,100.0,0.0,0.0,0.0,https://www.loger-dakar.com/Bien/appartement-a-louer-a-niakhirate/,1,639511.9856115108
loger-dakar,Studio meublé en location à Ngor,650000.0,Ngor,1.0,1.0,60.0,1.0,0.0,0.0,https://www.loger-dakar.com/Bien/studio-meuble-en-location-a-ngor/,1,799681.1320754717
loger-dakar,Appartement à louer à Ngor,1200000.0,Ngor,3.0,2.0,140.0,0.0,0.0,0.0,https://www.loger-dakar.com/Bien/appartement-a-louer-a-ngor/,1,799681.1320754717
loger-dakar,Bel appartement meublé à louer aux Almadies,2000000.0,Almadies,3.0,2.0,140.0,1.0,0.0,0.0,https://www.loger-dakar.com/Bien/bel-appartement-meuble-a-louer-aux-almadies/,1,1074463.5443349753
loger-dakar,Villa meublée 5 pièces à louer à saly,1100000.0,Autre,4.0,4.0,180.0,1.0,0.0,0.0,https://www.loger-dakar.com/Bien/villa-meublee-5-pieces-a-louer-a-saly-7/,1,639511.9856115108
loger-dakar,Magnifique villa meublée 6 pièces à louer à ngaparou,2500000.0,Autre,5.0,5.0,220.0,1.0,0.0,0.0,https://www.loger-dakar.com/Bien/magnifique-villa-meublee-6-pieces-a-louer-a-ngaparou-2/,1,639511.9856115108
loger-dakar,Belle villa meublée 5 pièces à louer à somone,2000000.0,Autre,4.0,4.0,180.0,1.0,0.0,0.0,https://www.loger-dakar.com/Bien/belle-villa-meublee-5-pieces-a-louer-a-somone/,1,639511.9856115108
loger-dakar,Villa meublée 5 pièces à louer à somone,800000.0,Autre,4.0,4.0,180.0,1.0,0.0,0.0,https://www.loger-dakar.com/Bien/villa-meublee-5-pieces-a-louer-a-somone/,1,639511.9856115108
loger-dakar,Magasin à louer au virage,175000.0,Ngor,1.0,1.0,60.0,0.0,0.0,0.0,https://www.loger-dakar.com/Bien/magasin-a-louer-au-virage/,1,799681.1320754717
loger-dakar,Appartement meublé f4 à louer au point E,2000000.0,Point E,3.0,3.0,140.0,1.0,0.0,0.0,https://www.loger-dakar.com/Bien/appartement-meuble-f4-a-louer-au-point-e/,1,1003072.2891566266
loger-dakar,Appartement f3 à louer aux almadies derrière la gondole,500000.0,Almadies,2.0,2.0,100.0,0.0,0.0,0.0,https://www.loger-dakar.com/Bien/appartement-f3-a-louer-aux-almadies-derriere-la-gondole/,1,1074463.5443349753
loger-dakar,Appartement f4 à louer aux almadies,700000.0,Almadies,3.0,2.0,140.0,0.0,0.0,0.0,https://www.loger-dakar.com/Bien/appartement-f4-a-louer-aux-almadies-3/,1,1074463.5443349753
loger-dakar,Villa meublée 6 pièces à louer à yoff cité Djllly Mbaye,250000.0,Yoff,5.0,5.0,220.0,1.0,0.0,0.0,https://www.loger-dakar.com/Bien/villa-meublee-6-pieces-a-louer-a-yoff-cite-djllly-mbaye/,1,528798.4732824428
loger-dakar,Appartement f3 neuf à usage de bureaux à louer à colobane,325000.0,Autre,2.0,2.0,100.0,0.0,0.0,1.0,https://www.loger-dakar.com/Bien/appartement-f3-neuf-a-usage-de-bureaux-a-louer-a-colobane-2/,1,639511.9856115108
loger-dakar,Studio f2 à louer à yoff,180000.0,Yoff,1.0,1.0,60.0,0.0,0.0,0.0,https://www.loger-dakar.com/Bien/studio-f2-a-louer-a-yoff-2/,1,528798.4732824428
loger-dakar,Villa neuve 7 pièces non meublée à louer à somone-guereo,2000000.0,Autre,6.0,6.0,260.0,1.0,0.0,0.0,https://www.loger-dakar.com/Bien/villa-neuve-7-pieces-non-meublee-a-louer-a-somone-guereo/,1,639511.9856115108
loger-dakar,Duplex à louer à yoff-biagui,800000.0,Yoff,4.0,4.0,180.0,0.0,0.0,0.0,https://www.loger-dakar.com/Bien/duplex-a-louer-a-yoff-biagui/,1,528798.4732824428
loger-dakar,Bel appartement f4 à louer à fenêtre mermoz,1000000.0,Mermoz,3.0,3.0,140.0,0.0,0.0,0.0,https://www.loger-dakar.com/Bien/bel-appartement-f4-a-louer-a-fenetre-mermoz/,1,1032668.5082872928
loger-dakar,Belle villa meublée f3 à louer à sacré coeur 3,900000.0,Autre,2.0,2.0,100.0,1.0,0.0,0.0,https://www.loger-dakar.com/Bien/belle-villa-meublee-f3-a-louer-a-sacre-coeur-3/,1,639511.9856115108
loger-dakar,Studio f2 de standing à louer à ngor-virage,500000.0,Ngor,1.0,1.0,60.0,0.0,0.0,0.0,https://www.loger-dakar.com/Bien/studio-f2-de-standing-a-louer-a-ngor-virage/,1,799681.1320754717
loger-dakar,Studio meublé f2 en face de la mer à louer au virage,550000.0,Ngor,1.0,1.0,60.0,1.0,0.0,0.0,https://www.loger-dakar.com/Bien/studio-meuble-f2-en-face-de-la-mer-a-louer-au-virage/,1,799681.1320754717
loger-dakar,Studio f2 à louer au virage,350000.0,Ngor,1.0,1.0,60.0,0.0,0.0,0.0,https://www.loger-dakar.com/Bien/studio-f2-a-louer-au-virage-3/,1,799681.1320754717
loger-dakar,Studio f2 à louer à yoff-biagui,300000.0,Yoff,1.0,1.0,60.0,0.0,0.0,0.0,https://www.loger-dakar.com/Bien/studio-f2-a-louer-a-yoff-biagui/,1,528798.4732824428
loger-dakar,Mini studio f1 à louer à yoff,125000.0,Yoff,1.0,1.0,60.0,0.0,0.0,0.0,https://www.loger-dakar.com/Bien/mini-studio-f1-a-louer-a-yoff-2/,1,528798.4732824428
loger-dakar,Appartement meublé f2 à louer au point E,700000.0,Point E,1.0,1.0,60.0,1.0,0.0,0.0,https://www.loger-dakar.com/Bien/appartement-meuble-f2-a-louer-au-point-e-3/,1,1003072.2891566266
loger-dakar,APPARTEMENT F4 À LOUER MAMELLES,400000.0,Mamelles,3.0,3.0,140.0,0.0,0.0,0.0,https://www.loger-dakar.com/Bien/appartement-f4-a-louer-mamelles-3/,1,622633.1707317074
loger-dakar,APPARTEMENT F4 À LOUER MAMELLES,500000.0,Mamelles,3.0,3.0,140.0,0.0,0.0,0.0,https://www.loger-dakar.com/Bien/appartement-f4-a-louer-mamelles-2/,1,622633.1707317074
loger-dakar,STUDIO À LOUER MAMELLES CITÉ MBACKIOU FAYE,300000.0,Mamelles,1.0,2.0,60.0,0.0,0.0,0.0,https://www.loger-dakar.com/Bien/studio-a-louer-mamelles-cite-mbackiou-faye/,1,622633.1707317074
loger-dakar,Appartements à Louer aux Almadies – Vue sur Mer,650000.0,Almadies,3.0,3.0,140.0,0.0,1.0,0.0,https://www.loger-dakar.com/Bien/appartements-a-louer-aux-almadies-vue-sur-mer/,1,1074463.5443349753
loger-dakar,Bel appartement meublé f2 à louer au point E,1000000.0,Point E,1.0,1.0,60.0,1.0,0.0,0.0,https://www.loger-dakar.com/Bien/bel-appartement-meuble-f2-a-louer-au-point-e-3/,1,1003072.2891566266
loger-dakar,Appartement meublé f4 à louer à mermoz,1400000.0,Mermoz,3.0,2.0,140.0,1.0,0.0,0.0,https://www.loger-dakar.com/Bien/appartement-meuble-f4-a-louer-a-mermoz-2/,1,1032668.5082872928
loger-dakar,Magnifique Maison à Louer,800000.0,Autre,3.0,3.0,140.0,0.0,0.0,0.0,https://www.loger-dakar.com/Bien/magnifique-maison-a-louer/,1,639511.9856115108
loger-dakar,APPARTEMENT À LOUER F4,500000.0,Autre,3.0,4.0,140.0,0.0,0.0,0.0,https://www.loger-dakar.com/Bien/appartement-a-louer-f4-3/,1,639511.9856115108
loger-dakar,STUDIO À LOUER MAMELLES,300000.0,Mamelles,1.0,2.0,60.0,0.0,0.0,0.0,https://www.loger-dakar.com/Bien/studio-a-louer-mamelles/,1,622633.1707317074
loger-dakar,Belle villa neuve 6 pièces à louer à thies,1000000.0,Autre,5.0,5.0,220.0,0.0,0.0,0.0,https://www.loger-dakar.com/Bien/belle-villa-neuve-6-pieces-a-louer-a-thies/,1,639511.9856115108
loger-dakar,Studio f2 à louer à yoff,180000.0,Yoff,1.0,1.0,60.0,0.0,0.0,0.0,https://www.loger-dakar.com/Bien/studio-f2-a-louer-a-yoff-3/,1,528798.4732824428
loger-dakar,Belle villa meublée 9 pièces à louer à ngaparou,350000.0,Autre,8.0,8.0,340.0,1.0,0.0,0.0,https://www.loger-dakar.com/Bien/belle-villa-meublee-9-pieces-a-louer-a-ngaparou/,1,639511.9856115108
loger-dakar,Appartement f2 à usage de bureaux à louer au virage,350000.0,Ngor,1.0,1.0,60.0,0.0,0.0,0.0,https://www.loger-dakar.com/Bien/appartement-f2-a-usage-de-bureaux-a-louer-a-yoff-biagui/,1,799681.1320754717
loger-dakar,Bel appartement meublé f2 pieds dans l’eau à louer au virage,550000.0,Ngor,1.0,1.0,60.0,1.0,0.0,0.0,https://www.loger-dakar.com/Bien/bel-appartement-meuble-f2-pieds-dans-leau-a-louer-au-virage/,1,799681.1320754717
loger-dakar,Appartement f2 à louer aux almadies route king fad palace,250000.0,Almadies,1.0,1.0,60.0,0.0,0.0,0.0,https://www.loger-dakar.com/Bien/appartement-f2-a-louer-aux-almadies-route-king-fad-palace/,1,1074463.5443349753
loger-dakar,Belle villa meublée 9 pièces à louer à la somone,300000.0,Autre,8.0,7.0,340.0,1.0,0.0,0.0,https://www.loger-dakar.com/Bien/belle-villa-meublee-9-pieces-a-louer-a-la-somone/,1,639511.9856115108
loger-dakar,Bel appartement meublé f2 à louer au virage,550000.0,Ngor,1.0,1.0,60.0,1.0,0.0,0.0,https://www.loger-dakar.com/Bien/bel-appartement-meuble-f2-a-louer-au-virage-4/,1,799681.1320754717
loger-dakar,Belle villa meublée 9 pièces à louer à saly,250000.0,Autre,8.0,7.0,340.0,1.0,0.0,0.0,https://www.loger-dakar.com/Bien/belle-villa-meublee-9-pieces-a-louer-a-saly/,1,639511.9856115108
loger-dakar,Belle villa meublée 6 pièces à louer à saly,250000.0,Autre,5.0,5.0,220.0,1.0,0.0,0.0,https://www.loger-dakar.com/Bien/belle-villa-meublee-6-pieces-a-louer-a-saly-2/,1,639511.9856115108
loger-dakar,Appartement meublé f4 à louer à sotrac mermoz,1400000.0,Mermoz,3.0,3.0,140.0,1.0,0.0,0.0,https://www.loger-dakar.com/Bien/appartement-meuble-f4-a-louer-a-sotrac-mermoz/,1,1032668.5082872928
loger-dakar,Appartement meublé f4 à louer au plateau,1650000.0,Plateau,3.0,2.0,140.0,1.0,0.0,0.0,https://www.loger-dakar.com/Bien/appartement-meuble-f4-a-louer-au-plateau/,1,1921323.5294117648
loger-dakar,Appartement f3 neuf de standing à la location à fenêtre mermoz,800000.0,Mermoz,2.0,2.0,100.0,0.0,0.0,1.0,https://www.loger-dakar.com/Bien/appartement-f3-neuf-de-standing-a-la-location-a-fenetre-mermoz/,1,1032668.5082872928
loger-dakar,Bel appartement f5 à louer à fenêtre mermoz,1500000.0,Mermoz,4.0,4.0,180.0,0.0,0.0,0.0,https://www.loger-dakar.com/Bien/bel-appartement-f5-a-louer-a-fenetre-mermoz/,1,1032668.5082872928
loger-dakar,Villa 6 pieceà louer à ngor almadies,1000000.0,Almadies,5.0,3.0,220.0,0.0,0.0,0.0,https://www.loger-dakar.com/Bien/villa-r1-a-louer-a-ngor-almadies/,1,1074463.5443349753
loger-dakar,Belle villa meublée f4 à louer à ngaparou,985000.0,Autre,3.0,3.0,140.0,1.0,0.0,0.0,https://www.loger-dakar.com/Bien/belle-villa-meublee-f4-a-louer-a-ngaparou/,1,639511.9856115108
loger-dakar,Bel appartement meublé f2 à louer au virage,550000.0,Ngor,1.0,1.0,60.0,1.0,0.0,0.0,https://www.loger-dakar.com/Bien/bel-appartement-meuble-f2-a-louer-au-virage-3/,1,799681.1320754717
loger-dakar,Appartement f2 à louer au point E,500000.0,Point E,1.0,1.0,60.0,0.0,0.0,0.0,https://www.loger-dakar.com/Bien/appartement-f2-a-louer-au-point-e-4/,1,1003072.2891566266
loger-dakar,Appartement meublé f2 à louer au point E,700000.0,Point E,1.0,1.0,60.0,1.0,0.0,0.0,https://www.loger-dakar.com/Bien/appartement-meuble-f2-a-louer-au-point-e-2/,1,1003072.2891566266
loger-dakar,Duplex 5 pieces à louer à yoff-virage,1000000.0,Ngor,4.0,4.0,180.0,0.0,0.0,0.0,https://www.loger-dakar.com/Bien/duplex-5-pieces-a-louer-a-yoff-virage/,1,799681.1320754717
loger-dakar,Duplex 5 pièces à louer à yoff biagui,800000.0,Yoff,4.0,4.0,180.0,0.0,0.0,0.0,https://www.loger-dakar.com/Bien/duplex-5-pieces-a-louer-a-yoff-biagui/,1,528798.4732824428
loger-dakar,STUDIO À LOUER YOFF AÉROPORT,250000.0,Yoff,1.0,2.0,60.0,0.0,0.0,0.0,https://www.loger-dakar.com/Bien/studio-a-louer-yoff-aeroport/,1,528798.4732824428
loger-dakar,APPARTEMENT F4 À LOUER YOFF AÉROPORT,450000.0,Yoff,3.0,4.0,140.0,0.0,0.0,0.0,https://www.loger-dakar.com/Bien/appartement-f4-a-louer-yoff-aeroport/,1,528798.4732824428
loger-dakar,Bel appartement f5 non meublé à louer à cité africa corniche ouest,2500000.0,Autre,4.0,4.0,180.0,1.0,0.0,0.0,https://www.loger-dakar.com/Bien/bel-appartement-f5-non-meuble-a-louer-a-cite-africa-corniche-ouest/,1,639511.9856115108
loger-dakar,Duplex f5 à louer à fann résidence,2500000.0,Autre,4.0,4.0,180.0,0.0,0.0,0.0,https://www.loger-dakar.com/Bien/duplex-f5-a-louer-a-fann-residence/,1,639511.9856115108
loger-dakar,Mini studio f1 à louer à yoff,125000.0,Yoff,1.0,1.0,60.0,0.0,0.0,0.0,https://www.loger-dakar.com/Bien/mini-studio-f1-a-louer-a-yoff/,1,528798.4732824428
loger-dakar,Appartement neuf f3 à usage de bureaux à louer à colobane,325000.0,Autre,2.0,2.0,100.0,0.0,0.0,1.0,https://www.loger-dakar.com/Bien/appartement-neuf-f3-a-usage-de-bureaux-a-louer-a-colobane-2/,1,639511.9856115108
loger-dakar,Bel appartement f2 entièrement meublé à la location au virage,600000.0,Ngor,1.0,1.0,60.0,1.0,0.0,0.0,https://www.loger-dakar.com/Bien/bel-appartement-f2-entierement-meuble-a-la-location-au-virage/,1,799681.1320754717
loger-dakar,APPARTEMENT F4 À LOUER LIBERTÉ 6,600000.0,Sicap,3.0,3.0,140.0,0.0,0.0,0.0,https://www.loger-dakar.com/Bien/appartement-f4-a-louer-liberte-6/,1,559881.25
loger-dakar,STUDIO À LOUER YOFF,250000.0,Yoff,1.0,2.0,60.0,0.0,0.0,0.0,https://www.loger-dakar.com/Bien/studio-a-louer-yoff/,1,528798.4732824428
loger-dakar,Bel appartement neuf f4 à louer aux almadies,1200000.0,Almadies,3.0,3.0,140.0,0.0,0.0,1.0,https://www.loger-dakar.com/Bien/bel-appartement-neuf-f4-a-usage-de-bureaux-f4-a-louer-aux-almadies/,1,1074463.5443349753
loger-dakar,APPARTEMENT F4 À LOUER YOFF CITÉ DJILY MBAYE,400000.0,Yoff,3.0,2.0,140.0,0.0,0.0,0.0,https://www.loger-dakar.com/Bien/appartement-f4-a-louer-yoff-cite-djily-mbaye/,1,528798.4732824428
loger-dakar,Bel appartement meublé f4 à louer à diamniadio,600000.0,Rufisque,2.0,2.0,100.0,1.0,0.0,0.0,https://www.loger-dakar.com/Bien/bel-appartement-meuble-f4-a-louer-a-diamniadio/,1,299583.3333333333
loger-dakar,Villa meublée 4 pièces à louer à saly,900000.0,Autre,3.0,3.0,140.0,1.0,0.0,0.0,https://www.loger-dakar.com/Bien/villa-meublee-4-pieces-a-louer-a-saly-2/,1,639511.9856115108
loger-dakar,Bel appartement meublé f2 en face de la mer à louer au virage,600000.0,Ngor,1.0,1.0,60.0,1.0,0.0,0.0,https://www.loger-dakar.com/Bien/bel-appartement-meuble-f2-en-face-de-la-mer-a-louer-au-virage/,1,799681.1320754717
loger-dakar,Studio f2 à louer à ngor almadies,500000.0,Almadies,1.0,1.0,60.0,0.0,0.0,0.0,https://www.loger-dakar.com/Bien/studio-f2-a-louer-a-ngor-almadies/,1,1074463.5443349753
loger-dakar,Appartement f3 à louer à ngor,250000.0,Ngor,2.0,2.0,100.0,0.0,0.0,0.0,https://www.loger-dakar.com/Bien/appartement-f3-a-louer-a-ngor/,1,799681.1320754717
loger-dakar,Appartement meublé f2 à louer au point E,700000.0,Point E,1.0,1.0,60.0,1.0,0.0,0.0,https://www.loger-dakar.com/Bien/appartement-meuble-f2-a-louer-au-point-e/,1,1003072.2891566266
loger-dakar,Belle villa meublée à louer à nguerigne,650000.0,Autre,2.0,2.0,100.0,1.0,0.0,0.0,https://www.loger-dakar.com/Bien/belle-villa-meublee-a-louer-a-nguerigne/,1,639511.9856115108
loger-dakar,Studio meublé f1 à louer aux maristes,300000.0,Hann Maristes,1.0,1.0,60.0,1.0,0.0,0.0,https://www.loger-dakar.com/Bien/studio-meuble-f1-a-louer-aux-maristes-3/,1,432187.5
loger-dakar,Studio f2 à louer à yoff,180000.0,Yoff,1.0,1.0,60.0,0.0,0.0,0.0,https://www.loger-dakar.com/Bien/studio-f2-a-louer-a-yoff/,1,528798.4732824428
loger-dakar,Appartement f2 à louer au point E,500000.0,Point E,1.0,1.0,60.0,0.0,0.0,0.0,https://www.loger-dakar.com/Bien/appartement-f2-a-louer-au-point-e-3/,1,1003072.2891566266
loger-dakar,Bel appartement f4 à louer à mermoz,1000000.0,Mermoz,3.0,3.0,140.0,0.0,0.0,0.0,https://www.loger-dakar.com/Bien/bel-appartement-f4-a-louer-a-mermoz/,1,1032668.5082872928
loger-dakar,Appartement meublé f4 à louer à mermoz,1400000.0,Mermoz,3.0,3.0,140.0,1.0,0.0,0.0,https://www.loger-dakar.com/Bien/appartement-meuble-f4-a-louer-a-mermoz/,1,1032668.5082872928
loger-dakar,Appartement a louer,1500000.0,Autre,9.0,9.0,380.0,0.0,0.0,0.0,https://www.loger-dakar.com/Bien/appartement-a-louer-41/,1,639511.9856115108
loger-dakar,Appartement à louer,600000.0,Autre,3.0,3.0,140.0,0.0,0.0,0.0,https://www.loger-dakar.com/Bien/appartement-a-louer-40/,1,639511.9856115108
loger-dakar,Villa meublée à louer à saly,160000.0,Autre,4.0,4.0,180.0,1.0,0.0,0.0,https://www.loger-dakar.com/Bien/villa-meublee-a-louer-a-saly/,1,639511.9856115108
loger-dakar,Appartement à louer à la cité Mourtada VDN,450000.0,Autre,2.0,2.0,100.0,0.0,0.0,0.0,https://www.loger-dakar.com/Bien/appartement-a-louer-a-la-cite-mourtada-vdn/,1,639511.9856115108
loger-dakar,Appartement a louer,270000.0,Autre,2.0,2.0,100.0,0.0,0.0,0.0,https://www.loger-dakar.com/Bien/appartement-a-louer-2/,1,639511.9856115108
loger-dakar,Appartement f2 à louer au virage,250000.0,Ngor,1.0,1.0,60.0,0.0,0.0,0.0,https://www.loger-dakar.com/Bien/appartement-f2-a-louer-au-virage/,1,799681.1320754717
loger-dakar,Mini studio meublé à usage de bureaux à louer aux maristes,300000.0,Hann Maristes,1.0,1.0,60.0,1.0,0.0,0.0,https://www.loger-dakar.com/Bien/mini-studio-meuble-a-usage-de-bureaux-a-louer-aux-maristes/,1,432187.5
loger-dakar,Bel appartement f4 à louer à mermoz,300000.0,Mermoz,2.0,2.0,100.0,0.0,0.0,0.0,https://www.loger-dakar.com/Bien/appartement-f3-a-louer-a-ouakam-2/,1,1032668.5082872928
loger-dakar,MINI STUDIO À LOUER NORD FOIRE,180000.0,Yoff,1.0,2.0,60.0,0.0,0.0,0.0,https://www.loger-dakar.com/Bien/mini-studio-a-louer-nord-foire/,1,528798.4732824428
loger-dakar,APPARTEMENT F3 À LOUER NORD FOIRE,300000.0,Yoff,2.0,3.0,100.0,0.0,0.0,0.0,https://www.loger-dakar.com/Bien/appartement-f3-a-louer-nord-foire/,1,528798.4732824428
loger-dakar,STUDIO À LOUER NORD FOIRE,220000.0,Yoff,1.0,1.0,60.0,0.0,0.0,0.0,https://www.loger-dakar.com/Bien/studio-a-louer-nord-foire/,1,528798.4732824428
loger-dakar,APPARTEMENT F3 À LOUER SICAP FOIRE,350000.0,Autre,2.0,2.0,100.0,0.0,0.0,0.0,https://www.loger-dakar.com/Bien/appartement-f3-a-louer-sicap-foire/,1,639511.9856115108
loger-dakar,APPARTEMENT NON MEUBLÉ À LOUER,500000.0,Autre,3.0,3.0,140.0,1.0,0.0,0.0,https://www.loger-dakar.com/Bien/appartement-non-meuble-a-louer/,1,639511.9856115108
loger-dakar,VILLA AVEC PISCINE A LOUER MERMOZ,2500000.0,Mermoz,5.0,6.0,220.0,0.0,0.0,0.0,https://www.loger-dakar.com/Bien/villa-avec-piscine-a-louer-mermoz/,1,1032668.5082872928
loger-dakar,Belle villa neuve moderne 5 pièces à louer à ngaparou,1100000.0,Autre,4.0,4.0,180.0,0.0,0.0,0.0,https://www.loger-dakar.com/Bien/belle-villa-neuve-moderne-5-pieces-a-louer-a-ngaparou/,1,639511.9856115108
loger-dakar,Villa 13 pièces à usage commercial à louer yoff biagui,2500000.0,Yoff,12.0,8.0,500.0,0.0,0.0,0.0,https://www.loger-dakar.com/Bien/villa-13-pieces-a-usage-commercial-a-louer-yoff-biagui/,1,528798.4732824428
loger-dakar,Bel appartement meublé f3 à louer au point E,1100000.0,Point E,2.0,2.0,100.0,1.0,0.0,0.0,https://www.loger-dakar.com/Bien/bel-appartement-meuble-f3-a-louer-au-point-e-4/,1,1003072.2891566266
loger-dakar,Belle villa meublée 5 pièces à louer à saly,1700000.0,Autre,4.0,4.0,180.0,1.0,0.0,0.0,https://www.loger-dakar.com/Bien/belle-villa-meublee-5-pieces-a-louer-a-saly-2/,1,639511.9856115108
loger-dakar,Appartement meublé f4 à louer à liberté 6 extension,560000.0,Sicap,3.0,2.0,140.0,1.0,0.0,0.0,https://www.loger-dakar.com/Bien/appartement-meuble-f4-a-louer-a-liberte-6-extension-5/,1,559881.25
loger-dakar,Appartement f2 à louer aux almadies,250000.0,Almadies,1.0,1.0,60.0,0.0,0.0,0.0,https://www.loger-dakar.com/Bien/appartement-f2-a-louer-aux-almadies-2/,1,1074463.5443349753
loger-dakar,Bel appartement meublé f2 à louer au virage,600000.0,Ngor,1.0,1.0,60.0,1.0,0.0,0.0,https://www.loger-dakar.com/Bien/bel-appartement-meuble-f2-a-louer-au-virage-2/,1,799681.1320754717
loger-dakar,Appartement 5 pièces à louer à ngor,350000.0,Ngor,4.0,2.0,180.0,0.0,0.0,0.0,https://www.loger-dakar.com/Bien/appartement-5-pieces-a-louer-a-ngor-2/,1,799681.1320754717
loger-dakar,Chambre meublée,350000.0,Ngor,4.0,3.0,180.0,1.0,0.0,0.0,https://www.loger-dakar.com/Bien/appartement-5-pieces-a-louer-a-ngor/,1,799681.1320754717
loger-dakar,Appartement f2 à louer au point E,500000.0,Point E,1.0,1.0,60.0,0.0,0.0,0.0,https://www.loger-dakar.com/Bien/appartement-f2-a-louer-au-point-e-2/,1,1003072.2891566266
loger-dakar,Chambre avec salle de bain à louer à ngor almadies,100000.0,Almadies,1.0,1.0,60.0,0.0,0.0,0.0,https://www.loger-dakar.com/Bien/chambre-avec-salle-de-bain-a-louer-a-ngor-almadies/,1,1074463.5443349753
loger-dakar,Bel appartement f4 de standing à louer à Borguiba,800000.0,Autre,3.0,3.0,140.0,0.0,0.0,0.0,https://www.loger-dakar.com/Bien/bel-appartement-f4-de-standing-a-louer-a-borguiba/,1,639511.9856115108
loger-dakar,Villa meublée 4 pièces à la location à somone,800000.0,Autre,3.0,3.0,140.0,1.0,0.0,0.0,https://www.loger-dakar.com/Bien/villa-meublee-4-pieces-a-la-location-a-somone/,1,639511.9856115108
loger-dakar,Belle villa meublée f4 à louer à saly,800000.0,Autre,3.0,3.0,140.0,1.0,0.0,0.0,https://www.loger-dakar.com/Bien/belle-villa-meublee-f4-a-louer-a-saly-3/,1,639511.9856115108
loger-dakar,Villa meublée 5 pièces à louer à saly,1000000.0,Autre,4.0,4.0,180.0,1.0,0.0,0.0,https://www.loger-dakar.com/Bien/villa-meublee-5-pieces-a-louer-a-saly-6/,1,639511.9856115108
loger-dakar,Bel appartement f4 de standing à louer à fenêtre mermoz,1500000.0,Mermoz,3.0,3.0,140.0,0.0,0.0,0.0,https://www.loger-dakar.com/Bien/bel-appartement-f4-de-standing-a-louer-a-fenetre-mermoz/,1,1032668.5082872928
loger-dakar,Appartement f2 à louer aux almadies,250000.0,Almadies,1.0,1.0,60.0,0.0,0.0,0.0,https://www.loger-dakar.com/Bien/appartement-f2-a-louer-aux-almadies/,1,1074463.5443349753
loger-dakar,Appartement f3 neuf à louer à Colobane,325000.0,Autre,2.0,1.0,100.0,0.0,0.0,1.0,https://www.loger-dakar.com/Bien/appartement-f3-neuf-a-louer-a-colobane/,1,639511.9856115108
loger-dakar,Bel appartement meublé f4 à louer à au virage,1200000.0,Ngor,3.0,3.0,140.0,1.0,0.0,0.0,https://www.loger-dakar.com/Bien/bel-appartement-meuble-f4-a-louer-a-au-virage/,1,799681.1320754717
loger-dakar,Appartement f3 à louer sur la corniche ouest Mosquée Divinité,400000.0,Autre,3.0,3.0,140.0,0.0,0.0,0.0,https://www.loger-dakar.com/Bien/appartement-f3-a-louer-sur-la-corniche-ouest-mosquee-divinite/,1,639511.9856115108
loger-dakar,Appartement f2 à louer à ngor almadies derrière Philippe moris,275000.0,Almadies,1.0,1.0,60.0,0.0,0.0,0.0,https://www.loger-dakar.com/Bien/appartement-f2-a-louer-a-ngor-almadies-derriere-philippe-moris/,1,1074463.5443349753
loger-dakar,Mini studio f1 à louer aux almadies route king fad palace,200000.0,Almadies,1.0,1.0,60.0,0.0,0.0,0.0,https://www.loger-dakar.com/Bien/mini-studio-f1-a-louer-aux-almadies-route-king-fad-palace/,1,1074463.5443349753
loger-dakar,villa meublée 6 pièces à louer à ngaparou,250000.0,Autre,5.0,4.0,220.0,1.0,0.0,0.0,https://www.loger-dakar.com/Bien/villa-meublee-6-pieces-a-louer-a-ngaparou/,1,639511.9856115108
loger-dakar,Belle villa meublée 6 pièces à louer à ngaparou,300000.0,Autre,5.0,4.0,220.0,1.0,0.0,0.0,https://www.loger-dakar.com/Bien/belle-villa-meublee-6-pieces-a-louer-a-ngaparou/,1,639511.9856115108
loger-dakar,Chambre avec salle de bain à louer au virage,100000.0,Ngor,1.0,1.0,60.0,0.0,0.0,0.0,https://www.loger-dakar.com/Bien/chambre-avec-salle-de-bain-a-louer-au-virage-2/,1,799681.1320754717
loger-dakar,Bel appartement f3 neuf à louer à ngor non loin de la matrague,500000.0,Ngor,2.0,1.0,100.0,0.0,0.0,1.0,https://www.loger-dakar.com/Bien/bel-appartement-f3-neuf-a-louer-a-ngor-non-loin-de-la-matrague/,1,799681.1320754717
loger-dakar,Bel appartement meublé f3 à louer au point E,1100000.0,Point E,2.0,1.0,100.0,1.0,0.0,0.0,https://www.loger-dakar.com/Bien/bel-appartement-meuble-f3-a-louer-au-point-e-3/,1,1003072.2891566266
loger-dakar,Appartement f4 à louer à ngor,350000.0,Ngor,3.0,2.0,140.0,0.0,0.0,0.0,https://www.loger-dakar.com/Bien/appartement-f4-a-louer-a-ngor/,1,799681.1320754717
loger-dakar,Studio f2 à louer à yoff route ecobank,180000.0,Yoff,1.0,1.0,60.0,0.0,0.0,0.0,https://www.loger-dakar.com/Bien/studio-f2-a-louer-a-yoff-route-ecobank-2/,1,528798.4732824428
loger-dakar,UNE BELLE VILLA ÀLOUER MERMOZ BATTRAIN,1500000.0,Mermoz,5.0,5.0,220.0,0.0,0.0,0.0,https://www.loger-dakar.com/Bien/une-belle-villa-alouer-mermoz-battrain/,1,1032668.5082872928
loger-dakar,Belle villa meublée 7 pieces à louer à saly,250000.0,Autre,6.0,5.0,260.0,1.0,0.0,0.0,https://www.loger-dakar.com/Bien/belle-villa-meublee-7-pieces-a-louer-a-saly-3/,1,639511.9856115108
loger-dakar,Appartement f3 neuf à usage de bureaux à louer à colobane,325000.0,Autre,2.0,1.0,100.0,0.0,0.0,1.0,https://www.loger-dakar.com/Bien/appartement-f3-neuf-a-usage-de-bureaux-a-louer-a-colobane/,1,639511.9856115108
loger-dakar,Appartements à louer Dakar Point E,600000.0,Point E,3.0,2.0,140.0,0.0,0.0,0.0,https://www.loger-dakar.com/Bien/appartements-a-louer-dakar-point-e/,1,1003072.2891566266
loger-dakar,Appartement f2 à louer au point E,550000.0,Point E,1.0,1.0,60.0,0.0,0.0,0.0,https://www.loger-dakar.com/Bien/appartement-f2-a-louer-au-point-e/,1,1003072.2891566266
loger-dakar,Bel appartement meublé f2 à louer au virage,600000.0,Ngor,1.0,1.0,60.0,1.0,0.0,0.0,https://www.loger-dakar.com/Bien/bel-appartement-meuble-f2-a-louer-au-virage/,1,799681.1320754717
loger-dakar,Villa 7 pièces à usage de bureaux à louer à fann résidence,5000000.0,Autre,6.0,4.0,260.0,0.0,0.0,0.0,https://www.loger-dakar.com/Bien/villa-7-pieces-a-usage-de-bureaux-a-louer-a-fann-residence/,1,639511.9856115108
loger-dakar,Belle villa meublée 3 pièces à louer à sacré coeur 3 vdn,1100000.0,Autre,2.0,1.0,100.0,1.0,0.0,0.0,https://www.loger-dakar.com/Bien/belle-villa-meublee-3-pieces-a-louer-a-sacre-coeur-3-vdn/,1,639511.9856115108
loger-dakar,Appartement f3 à louer à fann mermoz,1350000.0,Mermoz,2.0,2.0,100.0,0.0,0.0,0.0,https://www.loger-dakar.com/Bien/appartement-f3-a-louer-a-fann-mermoz/,1,1032668.5082872928
loger-dakar,Appartement F4 à louer aux Mamelles cité Mbackiou Faye,550000.0,Mamelles,3.0,4.0,140.0,0.0,0.0,0.0,https://www.loger-dakar.com/Bien/appartement-f4-a-louer-aux-mamelles-cite-mbackiou-faye-2/,1,622633.1707317074
loger-dakar,Belle villa 7 pièces à louer à ngor almadies,1000000.0,Almadies,6.0,6.0,260.0,0.0,0.0,0.0,https://www.loger-dakar.com/Bien/belle-villa-7-pieces-a-louer-a-ngor-almadies/,1,1074463.5443349753
loger-dakar,Magnifique appartement meublé 5 pièces à louer au virage,175000.0,Ngor,4.0,4.0,180.0,1.0,0.0,0.0,https://www.loger-dakar.com/Bien/magnifique-appartement-meuble-5-pieces-a-louer-au-virage/,1,799681.1320754717
loger-dakar,Bel appartement meublé f4 à louer au virage,1500000.0,Ngor,3.0,3.0,140.0,1.0,0.0,0.0,https://www.loger-dakar.com/Bien/bel-appartement-meuble-f4-a-louer-au-virage/,1,799681.1320754717
loger-dakar,Appartement f4 de standing à louer aux almadies,1200000.0,Almadies,3.0,3.0,140.0,0.0,0.0,0.0,https://www.loger-dakar.com/Bien/appartement-f4-de-standing-a-louer-aux-almadies/,1,1074463.5443349753
loger-dakar,Villa meublée 5 pieces à louer à saly,450000.0,Autre,4.0,3.0,180.0,1.0,0.0,0.0,https://www.loger-dakar.com/Bien/villa-meublee-5-pieces-a-louer-a-saly-5/,1,639511.9856115108
loger-dakar,Bel appartement meublé f3 à louer à fenêtre mermoz,1500000.0,Mermoz,2.0,2.0,100.0,1.0,0.0,0.0,https://www.loger-dakar.com/Bien/bel-appartement-meuble-f3-a-louer-a-fenetre-mermoz/,1,1032668.5082872928
loger-dakar,Penthouse meublé pieds dans l’eau à louer à fann résidence,5000000.0,Autre,6.0,5.0,260.0,1.0,0.0,0.0,https://www.loger-dakar.com/Bien/duplex-meuble-pieds-dans-leau-a-louer-a-fann-residence/,1,639511.9856115108
loger-dakar,Magnifique villa meublée 4 pièces à louer à ngaparou,300000.0,Autre,3.0,3.0,140.0,1.0,0.0,0.0,https://www.loger-dakar.com/Bien/magnifique-villa-meublee-4-pieces-a-louer-a-ngaparou/,1,639511.9856115108
loger-dakar,Villa meublée 8 pieces en face de la mer à saly,400000.0,Autre,7.0,6.0,300.0,1.0,0.0,0.0,https://www.loger-dakar.com/Bien/villa-meublee-8-pieces-en-face-de-la-mer-a-saly/,1,639511.9856115108
loger-dakar,Belle villa 8 pièces à louer à la somone,450000.0,Autre,7.0,7.0,300.0,0.0,0.0,0.0,https://www.loger-dakar.com/Bien/belle-villa-8-pieces-a-louer-a-la-somone/,1,639511.9856115108
loger-dakar,Belle villa meublée à louer à saly,1000000.0,Autre,4.0,4.0,180.0,1.0,0.0,0.0,https://www.loger-dakar.com/Bien/belle-villa-meublee-a-louer-a-saly/,1,639511.9856115108
loger-dakar,Villa meublée 5 pièces à louer à saly,160000.0,Autre,4.0,4.0,180.0,1.0,0.0,0.0,https://www.loger-dakar.com/Bien/villa-meublee-5-pieces-a-louer-a-saly-4/,1,639511.9856115108
loger-dakar,Belle villa meublée 8 chambres à louer à ngaparou,450000.0,Autre,8.0,8.0,340.0,1.0,0.0,0.0,https://www.loger-dakar.com/Bien/villa-meublee-8-chambres-a-louer-a-ngaparou/,1,639511.9856115108
loger-dakar,Appartement meublé f3 à louer au point E,1100000.0,Point E,3.0,2.0,140.0,1.0,0.0,0.0,https://www.loger-dakar.com/Bien/appartement-meuble-f3-a-louer-au-point-e/,1,1003072.2891566266
loger-dakar,Appartement f4 meublé à louer à mermoz,1400000.0,Mermoz,3.0,2.0,140.0,1.0,0.0,0.0,https://www.loger-dakar.com/Bien/appartement-f4-meuble-a-louer-a-mermoz/,1,1032668.5082872928
loger-dakar,Chambre avec salle de bain à louer à ngor,100000.0,Ngor,1.0,1.0,60.0,0.0,0.0,0.0,https://www.loger-dakar.com/Bien/chambre-avec-salle-de-bain-a-louer-a-ngor-2/,1,799681.1320754717
loger-dakar,Bel appartement meublé f2 à louer au point E,1000000.0,Point E,1.0,1.0,60.0,1.0,0.0,0.0,https://www.loger-dakar.com/Bien/bel-appartement-meuble-f2-a-louer-au-point-e/,1,1003072.2891566266
loger-dakar,Appartement f2 de standing à louer au point E,550000.0,Point E,1.0,1.0,60.0,0.0,0.0,0.0,https://www.loger-dakar.com/Bien/studio-f2-de-standing-a-louer-au-point-e-2/,1,1003072.2891566266
loger-dakar,Studio f2 à louer au virage,250000.0,Ngor,1.0,1.0,60.0,0.0,0.0,0.0,https://www.loger-dakar.com/Bien/studio-f2-a-louer-au-virage-2/,1,799681.1320754717
loger-dakar,Chambre avec salle de bain à louer à ngor,100000.0,Ngor,1.0,1.0,60.0,0.0,0.0,0.0,https://www.loger-dakar.com/Bien/chambre-avec-salle-de-bain-a-louer-a-ngor/,1,799681.1320754717
loger-dakar,Mini Studio meublé a louer,280000.0,Autre,1.0,1.0,60.0,1.0,0.0,0.0,https://www.loger-dakar.com/Bien/mini-studio-meuble-a-louer/,1,639511.9856115108
loger-dakar,Appartement f4 à louer à ngor virage,600000.0,Ngor,3.0,3.0,140.0,0.0,0.0,0.0,https://www.loger-dakar.com/Bien/appartement-f4-a-louer-a-ngor-virage/,1,799681.1320754717
loger-dakar,Villa meublée 7 pièces à louer à saly,275000.0,Autre,6.0,6.0,260.0,1.0,0.0,0.0,https://www.loger-dakar.com/Bien/villa-meublee-7-pieces-a-louer-a-saly/,1,639511.9856115108
loger-dakar,Villa 13 pièces à usage de bureaux à louer à yoff biagui,2500000.0,Yoff,12.0,9.0,500.0,0.0,0.0,0.0,https://www.loger-dakar.com/Bien/villa-13-pieces-a-usage-de-bureaux-a-louer-a-yoff-biagui/,1,528798.4732824428
loger-dakar,Villa meublée 5 pièces à louer à saly,160000.0,Autre,4.0,4.0,180.0,1.0,0.0,0.0,https://www.loger-dakar.com/Bien/villa-meublee-5-pieces-a-louer-a-saly-3/,1,639511.9856115108
loger-dakar,Bel appartement f4 à louer aux almadies,1200000.0,Almadies,3.0,3.0,140.0,0.0,0.0,0.0,https://www.loger-dakar.com/Bien/bel-appartement-f4-a-louer-aux-almadies-2/,1,1074463.5443349753
loger-dakar,Studio meublé f2 à louer à yoff route de l’ancien aéroport,500000.0,Yoff,1.0,1.0,60.0,1.0,0.0,0.0,https://www.loger-dakar.com/Bien/studio-meuble-f2-a-louer-a-yoff-route-de-lancien-aeroport-2/,1,528798.4732824428
loger-dakar,Appartement neuf f3 à usage de bureaux à louer à colobane,325000.0,Autre,2.0,1.0,100.0,0.0,0.0,1.0,https://www.loger-dakar.com/Bien/appartement-neuf-f3-a-usage-de-bureaux-a-louer-a-colobane/,1,639511.9856115108
loger-dakar,Bel appartement meublé f4 de superficie 300 m² à louer au virage,1500000.0,Ngor,3.0,3.0,140.0,1.0,0.0,0.0,https://www.loger-dakar.com/Bien/bel-appartement-meuble-f4-de-superficie-300-m%c2%b2-a-louer-au-virage/,1,799681.1320754717
loger-dakar,Villa R+1 à louè à l’année,650000.0,Autre,4.0,4.0,180.0,0.0,0.0,0.0,https://www.loger-dakar.com/Bien/villa-r1-a-loue-a-lannee/,1,639511.9856115108
loger-dakar,Appartement f2 de standing à louer au pointt E,500000.0,Autre,1.0,1.0,60.0,0.0,0.0,0.0,https://www.loger-dakar.com/Bien/studio-f2-de-standing-a-louer-au-pointt-e/,1,639511.9856115108
loger-dakar,Studio f2 à louer à yoff route ecobank,180000.0,Yoff,1.0,1.0,60.0,0.0,0.0,0.0,https://www.loger-dakar.com/Bien/studio-f2-a-louer-a-yoff-route-ecobank/,1,528798.4732824428
loger-dakar,Mini Studio f1 à louer aux almdies route king fad palace,250000.0,Autre,1.0,1.0,60.0,0.0,0.0,0.0,https://www.loger-dakar.com/Bien/studio-f1-a-louer-aux-almdies-route-king-fad-palace/,1,639511.9856115108
loger-dakar,Belle villa meublée 3 pièces à louer à sacré coeur 3,1100000.0,Autre,2.0,2.0,100.0,1.0,0.0,0.0,https://www.loger-dakar.com/Bien/belle-villa-meublee-3-pieces-a-louer-a-sacre-coeur-3/,1,639511.9856115108
loger-dakar,Appartement meublé f4 à louer à liberté 6 extension,560000.0,Sicap,3.0,2.0,140.0,1.0,0.0,0.0,https://www.loger-dakar.com/Bien/appartement-meuble-f4-a-louer-a-liberte-6-extension-3/,1,559881.25
loger-dakar,Appartement meublé f2 en face de la mer à la location au virage,600000.0,Ngor,1.0,1.0,60.0,1.0,0.0,0.0,https://www.loger-dakar.com/Bien/appartement-meuble-f2-en-face-de-la-mer-a-la-location-au-virage/,1,799681.1320754717
loger-dakar,Bel appartement fermé neuf de standing à louer aux almadies,1200000.0,Almadies,3.0,3.0,140.0,0.0,0.0,1.0,https://www.loger-dakar.com/Bien/bel-appartement-ferme-neuf-de-standing-a-louer-aux-almadies/,1,1074463.5443349753
loger-dakar,Belle villa neuve f5 non meublée à louer à ngaparou,1100000.0,Autre,4.0,4.0,180.0,1.0,0.0,0.0,https://www.loger-dakar.com/Bien/belle-villa-neuve-moderne-f5-a-louer-a-ngaparou/,1,639511.9856115108
loger-dakar,Appartement neuf f3 à louer aux almadies,400000.0,Almadies,2.0,2.0,100.0,0.0,0.0,1.0,https://www.loger-dakar.com/Bien/appartement-neuf-f3-a-louer-aux-almadies/,1,1074463.5443349753
loger-dakar,Villa meublée 5 pièces à louer à saly niakh niakhal,450000.0,Autre,4.0,3.0,180.0,1.0,0.0,0.0,https://www.loger-dakar.com/Bien/villa-meublee-5-pieces-a-louer-a-saly-niakh-niakhal-2/,1,639511.9856115108
loger-dakar,Villa meublée f5 à louer à saly,900000.0,Autre,4.0,4.0,180.0,1.0,0.0,0.0,https://www.loger-dakar.com/Bien/villa-meublee-f5-a-louer-a-saly/,1,639511.9856115108
loger-dakar,Studio f2 de standing à louer au point E,500000.0,Point E,2.0,2.0,100.0,0.0,0.0,0.0,https://www.loger-dakar.com/Bien/studio-f2-de-standing-a-louer-au-point-e/,1,1003072.2891566266
loger-dakar,Appartement f3 à usage de bureaux à louer à Colobane,325000.0,Autre,2.0,1.0,100.0,0.0,0.0,0.0,https://www.loger-dakar.com/Bien/appartement-f3-a-usage-de-bureaux-a-louer-a-colobane/,1,639511.9856115108
loger-dakar,Appartement F4 Vue sur Mer à Louer à Ngor Almadies,1500000.0,Almadies,3.0,3.0,140.0,0.0,1.0,0.0,https://www.loger-dakar.com/Bien/appartement-f4-vue-sur-mer-a-louer-a-ngor-almadies/,1,1074463.5443349753
loger-dakar,Appartement F4 à Louer à Ngor Almadies,650000.0,Almadies,3.0,3.0,140.0,0.0,0.0,0.0,https://www.loger-dakar.com/Bien/appartement-f4-a-louer-a-ngor-almadies/,1,1074463.5443349753
loger-dakar,Belle villa meublée 7 pièces à louer à saly,300000.0,Autre,6.0,5.0,260.0,1.0,0.0,0.0,https://www.loger-dakar.com/Bien/belle-villa-meublee-7-pieces-a-louer-a-saly-2/,1,639511.9856115108
loger-dakar,Villa 5 pièces à louer à yoff-biagui,800000.0,Yoff,5.0,5.0,220.0,0.0,0.0,0.0,https://www.loger-dakar.com/Bien/villa-5-pieces-a-louer-a-yoff-biagui/,1,528798.4732824428
loger-dakar,Appartement 4 pièces à louer à ouakam,600000.0,Ouakam,3.0,2.0,140.0,0.0,0.0,0.0,https://www.loger-dakar.com/Bien/appartement-4-pieces-a-louer-a-ouakam-2/,1,740800.0
loger-dakar,Appartement 5 pièces à louer à ouakam,500000.0,Ouakam,4.0,2.0,180.0,0.0,0.0,0.0,https://www.loger-dakar.com/Bien/appartement-5-pieces-a-louer-a-ouakam/,1,740800.0
loger-dakar,Bel appartement meublé f3 à louer au point E,800000.0,Point E,2.0,1.0,100.0,1.0,0.0,0.0,https://www.loger-dakar.com/Bien/bel-appartement-meuble-f3-a-louer-au-point-e-2/,1,1003072.2891566266
loger-dakar,Villa 6 pièces à louer à ngor almadies,1800000.0,Almadies,3.0,3.0,140.0,0.0,0.0,0.0,https://www.loger-dakar.com/Bien/villa-6-pieces-a-louer-a-ngor-almadies/,1,1074463.5443349753
loger-dakar,Belle villa neuve 5 pièces non meublée à louer à ngaparou non loin de la cabane,1000000.0,Autre,3.0,4.0,140.0,1.0,0.0,0.0,https://www.loger-dakar.com/Bien/belle-villa-neuve-5-pieces-non-meublee-a-louer-a-ngaparou-non-loin-de-la-cabane/,1,639511.9856115108
loger-dakar,Appartement f3 à louer à la cité biagui,275000.0,Autre,3.0,2.0,140.0,0.0,0.0,0.0,https://www.loger-dakar.com/Bien/appartement-f3-a-louer-a-la-cite-biagui/,1,639511.9856115108
loger-dakar,Bel appartement f4 à louer au point E,900000.0,Point E,3.0,3.0,140.0,0.0,0.0,0.0,https://www.loger-dakar.com/Bien/bel-appartement-f4-a-louer-au-point-e-2/,1,1003072.2891566266
loger-dakar,Bel appartement f4 de superficie 300 m² à louer au virage,1000000.0,Ngor,3.0,3.0,140.0,0.0,0.0,0.0,https://www.loger-dakar.com/Bien/bel-appartement-f4-de-superficie-300-m%c2%b2-a-louer-au-virage/,1,799681.1320754717
loger-dakar,Appartement F4 à Louer au Point E,1000000.0,Point E,3.0,3.0,140.0,0.0,0.0,0.0,https://www.loger-dakar.com/Bien/appartement-f4-a-louer-au-point-e-4/,1,1003072.2891566266
loger-dakar,Appartement meublé f3 à louer aux almadies route king fad palace,500000.0,Almadies,3.0,2.0,140.0,1.0,0.0,0.0,https://www.loger-dakar.com/Bien/appartement-meuble-f3-a-louer-aux-almadies-route-king-fad-palace/,1,1074463.5443349753
loger-dakar,Appartement 5 pièces à louer à liberté 6 extension,400000.0,Sicap,3.0,2.0,140.0,0.0,0.0,0.0,https://www.loger-dakar.com/Bien/appartement-5-pieces-a-louer-a-liberte-6-extension/,1,559881.25
loger-dakar,Appartement 5 pièces à louer à liberté 6 extension,600000.0,Sicap,3.0,1.0,140.0,0.0,0.0,0.0,https://www.loger-dakar.com/Bien/magasin-de-superficie-52-m%c2%b2-a-louer-a-sacre-coeur-2/,1,559881.25
loger-dakar,Appartement 5 pièces à louer à liberté 6 extension,150000.0,Sicap,3.0,1.0,140.0,0.0,0.0,0.0,https://www.loger-dakar.com/Bien/magasin-a-louer-a-liberte-6-extension/,1,559881.25
loger-dakar,studio meublé f2 à louer au point E,850000.0,Point E,3.0,1.0,140.0,1.0,0.0,0.0,https://www.loger-dakar.com/Bien/studio-meuble-f2-a-louer-au-point-e-2/,1,1003072.2891566266
loger-dakar,Appartement F3 à LOUER à NGOR Almadies,480000.0,Almadies,3.0,3.0,140.0,0.0,0.0,0.0,https://www.loger-dakar.com/Bien/appartement-f3-a-louer-a-ngor-almadies/,1,1074463.5443349753
loger-dakar,Villa meublée 5 pièces avec piscine privée à louer à saly,120000.0,Autre,3.0,4.0,140.0,1.0,0.0,0.0,https://www.loger-dakar.com/Bien/villa-meublee-5-pieces-avec-piscine-privee-a-louer-a-saly/,1,639511.9856115108
loger-dakar,Appartement meublé f4 à louer à liberté 6 extension,750000.0,Sicap,3.0,2.0,140.0,1.0,0.0,0.0,https://www.loger-dakar.com/Bien/appartement-meuble-f4-a-louer-a-liberte-6-extension-4/,1,559881.25
loger-dakar,Appartement f3 neuf f3 non meublé à louer à ngor non loin de la madrague,500000.0,Ngor,3.0,1.0,140.0,1.0,0.0,1.0,https://www.loger-dakar.com/Bien/appartement-f3-neuf-f3-non-meuble-a-louer-a-ngor-non-loin-de-la-madrague/,1,799681.1320754717
loger-dakar,Studio meublé f2 à louer au virage,350000.0,Ngor,3.0,1.0,140.0,1.0,0.0,0.0,https://www.loger-dakar.com/Bien/studio-meuble-f2-a-louer-au-virage-2/,1,799681.1320754717
loger-dakar,Appartement f3 neuf à usage de bureaux à la location à Colobane,325000.0,Autre,3.0,1.0,140.0,0.0,0.0,1.0,https://www.loger-dakar.com/Bien/appartement-f3-neuf-a-usage-de-bureaux-a-la-location-a-colobane/,1,639511.9856115108
loger-dakar,Studio f2 à louer à yoff derrière ecobank,180000.0,Yoff,3.0,1.0,140.0,0.0,0.0,0.0,https://www.loger-dakar.com/Bien/studio-f2-a-louer-a-yoff-derriere-ecobank/,1,528798.4732824428
loger-dakar,Appartement f4 à louer au virage,350000.0,Ngor,3.0,2.0,140.0,0.0,0.0,0.0,https://www.loger-dakar.com/Bien/appartement-f4-a-louer-au-virage/,1,799681.1320754717
loger-dakar,Studio à louer,150000.0,Autre,3.0,12.0,140.0,0.0,0.0,0.0,https://www.loger-dakar.com/Bien/studio-a-louer-2/,1,639511.9856115108
loger-dakar,Appartements à louer onomo,550000.0,Autre,3.0,3.0,140.0,0.0,0.0,0.0,https://www.loger-dakar.com/Bien/appartements-a-louer-onomo/,1,639511.9856115108
loger-dakar,Bel appartement meublé f3 à louer au point E,1100000.0,Point E,3.0,2.0,140.0,1.0,0.0,0.0,https://www.loger-dakar.com/Bien/bel-appartement-meuble-f3-a-louer-au-point-e/,1,1003072.2891566266
loger-dakar,Bel appartement f3 non meublé à louer au point E,800000.0,Point E,3.0,2.0,140.0,1.0,0.0,0.0,https://www.loger-dakar.com/Bien/bel-appartement-f3-non-meuble-a-louer-au-point-e/,1,1003072.2891566266
loger-dakar,Studio meublé f2 à louer au point E,850000.0,Point E,3.0,1.0,140.0,1.0,0.0,0.0,https://www.loger-dakar.com/Bien/studio-meuble-f2-a-louer-au-point-e/,1,1003072.2891566266
loger-dakar,Villa non meublée 6 pièces à louer à nord foire,700000.0,Yoff,3.0,4.0,140.0,1.0,0.0,0.0,https://www.loger-dakar.com/Bien/villa-non-meublee-6-pieces-a-louer-a-nord-foire/,1,528798.4732824428
loger-dakar,Magnifique villa meublée 7 pièces à louer à saly,300000.0,Autre,3.0,6.0,140.0,1.0,0.0,0.0,https://www.loger-dakar.com/Bien/magnifique-villa-meublee-7-pieces-a-louer-a-saly/,1,639511.9856115108
loger-dakar,Belle Villa meublée 8 pièces à louer à saly,300000.0,Autre,3.0,6.0,140.0,1.0,0.0,0.0,https://www.loger-dakar.com/Bien/belle-villa-meublee-8-pieces-a-louer-a-saly/,1,639511.9856115108
loger-dakar,Belle villa meublée 5 pièces à louer à saly,1200000.0,Autre,3.0,4.0,140.0,1.0,0.0,0.0,https://www.loger-dakar.com/Bien/belle-villa-meublee-5-pieces-a-louer-a-saly/,1,639511.9856115108
loger-dakar,Belle villa f4 neuve moderne non meublée à louer à ngaparou,1000000.0,Autre,3.0,4.0,140.0,1.0,0.0,0.0,https://www.loger-dakar.com/Bien/belle-villa-f4-neuve-moderne-non-meublee-a-louer-a-ngaparou/,1,639511.9856115108
loger-dakar,Belle villa meublée f4 à louer à saly,1000000.0,Autre,3.0,3.0,140.0,1.0,0.0,0.0,https://www.loger-dakar.com/Bien/belle-villa-meublee-f4-a-louer-a-saly-2/,1,639511.9856115108
loger-dakar,Villa non meublée 6 pièces à louer à nord foire,700000.0,Yoff,3.0,4.0,140.0,1.0,0.0,0.0,https://www.loger-dakar.com/Bien/villa-5-pieces-a-louer-aux-maristes/,1,528798.4732824428
loger-dakar,Villa non meublée 6 pièces à louer à nord foire,350000.0,Ouakam,3.0,2.0,140.0,1.0,0.0,0.0,https://www.loger-dakar.com/Bien/appartement-4-pieces-a-louer-a-ouakam/,1,740800.0
loger-dakar,Villa R+2 à louer dans la cité Mbackiyou Faye,2000000.0,Autre,3.0,5.0,140.0,0.0,0.0,0.0,https://www.loger-dakar.com/Bien/villa-r2-a-louer-dans-la-cite-mbackiyou-faye/,1,639511.9856115108
loger-dakar,Appartements à louer 1 chambres sallon,450000.0,Autre,3.0,3.0,140.0,0.0,0.0,0.0,https://www.loger-dakar.com/Bien/appartements-a-louer-2-chambres-sallon/,1,639511.9856115108
loger-dakar,Appartement F4 à louer à Fann Résidence,1500000.0,Autre,3.0,4.0,140.0,0.0,0.0,0.0,https://www.loger-dakar.com/Bien/appartement-f4-a-louer-a-fann-residence/,1,639511.9856115108
loger-dakar,Belle villa meublée 4 pièces à louer à saly non loin de Obama beach,150000.0,Autre,3.0,3.0,140.0,1.0,0.0,0.0,https://www.loger-dakar.com/Bien/belle-villa-meublee-4-pieces-a-louer-a-saly-non-loin-de-obama-beach/,1,639511.9856115108
loger-dakar,Mini studio à louer à ngor,150000.0,Ngor,3.0,1.0,140.0,0.0,0.0,0.0,https://www.loger-dakar.com/Bien/mini-studio-a-louer-a-ngor/,1,799681.1320754717
loger-dakar,Bel appartement f4 de standing à louer aux almadies,1600000.0,Almadies,3.0,3.0,140.0,0.0,0.0,0.0,https://www.loger-dakar.com/Bien/bel-appartement-f4-de-standing-a-louer-aux-almadies/,1,1074463.5443349753
loger-dakar,Villa meublée 4 pièces à louer à saly niakh niakhal,650000.0,Autre,3.0,3.0,140.0,1.0,0.0,0.0,https://www.loger-dakar.com/Bien/villa-meublee-4-pieces-a-louer-a-saly-niakh-niakhal/,1,639511.9856115108
loger-dakar,Villa 6 pieces à louer à ngor almadies derrière chez catia,1600000.0,Almadies,3.0,4.0,140.0,0.0,0.0,0.0,https://www.loger-dakar.com/Bien/villa-5-pieces-a-louer-a-ngor-almadies-derriere-chez-catia/,1,1074463.5443349753
loger-dakar,studio à louer,150000.0,Autre,3.0,1.0,140.0,0.0,0.0,0.0,https://www.loger-dakar.com/Bien/studio-a-louer/,1,639511.9856115108
loger-dakar,Villa meublée 4 pièces à louer à ngaparou,900000.0,Autre,3.0,4.0,140.0,1.0,0.0,0.0,https://www.loger-dakar.com/Bien/villa-meublee-4-pieces-a-louer-a-ngaparou/,1,639511.9856115108
loger-dakar,Appartement f3 à louer à yoff cité biagui,275000.0,Yoff,3.0,3.0,140.0,0.0,0.0,0.0,https://www.loger-dakar.com/Bien/appartement-f3-a-louer-a-yoff-cite-biagui/,1,528798.4732824428
loger-dakar,Appartement F4 à louer Fann résidence,1800000.0,Autre,3.0,4.0,140.0,0.0,0.0,0.0,https://www.loger-dakar.com/Bien/appartement-f4-a-louer-fann-residence/,1,639511.9856115108
loger-dakar,Studio meublé f2 à louer à ngor almadies,500000.0,Almadies,1.0,1.0,60.0,1.0,0.0,0.0,https://www.loger-dakar.com/Bien/studio-meuble-f2-a-louer-a-ngor-almadies/,1,1074463.5443349753
loger-dakar,Belle villa meublée 6 pièces à louer à saly,200000.0,Autre,5.0,5.0,220.0,1.0,0.0,0.0,https://www.loger-dakar.com/Bien/belle-villa-6-pieces-a-louer-a-saly/,1,639511.9856115108
loger-dakar,Appartement F5 à louer à Mermoz face de la corniche,2000000.0,Mermoz,4.0,5.0,180.0,0.0,0.0,0.0,https://www.loger-dakar.com/Bien/appartement-f5-a-louer-a-mermoz-face-de-la-corniche/,1,1032668.5082872928
loger-dakar,APPARTEMENT F3 À OUAKAM,400000.0,Ouakam,2.0,3.0,100.0,0.0,0.0,0.0,https://www.loger-dakar.com/Bien/appartement-f4-a-ouakam/,1,740800.0
loger-dakar,Belle villa meublée 8 pièces à louer à saly,400000.0,Autre,7.0,5.0,300.0,1.0,0.0,0.0,https://www.loger-dakar.com/Bien/belle-villa-meublee-8-pieces-a-louer-a-saly-2/,1,639511.9856115108
loger-dakar,Villa meublée f4 à louer à saly niakh niakhal,650000.0,Autre,3.0,3.0,140.0,1.0,0.0,0.0,https://www.loger-dakar.com/Bien/villa-meublee-f4-a-louer-a-saly-niakh-niakhal/,1,639511.9856115108
loger-dakar,Ngaparou – Belle villa meublée f4 à louer,125000.0,Autre,3.0,3.0,140.0,1.0,0.0,0.0,https://www.loger-dakar.com/Bien/ngaparou-belle-villa-meublee-f4-a-louer/,1,639511.9856115108
loger-dakar,Villa meublée f4 à louer à ngaparou,900000.0,Autre,3.0,3.0,140.0,1.0,0.0,0.0,https://www.loger-dakar.com/Bien/villa-meublee-f4-a-louer-a-ngaparou/,1,639511.9856115108
loger-dakar,Bel appartement f4 à louer à yoff route de l’ancien aéroport,500000.0,Yoff,3.0,2.0,140.0,0.0,0.0,0.0,https://www.loger-dakar.com/Bien/bel-appartement-f4-a-louer-a-yoff-route-de-lancien-aeroport/,1,528798.4732824428
loger-dakar,Belle villa meublée 4 pièces à louer à saly résidence cristalline,180000.0,Autre,3.0,3.0,140.0,1.0,0.0,0.0,https://www.loger-dakar.com/Bien/belle-villa-meublee-4-pieces-a-louer-a-saly-residence-cristalline/,1,639511.9856115108
loger-dakar,Appartement f3 à louer à yoff cité biagui,350000.0,Almadies,3.0,1.0,140.0,0.0,0.0,0.0,https://www.loger-dakar.com/Bien/magasin-a-louer-aux-almadies-route-king-fad-palace/,1,1074463.5443349753
loger-dakar,Villa meublée 5 pièces à louer à ngaparou,300000.0,Autre,4.0,4.0,180.0,1.0,0.0,0.0,https://www.loger-dakar.com/Bien/villa-meublee-5-pieces-a-louer-a-ngaparou/,1,639511.9856115108
loger-dakar,Belle villa meublée 4 pièces à louer à nguerigne,220000.0,Autre,3.0,3.0,140.0,1.0,0.0,0.0,https://www.loger-dakar.com/Bien/belle-villa-meublee-4-pieces-a-louer-a-nguerigne/,1,639511.9856115108
loger-dakar,Belle villa 6 pièces à la location à ngaparou,250000.0,Autre,3.0,5.0,140.0,0.0,0.0,0.0,https://www.loger-dakar.com/Bien/belle-villa-6-pieces-a-la-location-a-ngaparou/,1,639511.9856115108
loger-dakar,Belle villa meublée 6 pièces à louer à saly,200000.0,Autre,5.0,5.0,220.0,1.0,0.0,0.0,https://www.loger-dakar.com/Bien/belle-villa-meublee-6-pieces-a-louer-a-saly/,1,639511.9856115108
loger-dakar,Villa 6 pieces à usage professionnel à louer à sacré coeur vdn,1500000.0,Autre,3.0,3.0,140.0,0.0,0.0,0.0,https://www.loger-dakar.com/Bien/villa-6-pieces-a-usage-professionnel-a-louer-a-sacre-coeur-vdn/,1,639511.9856115108
loger-dakar,Bel appartement f4 en face de la mer à louer au virage,2700000.0,Ngor,3.0,3.0,140.0,0.0,0.0,0.0,https://www.loger-dakar.com/Bien/bel-appartement-f4-en-face-de-la-mer-a-louer-au-virage/,1,799681.1320754717
loger-dakar,Belle villa meublée 7 pièces à louer à saly,350000.0,Autre,3.0,5.0,140.0,1.0,0.0,0.0,https://www.loger-dakar.com/Bien/belle-villa-meublee-7-pieces-a-louer-a-saly/,1,639511.9856115108
loger-dakar,Magnifique villa meublée 6 pièces à louer à ngaparou,350000.0,Autre,5.0,5.0,220.0,1.0,0.0,0.0,https://www.loger-dakar.com/Bien/magnifique-villa-meublee-6-pieces-a-louer-a-ngaparou/,1,639511.9856115108
loger-dakar,Villa entièrement meublée 4 pièces à louer à ngaparou,350000.0,Autre,3.0,2.0,140.0,1.0,0.0,0.0,https://www.loger-dakar.com/Bien/villa-entierement-meublee-4-pieces-a-louer-a-ngaparou/,1,639511.9856115108
loger-dakar,Villa meublée f4 en résidence à louer à saly,900000.0,Autre,3.0,2.0,140.0,1.0,0.0,0.0,https://www.loger-dakar.com/Bien/villa-meublee-f4-en-residence-a-louer-a-saly/,1,639511.9856115108
loger-dakar,Studio meublé f2 à louer à yoff route de l’ancien aéroport,550000.0,Yoff,3.0,1.0,140.0,1.0,0.0,0.0,https://www.loger-dakar.com/Bien/studio-meuble-f2-a-louer-a-yoff-route-de-lancien-aeroport/,1,528798.4732824428
loger-dakar,Chambre propre avec salle de bain à louer à ngor,100000.0,Ngor,1.0,1.0,60.0,0.0,0.0,0.0,https://www.loger-dakar.com/Bien/chambre-propre-avec-salle-de-bain-a-louer-a-ngor/,1,799681.1320754717
loger-dakar,STUDIOS A LOUER SICAP FOIRE,250000.0,Autre,1.0,2.0,60.0,0.0,0.0,0.0,https://www.loger-dakar.com/Bien/studios-a-louer-sicap-foire/,1,639511.9856115108
loger-dakar,APPARTEMENT F4 À LOUER OUEST FOIRE,350000.0,Yoff,2.0,5.0,100.0,0.0,0.0,0.0,https://www.loger-dakar.com/Bien/appartement-f4-a-louer-ouest-foire/,1,528798.4732824428
loger-dakar,APPARTEMENT F4 À LOUER SICAP FOIRE,500000.0,Autre,3.0,3.0,140.0,0.0,0.0,0.0,https://www.loger-dakar.com/Bien/appartement-f4-a-louer-sicap-foire/,1,639511.9856115108
loger-dakar,Belle villa meublée 3 pièces en résidence à louer à saly,110000.0,Autre,2.0,2.0,100.0,1.0,0.0,0.0,https://www.loger-dakar.com/Bien/belle-villa-meublee-3-pieces-en-residence-a-louer-a-saly/,1,639511.9856115108
loger-dakar,Magnifique villa meublée 5 pièces à louer à saly,250000.0,Autre,4.0,4.0,180.0,1.0,0.0,0.0,https://www.loger-dakar.com/Bien/magnifique-villa-meublee-5-pieces-a-louer-a-saly/,1,639511.9856115108
loger-dakar,Beau studio meublé f2 à louer au virage,700000.0,Ngor,1.0,1.0,60.0,1.0,0.0,0.0,https://www.loger-dakar.com/Bien/beau-studio-meuble-f2-a-louer-au-virage/,1,799681.1320754717
loger-dakar,Appartement meublé f3 à louer sur la corniche ouest mosquée Divinité,450000.0,Autre,2.0,1.0,100.0,1.0,0.0,0.0,https://www.loger-dakar.com/Bien/appartement-meuble-f3-a-louer-sur-la-corniche-ouest-mosquee-divinite/,1,639511.9856115108
loger-dakar,Duplex à louer à louer à ngor almadies,750000.0,Almadies,3.0,5.0,140.0,0.0,0.0,0.0,https://www.loger-dakar.com/Bien/duplex-a-louer-a-louer-a-ngor-almadies/,1,1074463.5443349753
loger-dakar,Studio meublé f2 à louer à ngaparou,175000.0,Autre,1.0,1.0,60.0,1.0,0.0,0.0,https://www.loger-dakar.com/Bien/studio-meuble-f2-a-louer-a-ngaparou-2/,1,639511.9856115108
loger-dakar,Belle villa 7 pièces à louer à yoff route de l’ancien aéroport,2700000.0,Yoff,6.0,4.0,260.0,0.0,0.0,0.0,https://www.loger-dakar.com/Bien/belle-villa-7-pieces-a-louer-a-yoff-route-de-lancien-aeroport/,1,528798.4732824428
loger-dakar,Belle 6 pièces à louer à sipres mermoz,2000000.0,Mermoz,4.0,4.0,180.0,0.0,0.0,0.0,https://www.loger-dakar.com/Bien/belle-6-pieces-a-louer-a-sipres-mermoz/,1,1032668.5082872928
loger-dakar,Bel appartement f4 non meublé à louer au virage,400000.0,Ngor,3.0,3.0,140.0,1.0,0.0,0.0,https://www.loger-dakar.com/Bien/bel-appartement-f4-non-meuble-a-louer-au-virage/,1,799681.1320754717
loger-dakar,Belle villa meublée 6 pièces de grande superficie à louer à saly,300000.0,Autre,5.0,5.0,220.0,1.0,0.0,0.0,https://www.loger-dakar.com/Bien/belle-villa-meublee-6-pieces-de-grande-superficie-a-louer-a-saly/,1,639511.9856115108
loger-dakar,Joli 2 piéces – Front de Terre Dakar,400000.0,Autre,1.0,1.0,60.0,0.0,0.0,0.0,https://www.loger-dakar.com/Bien/joli-2-pieces-front-de-terre-dakar-2/,1,639511.9856115108
loger-dakar,Belle villa meublée f4 à louer à nguerigne,650000.0,Autre,3.0,3.0,140.0,1.0,0.0,0.0,https://www.loger-dakar.com/Bien/belle-villa-meublee-f4-a-louer-a-nguerigne-2/,1,639511.9856115108
loger-dakar,Appartement meublé f3 à louer au virage,1300000.0,Ngor,2.0,2.0,100.0,1.0,0.0,0.0,https://www.loger-dakar.com/Bien/appartement-meuble-f3-a-louer-au-virage-2/,1,799681.1320754717
loger-dakar,Mini studio meublé à louer au maristes non loin de l’école japonaise,400000.0,Hann Maristes,1.0,1.0,60.0,1.0,0.0,0.0,https://www.loger-dakar.com/Bien/mini-studio-meuble-a-louer-au-maristes-non-loin-de-lecole-japonaise/,1,432187.5
loger-dakar,Magnifique villa meublée 6 pièces pieds dans l’eau à louer à saly non loin de lamantin,250000.0,Autre,5.0,5.0,220.0,1.0,0.0,0.0,https://www.loger-dakar.com/Bien/magnifique-villa-meublee-6-pieces-pieds-dans-leau-a-louer-a-saly-non-loin-de-lamantin/,1,639511.9856115108
loger-dakar,Maison de vaccance 6 pièces à louer à saly à 2 mn de la mer,200000.0,Autre,5.0,5.0,220.0,0.0,0.0,0.0,https://www.loger-dakar.com/Bien/maison-de-vaccance-6-pieces-a-louer-a-saly-a-2-mn-de-la-mer/,1,639511.9856115108
loger-dakar,Belle villa meublée 4 pieces à louer à saly niakh niakhal,600000.0,Autre,3.0,3.0,140.0,1.0,0.0,0.0,https://www.loger-dakar.com/Bien/belle-villa-meublee-4-pieces-a-louer-a-saly-niakh-niakhal/,1,639511.9856115108
loger-dakar,STUDIO à louer Ngor Almadies à la cité SOCABEG,450000.0,Almadies,1.0,1.0,60.0,0.0,0.0,0.0,https://www.loger-dakar.com/Bien/studio-a-louer-ngor-almadies-a-la-cite-socabeg/,1,1074463.5443349753
loger-dakar,Appartement à louer à Ngor Almadies à la cité SOCABEG,650000.0,Almadies,3.0,2.0,140.0,0.0,0.0,0.0,https://www.loger-dakar.com/Bien/appartement-a-louer-a-ngor-almadies-a-la-cite-socabeg/,1,1074463.5443349753
loger-dakar,Appartement à louer aux almadies 2,250000.0,Almadies,3.0,2.0,140.0,0.0,0.0,0.0,https://www.loger-dakar.com/Bien/appartement-a-louer-aux-almadies-2-3/,1,1074463.5443349753
loger-dakar,Appartement à louer aux almadies 2,250000.0,Almadies,3.0,2.0,140.0,0.0,0.0,0.0,https://www.loger-dakar.com/Bien/appartement-a-louer-aux-almadies-2-2/,1,1074463.5443349753
loger-dakar,Belle villa meublée f4 à louer à nguerigne,650000.0,Autre,3.0,3.0,140.0,1.0,0.0,0.0,https://www.loger-dakar.com/Bien/belle-villa-meublee-f4-a-louer-a-nguerigne/,1,639511.9856115108
loger-dakar,Villa meublée 5 pièces à louer à saly,1000000.0,Autre,3.0,3.0,140.0,1.0,0.0,0.0,https://www.loger-dakar.com/Bien/villa-meublee-5-pieces-a-louer-a-saly-2/,1,639511.9856115108
loger-dakar,Studio meublé f1 à louer à ngaparou,250000.0,Autre,3.0,1.0,140.0,1.0,0.0,0.0,https://www.loger-dakar.com/Bien/studio-meuble-f1-a-louer-a-ngaparou/,1,639511.9856115108
loger-dakar,Studio meublé f2 à louer à ngaparou,300000.0,Autre,3.0,1.0,140.0,1.0,0.0,0.0,https://www.loger-dakar.com/Bien/studio-meuble-f2-a-louer-a-ngaparou/,1,639511.9856115108
loger-dakar,APPARTEMENT F4 À LOUER ALMADIES,2000000.0,Almadies,3.0,4.0,140.0,0.0,0.0,0.0,https://www.loger-dakar.com/Bien/appartement-f4-a-louer-almadies/,1,1074463.5443349753
loger-dakar,APPARTEMENT F4 À LOUER MERMOZ,700000.0,Mermoz,3.0,3.0,140.0,0.0,0.0,0.0,https://www.loger-dakar.com/Bien/appartement-f4-a-louer-mermoz/,1,1032668.5082872928
loger-dakar,Villa f4 non meublée à louer à ngaparou,400000.0,Autre,3.0,3.0,140.0,1.0,0.0,0.0,https://www.loger-dakar.com/Bien/villa-f4-non-meublee-a-louer-a-ngaparou/,1,639511.9856115108
loger-dakar,Belle villa meublée 4 pièces en résidence à louer à saly,1700000.0,Autre,3.0,3.0,140.0,1.0,0.0,0.0,https://www.loger-dakar.com/Bien/belle-villa-meublee-4-pieces-en-residence-a-louer-a-saly/,1,639511.9856115108
loger-dakar,Belle villa meublée f4 proche de la mer à louer à saly,100000.0,Autre,3.0,2.0,140.0,1.0,0.0,0.0,https://www.loger-dakar.com/Bien/belle-villa-meublee-f4-proche-de-la-mer-a-louer-a-saly/,1,639511.9856115108
loger-dakar,Bel appartement meublé f3 à louer à ngor almadies non loin de la maison de Celine,1100000.0,Almadies,2.0,2.0,100.0,1.0,0.0,0.0,https://www.loger-dakar.com/Bien/bel-appartement-meuble-f3-a-louer-a-ngor-almadies-non-loin-de-la-maison-de-celine/,1,1074463.5443349753
loger-dakar,Mini studio meublé à louer à ngor almadies derrière el toro,500000.0,Almadies,1.0,1.0,60.0,1.0,0.0,0.0,https://www.loger-dakar.com/Bien/mini-studio-meuble-a-louer-a-ngor-almadies-derriere-el-toro/,1,1074463.5443349753
loger-dakar,Studio à louer à ngor almadies,275000.0,Almadies,1.0,1.0,60.0,0.0,0.0,0.0,https://www.loger-dakar.com/Bien/studio-a-louer-a-ngor-almadies-2/,1,1074463.5443349753
loger-dakar,Mini studio meublé à louer à ngor,300000.0,Ngor,1.0,1.0,60.0,1.0,0.0,0.0,https://www.loger-dakar.com/Bien/mini-studio-meuble-a-louer-a-ngor/,1,799681.1320754717
loger-dakar,Belle villa 7 pieces à louer à yoff route l’ancien aéroport,2700000.0,Yoff,6.0,4.0,260.0,0.0,0.0,0.0,https://www.loger-dakar.com/Bien/belle-villa-7-pieces-a-louer-a-yoff-route-lancien-aeroport/,1,528798.4732824428
loger-dakar,Appartement f3 à louer à yoff tongor,230000.0,Ngor,2.0,1.0,100.0,0.0,0.0,0.0,https://www.loger-dakar.com/Bien/appartement-f3-a-louer-a-yoff-tongor/,1,799681.1320754717
loger-dakar,Studio à louer à ngor village,130000.0,Ngor,1.0,1.0,60.0,0.0,0.0,0.0,https://www.loger-dakar.com/Bien/studio-a-louer-a-ngor-village/,1,799681.1320754717
loger-dakar,Belle villa meublée f5 à louer à saly,1200000.0,Autre,4.0,4.0,180.0,1.0,0.0,0.0,https://www.loger-dakar.com/Bien/belle-villa-meublee-f5-a-louer-a-saly/,1,639511.9856115108
loger-dakar,Belle villa meublée f4 à louer à saly,185000.0,Autre,4.0,4.0,180.0,1.0,0.0,0.0,https://www.loger-dakar.com/Bien/belle-villa-meublee-f4-a-louer-a-saly/,1,639511.9856115108
loger-dakar,Appartement F4 a louer,450000.0,Autre,3.0,3.0,140.0,0.0,0.0,0.0,https://www.loger-dakar.com/Bien/appartement-f4-a-louer/,1,639511.9856115108
loger-dakar,Villa à louer Yoff cité Biagui,1600000.0,Yoff,4.0,6.0,180.0,0.0,0.0,0.0,https://www.loger-dakar.com/Bien/villa-a-louer-yoff-cite-biagui/,1,528798.4732824428
loger-dakar,APPARTEMENT MEUBLE A LOUER A LIBERTE 6,750000.0,Mermoz,3.0,4.0,140.0,0.0,0.0,0.0,https://www.loger-dakar.com/Bien/appartements-a-louer-a-mermoz/,1,1032668.5082872928
loger-dakar,APPARTEMENT F3 À LOUER AMITIÉ 2,750000.0,Autre,2.0,3.0,100.0,0.0,0.0,0.0,https://www.loger-dakar.com/Bien/appartement-f3-a-louer-amitie-2/,1,639511.9856115108
loger-dakar,Bel appartement F4 haut de gamme non meublé à louer sur la route de la corniche,2500000.0,Autre,3.0,3.0,140.0,1.0,0.0,0.0,https://www.loger-dakar.com/Bien/bel-appartement-f4-haut-de-gamme-non-meuble-a-louer-route-de-la-corniche/,1,639511.9856115108
loger-dakar,Appartement meublé F4 à louer à liberté 6 extension,700000.0,Sicap,3.0,2.0,140.0,1.0,0.0,0.0,https://www.loger-dakar.com/Bien/appartement-meuble-f4-a-louer-a-liberte-6-extension-2/,1,559881.25
loger-dakar,Villa 6 pièces à louer au virage,1200000.0,Ngor,5.0,3.0,220.0,0.0,0.0,0.0,https://www.loger-dakar.com/Bien/villa-6-pieces-a-louer-au-virage/,1,799681.1320754717
loger-dakar,Bel appartement F3 à louer à Saly,300000.0,Autre,2.0,2.0,100.0,0.0,0.0,0.0,https://www.loger-dakar.com/Bien/bel-appartement-f3-a-louer-a-saly/,1,639511.9856115108
loger-dakar,Studio meublé F1 à louer aux Maristes,400000.0,Hann Maristes,1.0,1.0,60.0,1.0,0.0,0.0,https://www.loger-dakar.com/Bien/studio-meuble-f1-a-louer-aux-maristes-2/,1,432187.5
loger-dakar,Studio F2 non meublé à louer au virage,275000.0,Ngor,1.0,1.0,60.0,1.0,0.0,0.0,https://www.loger-dakar.com/Bien/studio-f2-non-meuble-a-louer-au-virage/,1,799681.1320754717
loger-dakar,Villa meublé F4 en résidence à louer à Saly,900000.0,Autre,3.0,3.0,140.0,1.0,0.0,0.0,https://www.loger-dakar.com/Bien/villa-meuble-f4-en-residence-a-louer-a-saly/,1,639511.9856115108
loger-dakar,Villa basse neuve 4 pièces à louer à Ndiakhirate,150000.0,Autre,3.0,3.0,140.0,0.0,0.0,0.0,https://www.loger-dakar.com/Bien/villa-basse-neuve-4-pieces-a-louer-a-ndiakhirate/,1,639511.9856115108
loger-dakar,Bel appartement F4 non meublé haut de gamme à louer sur la corniche ouest,2500000.0,Autre,3.0,3.0,140.0,1.0,0.0,0.0,https://www.loger-dakar.com/Bien/bel-appartement-f4-non-meuble-haut-de-gamme-a-louer-sur-la-corniche-ouest/,1,639511.9856115108
loger-dakar,Studio F1 à louer aux Almadies route king fad palace,200000.0,Almadies,1.0,1.0,60.0,0.0,0.0,0.0,https://www.loger-dakar.com/Bien/studio-f1-a-louer-aux-almadies-route-king-fad-palace/,1,1074463.5443349753
loger-dakar,VILLA DUPLEX F5 A LOUER AUX ALMADIES,2500000.0,Almadies,4.0,5.0,180.0,0.0,0.0,0.0,https://www.loger-dakar.com/Bien/villa-duplex-f5-a-louer-aux-almadies/,1,1074463.5443349753
loger-dakar,Magnifique appartement meublé F4 de grand standing à louer au virage,2000000.0,Ngor,3.0,3.0,140.0,1.0,0.0,0.0,https://www.loger-dakar.com/Bien/magnifique-appartement-meuble-f4-de-grand-standing-a-louer-au-virage/,1,799681.1320754717
loger-dakar,Grande chambre + SDB et cuisine à côté à louer à Ngor,120000.0,Ngor,1.0,1.0,60.0,0.0,0.0,0.0,https://www.loger-dakar.com/Bien/grande-chambre-sdb-et-cuisine-a-cote-a-louer-a-ngor/,1,799681.1320754717
loger-dakar,Bel appartement meublé F3 à louer à Ngor Almadies,1100000.0,Almadies,2.0,2.0,100.0,1.0,0.0,0.0,https://www.loger-dakar.com/Bien/bel-appartement-meuble-f3-a-louer-a-ngor-almadies/,1,1074463.5443349753
loger-dakar,Studio F2 haut de gamme à la location au point E,550000.0,Point E,3.0,1.0,140.0,0.0,0.0,0.0,https://www.loger-dakar.com/Bien/studio-f2-haut-de-gamme-a-la-location-au-point-e/,1,1003072.2891566266
loger-dakar,Bel appartement F4 haut de gamme à louer aux Almadies,1600000.0,Almadies,3.0,3.0,140.0,0.0,0.0,0.0,https://www.loger-dakar.com/Bien/bel-appartement-f4-haut-de-gamme-a-louer-aux-almadies/,1,1074463.5443349753
loger-dakar,Bel appartement meublé F3 pieds dans l’eau à louer au virage,1200000.0,Ngor,2.0,2.0,100.0,1.0,0.0,0.0,https://www.loger-dakar.com/Bien/bel-appartement-meuble-f3-pieds-dans-leau-a-louer-au-virage/,1,799681.1320754717
loger-dakar,Villa meublée 5 pièces à louer à Saly,900000.0,Autre,4.0,4.0,180.0,1.0,0.0,0.0,https://www.loger-dakar.com/Bien/villa-meublee-5-pieces-a-louer-a-saly/,1,639511.9856115108
loger-dakar,DUPLEX MEUBLE À LOUER POINT E,135000.0,Point E,3.0,4.0,140.0,0.0,0.0,0.0,https://www.loger-dakar.com/Bien/duplex-meuble-a-louer-point-e/,1,1003072.2891566266
loger-dakar,Studio meublé F2 à louer à Saly,150000.0,Autre,1.0,1.0,60.0,1.0,0.0,0.0,https://www.loger-dakar.com/Bien/studio-meuble-f2-a-louer-a-saly/,1,639511.9856115108
expat,Appartement NEUF à Fann Résidence,1700000.0,Fann,3.0,3.0,140.0,0.0,0.0,1.0,https://www.expat-dakar.com/annonce/appartement-neuf-a-fann-residence-6018122,1,2078164.430379747
expat,A louer un Joli appartement cite mixta 1etage,380000.0,Cite Mixta,3.0,3.0,140.0,0.0,0.0,0.0,https://www.expat-dakar.com/annonce/a-louer-un-joli-appartement-cite-mixta-1etage-6364795,1,352000.0
expat,F3 meublé à louer longue durée Almadies,850000.0,Almadies,2.0,2.0,100.0,1.0,0.0,0.0,https://www.expat-dakar.com/annonce/f3-meuble-a-louer-longue-duree-almadies-6640441,1,1074463.5443349753
expat,Appartement moderne neuf lumineux avec espaces paysagers,1700000.0,Ngor,3.0,3.0,140.0,0.0,0.0,1.0,https://www.expat-dakar.com/annonce/appartement-moderne-neuf-lumineux-avec-espaces-paysagers-6572725,1,799681.1320754717
expat,Bel appartement à louer à fann résidence,1700000.0,Fann,3.0,3.0,140.0,0.0,0.0,0.0,https://www.expat-dakar.com/annonce/bel-appartement-a-louer-a-fann-residence-6566641,1,2078164.430379747
expat,Bel appartement a la Cite keur Gorgui,450000.0,Cité keur gorgui,3.0,3.0,140.0,0.0,0.0,0.0,https://www.expat-dakar.com/annonce/bel-appartement-a-la-cite-keur-gorgui-5632573,1,740577.7777777778
expat,A louer un grand apartuman de 2chambrsalon kuisine 3toilette,350000.0,Sicap foire,2.0,2.0,100.0,0.0,0.0,0.0,https://www.expat-dakar.com/annonce/a-louer-un-grand-apartuman-de-2chambrsalon-kuisine-3toilette-6637699,1,412647.0588235294
expat,F4 neuf à louer cité CPI VDN,400000.0,Ouakam,3.0,3.0,140.0,0.0,0.0,1.0,https://www.expat-dakar.com/annonce/f4-neuf-a-louer-cite-cpi-vdn-6640440,1,740800.0
expat,Appartement Haut Standing Neuf Almadies 202 m²,1700000.0,Almadies,3.0,3.0,140.0,0.0,0.0,1.0,https://www.expat-dakar.com/annonce/appartement-haut-standing-neuf-almadies-202-m2-6620229,1,1074463.5443349753
expat,Sacré cœur appartement de type F4 à louer avec T privée,550000.0,Sacré cœur,3.0,3.0,140.0,0.0,0.0,0.0,https://www.expat-dakar.com/annonce/sacre-coeur-appartement-de-type-f4-a-louer-avec-t-privee-6507455,1,561458.3333333334
expat,Sacré cœur grand appartement F4 à louer,600000.0,Sacré cœur,3.0,3.0,140.0,0.0,0.0,0.0,https://www.expat-dakar.com/annonce/sacre-coeur-grand-appartement-f4-a-louer-6613000,1,561458.3333333334
expat,Appartement F3 meublé à louer à Ngaparou prés de la mer,695000.0,Autre,2.0,2.0,100.0,1.0,0.0,0.0,https://www.expat-dakar.com/annonce/appartement-f3-meuble-a-louer-a-ngaparou-pres-de-la-mer-6640179,1,639511.9856115108
expat,Appartement très lumineux style européen,630000.0,Ngor,2.0,2.0,100.0,0.0,0.0,0.0,https://www.expat-dakar.com/annonce/appartement-tres-lumineux-style-europeen-6602384,1,799681.1320754717
expat,Duplex très moderne avec terrasse à ngor,550000.0,Ngor,2.0,2.0,100.0,0.0,0.0,0.0,https://www.expat-dakar.com/annonce/duplex-tres-moderne-avec-terrasse-a-ngor-6638325,1,799681.1320754717
expat,Joli appartement aux mamelles,310000.0,Mamelles,2.0,2.0,100.0,0.0,0.0,0.0,https://www.expat-dakar.com/annonce/joli-appartement-aux-mamelles-6544337,1,622633.1707317074
expat,Magnifique   appartement à louer à liberté 6 extentiin,375000.0,Liberte 6 extension,3.0,3.0,140.0,0.0,0.0,0.0,https://www.expat-dakar.com/annonce/magnifique-appartement-a-louer-a-liberte-6-extentiin-6137175,1,508500.0
expat,Joli appartement a sacre coeur,550000.0,Sacré cœur,2.0,2.0,100.0,0.0,0.0,0.0,https://www.expat-dakar.com/annonce/joli-appartement-a-sacre-coeur-6599680,1,561458.3333333334
expat,Standing appartement aux almadie,1500000.0,Almadies,3.0,3.0,140.0,0.0,0.0,1.0,https://www.expat-dakar.com/annonce/standing-appartement-aux-almadie-6569881,1,1074463.5443349753
expat,Standing appartement a la citee onomo,550000.0,Virage,3.0,3.0,140.0,0.0,0.0,1.0,https://www.expat-dakar.com/annonce/standing-appartement-a-la-citee-onomo-6599761,1,1043505.8823529412
expat,Appartements à louer au virage,750000.0,Virage,3.0,3.0,140.0,0.0,0.0,0.0,https://www.expat-dakar.com/annonce/appartements-a-louer-au-virage-6534201,1,1043505.8823529412
expat,Magnifique Appartement à louer au Point E,1000000.0,Point e,3.0,3.0,140.0,0.0,0.0,0.0,https://www.expat-dakar.com/annonce/magnifique-appartement-a-louer-au-point-e-6640251,1,1134739.1304347827
expat,Apt F4 très lumineux à Ngor Almadies,700000.0,Ngor,3.0,3.0,140.0,0.0,0.0,0.0,https://www.expat-dakar.com/annonce/apt-f4-tres-lumineux-a-ngor-almadies-6420124,1,799681.1320754717
expat,Très joli appart F4 sur la corniche de Ouakam,550000.0,Ouakam,3.0,3.0,140.0,0.0,0.0,0.0,https://www.expat-dakar.com/annonce/tres-joli-appart-f4-sur-la-corniche-de-ouakam-6455475,1,740800.0
expat,A louer un grand studio 1etage,160000.0,Sacré cœur,1.0,1.0,60.0,0.0,0.0,0.0,https://www.expat-dakar.com/annonce/a-louer-un-grand-studio-1etage-6638936,1,561458.3333333334
expat,Appartement F4 de haut standing au virage,1000000.0,Virage,3.0,3.0,140.0,0.0,0.0,1.0,https://www.expat-dakar.com/annonce/appartement-f4-de-haut-standing-au-virage-6004995,1,1043505.8823529412
expat,Joli appart F4 tout neuf à Mermoz,750000.0,Mermoz,3.0,3.0,140.0,0.0,0.0,1.0,https://www.expat-dakar.com/annonce/joli-appart-f4-tout-neuf-a-mermoz-6584564,1,1032668.5082872928
expat,Grand standing F5 à la cité Africa,1500000.0,Ouakam,4.0,4.0,180.0,0.0,0.0,1.0,https://www.expat-dakar.com/annonce/grand-standing-f5-a-la-cite-africa-6556225,1,740800.0
expat,Bel appartement 3 chambres à Yoff Hangar Pèlerin,575000.0,Yoff,3.0,3.0,140.0,0.0,0.0,0.0,https://www.expat-dakar.com/annonce/bel-appartement-3-chambres-a-yoff-hangar-pelerin-6499676,1,528798.4732824428
expat,F3 lumineux et moderne à louer dans une résidence récente,690000.0,Liberte 6 extension,2.0,2.0,100.0,0.0,0.0,1.0,https://www.expat-dakar.com/annonce/f3-lumineux-et-moderne-a-louer-dans-une-residence-recente-6495159,1,508500.0
expat,Appartement F3 à louer mamelles,300000.0,Mamelles,2.0,2.0,100.0,0.0,0.0,0.0,https://www.expat-dakar.com/annonce/appartement-f3-a-louer-mamelles-6496412,1,622633.1707317074
expat,Appartement F5 – Almadies (derrière Free Mobile),1100000.0,Almadies,4.0,4.0,180.0,0.0,0.0,0.0,https://www.expat-dakar.com/annonce/appartement-f5-almadies-derriere-free-mobile-6403419,1,1074463.5443349753
expat,Appartement à louer aux Almadies,700000.0,Almadies,3.0,3.0,140.0,0.0,0.0,0.0,https://www.expat-dakar.com/annonce/appartement-a-louer-aux-almadies-6640026,1,1074463.5443349753
expat,Appartement F4 à louer aux Almadies avec piscine,500000.0,Almadies,3.0,3.0,140.0,0.0,0.0,0.0,https://www.expat-dakar.com/annonce/appartement-f4-a-louer-aux-almadies-avec-piscine-6639956,1,1074463.5443349753
expat,Appartement à sacré coeur 3,350000.0,Sacré cœur,3.0,3.0,140.0,0.0,0.0,0.0,https://www.expat-dakar.com/annonce/appartement-a-sacre-coeur-3-6640013,1,561458.3333333334
expat,Appartement à louer à la sicap Karack,700000.0,Autre,3.0,3.0,140.0,0.0,0.0,0.0,https://www.expat-dakar.com/annonce/appartement-a-louer-a-la-sicap-karack-6639947,1,639511.9856115108
expat,Magnifique appartement de type F5 à louer,350000.0,Nord foire,4.0,4.0,180.0,0.0,0.0,0.0,https://www.expat-dakar.com/annonce/magnifique-appartement-de-type-f5-a-louer-6563900,1,309941.17647058825
expat,Magnifique appartement de type F4 à louer,550000.0,VDN,3.0,3.0,140.0,0.0,0.0,0.0,https://www.expat-dakar.com/annonce/magnifique-appartement-de-type-f4-a-louer-6545290,1,604847.2222222222
expat,Magnifique appartement de type F3 à louer,350000.0,Ouakam,2.0,2.0,100.0,0.0,0.0,0.0,https://www.expat-dakar.com/annonce/magnifique-appartement-de-type-f3-a-louer-6494994,1,740800.0
expat,Magnifique appartement de type F3 à louer,250000.0,Ouakam,2.0,2.0,100.0,0.0,0.0,0.0,https://www.expat-dakar.com/annonce/magnifique-appartement-de-type-f3-a-louer-6594480,1,740800.0
expat,Magnifique appartement de type F4 à louer,450000.0,Fass,3.0,3.0,140.0,0.0,0.0,0.0,https://www.expat-dakar.com/annonce/magnifique-appartement-de-type-f4-a-louer-6560244,1,274285.71428571426
expat,Appartement de type F3  à louer,350000.0,Autre,2.0,2.0,100.0,0.0,0.0,0.0,https://www.expat-dakar.com/annonce/appartement-de-type-f3-a-louer-6562272,1,639511.9856115108
expat,F3 à louer fass delorme 4eme etage,225000.0,Fass,2.0,2.0,100.0,0.0,0.0,0.0,https://www.expat-dakar.com/annonce/f3-a-louer-fass-delorme-4eme-etage-6311633,1,274285.71428571426
expat,Ref_2483_PL Bel appartement à la Pointe des Almadies,800000.0,Almadies 2,3.0,3.0,140.0,0.0,0.0,0.0,https://www.expat-dakar.com/annonce/ref-2483-pl-bel-appartement-a-la-pointe-des-almadies-6639823,1,362500.0
expat,Appartement à louer à mermoz,900000.0,Mermoz,3.0,3.0,140.0,0.0,0.0,0.0,https://www.expat-dakar.com/annonce/appartement-a-louer-a-mermoz-6590925,1,1032668.5082872928
expat,Appartement lumineux F4 à louer almadies,800000.0,Almadies,3.0,3.0,140.0,0.0,0.0,0.0,https://www.expat-dakar.com/annonce/appartement-lumineux-f4-a-louer-almadies-6502993,1,1074463.5443349753
expat,APPARTEMENT F5 AUX ALMADIES,500000.0,Almadies,4.0,4.0,180.0,0.0,0.0,0.0,https://www.expat-dakar.com/annonce/appartement-f5-aux-almadies-6639245,1,1074463.5443349753
expat,APPARTEMENT AUX ALMADIES,250000.0,Almadies,2.0,2.0,100.0,0.0,0.0,0.0,https://www.expat-dakar.com/annonce/appartement-aux-almadies-6639233,1,1074463.5443349753
expat,À louer – Appartement F4 de standing aux Almadies,1800000.0,Almadies,4.0,4.0,180.0,0.0,0.0,1.0,https://www.expat-dakar.com/annonce/a-louer-appartement-f4-de-standing-aux-almadies-6639110,1,1074463.5443349753
expat,APPARTEMENTS A LOUER CITE BIAGUI,800000.0,Cité biagui,3.0,3.0,140.0,0.0,0.0,0.0,https://www.expat-dakar.com/annonce/appartements-a-louer-cite-biagui-6484356,1,550000.0
expat,APPARTEMENT AUX ALMADIES,350000.0,Almadies,2.0,2.0,100.0,0.0,0.0,0.0,https://www.expat-dakar.com/annonce/appartement-aux-almadies-6562768,1,1074463.5443349753
expat,APPARTEMENT AUX MAMELLES,600000.0,Mamelles,3.0,3.0,140.0,0.0,0.0,0.0,https://www.expat-dakar.com/annonce/appartement-aux-mamelles-6561601,1,622633.1707317074
expat,APPARTEMENT À LOUER YOFF,400000.0,Yoff,3.0,3.0,140.0,0.0,0.0,0.0,https://www.expat-dakar.com/annonce/appartement-a-louer-yoff-6637098,1,528798.4732824428
expat,APPARTEMENT NGOR ALMADIES,400000.0,Almadies,3.0,3.0,140.0,0.0,0.0,0.0,https://www.expat-dakar.com/annonce/appartement-ngor-almadies-6637104,1,1074463.5443349753
expat,APPARTEMENT NGOR ALMADIES,450000.0,Almadies,3.0,3.0,140.0,0.0,0.0,0.0,https://www.expat-dakar.com/annonce/appartement-ngor-almadies-6637106,1,1074463.5443349753
expat,APPARTEMENT AUX MAMELLES,500000.0,Mamelles,2.0,2.0,100.0,0.0,0.0,0.0,https://www.expat-dakar.com/annonce/appartement-aux-mamelles-6637113,1,622633.1707317074
expat,APPARTEMENT NGOR ALMADIES,450000.0,Almadies,3.0,3.0,140.0,0.0,0.0,0.0,https://www.expat-dakar.com/annonce/appartement-ngor-almadies-6637117,1,1074463.5443349753
expat,APPARTEMENT AUX ALMADIES,362600.0,Almadies,2.0,2.0,100.0,0.0,0.0,0.0,https://www.expat-dakar.com/annonce/appartement-aux-almadies-6637123,1,1074463.5443349753
expat,APPARTEMENT AUX ALMADIES,400000.0,Almadies,3.0,3.0,140.0,0.0,0.0,0.0,https://www.expat-dakar.com/annonce/appartement-aux-almadies-6637127,1,1074463.5443349753
expat,APPARTEMENT AUX MAMELLES,450000.0,Mamelles,3.0,3.0,140.0,0.0,0.0,0.0,https://www.expat-dakar.com/annonce/appartement-aux-mamelles-6637159,1,622633.1707317074
expat,APPARTEMENT AUX ALMADIES,500000.0,Almadies,3.0,3.0,140.0,0.0,0.0,0.0,https://www.expat-dakar.com/annonce/appartement-aux-almadies-6637549,1,1074463.5443349753
expat,APPARTEMENT AUX ALMADIES,600000.0,Almadies,3.0,3.0,140.0,0.0,0.0,0.0,https://www.expat-dakar.com/annonce/appartement-aux-almadies-6637673,1,1074463.5443349753
expat,Ref_2922_SEY Appartement à louer au virage,1000000.0,Virage,3.0,3.0,140.0,0.0,0.0,0.0,https://www.expat-dakar.com/annonce/ref-2922-sey-appartement-a-louer-au-virage-6638886,1,1043505.8823529412
expat,Bel appartement à Mermoz,800000.0,Mermoz,3.0,3.0,140.0,0.0,0.0,0.0,https://www.expat-dakar.com/annonce/bel-appartement-a-mermoz-6638862,1,1032668.5082872928
expat,Appartement à louer sur la route du King Fahd,2300000.0,Almadies,4.0,4.0,180.0,0.0,0.0,0.0,https://www.expat-dakar.com/annonce/appartement-a-louer-sur-la-route-du-king-fahd-6638853,1,1074463.5443349753
expat,Appartement à louer  à Fann Résidence,1500000.0,Fann,3.0,3.0,140.0,0.0,0.0,0.0,https://www.expat-dakar.com/annonce/appartement-a-louer-a-fann-residence-6638851,1,2078164.430379747
expat,Appartement à louer à conachap liberté 6,300000.0,Liberte 6,3.0,3.0,140.0,0.0,0.0,0.0,https://www.expat-dakar.com/annonce/appartement-a-louer-a-conachap-liberte-6-6638672,1,449210.5263157895
expat,Appartement neuf à Sacre Cœur 3 à louer,750000.0,Cité keur gorgui,4.0,4.0,180.0,0.0,0.0,1.0,https://www.expat-dakar.com/annonce/appartement-neuf-a-sacre-coeur-3-a-louer-6638803,1,740577.7777777778
expat,F4 haut standing a louer a Aquanique Residence / Virage.,1500000.0,Virage,3.0,3.0,140.0,0.0,0.0,1.0,https://www.expat-dakar.com/annonce/f4-haut-standing-a-louer-a-aquanique-residence-virage-6638731,1,1043505.8823529412
expat,Ref_1819_SEY Villa à louer à Biagui Virage,500000.0,Virage,3.0,3.0,140.0,0.0,0.0,0.0,https://www.expat-dakar.com/annonce/ref-1819-sey-villa-a-louer-a-biagui-virage-6638743,1,1043505.8823529412
expat,Appartement F5 à louer en Centre ville.,1500000.0,Plateau,4.0,4.0,180.0,0.0,0.0,0.0,https://www.expat-dakar.com/annonce/appartement-f5-a-louer-en-centre-ville-6638703,1,1921323.5294117648
expat,Appartement a louer sur la Corniche de Ouakam,550000.0,Corniche,3.0,3.0,140.0,0.0,0.0,0.0,https://www.expat-dakar.com/annonce/appartement-a-louer-sur-la-corniche-de-ouakam-6520124,1,1858333.3333333333
expat,Appartement à louer Mamelle,500000.0,Mamelles,3.0,3.0,140.0,0.0,0.0,0.0,https://www.expat-dakar.com/annonce/appartement-a-louer-mamelle-6599798,1,622633.1707317074
expat,BUREAUX 4 PIECES À LOUER 2 VOIES SACRÉ COEUR JVC,500000.0,Sacré cœur,4.0,4.0,180.0,0.0,0.0,0.0,https://www.expat-dakar.com/annonce/bureaux-4-pieces-a-louer-2-voies-sacre-coeur-jvc-6637451,1,561458.3333333334
expat,"Appartement Point E, au 3étage de la Résidence IRIS.",1200000.0,Point e,3.0,3.0,140.0,0.0,0.0,0.0,https://www.expat-dakar.com/annonce/appartement-point-e-au-3etage-de-la-residence-iris-6638461,1,1134739.1304347827
expat,Appartement F3 à louer à Hann Maristes,500000.0,Hann maristes,3.0,3.0,140.0,0.0,0.0,0.0,https://www.expat-dakar.com/annonce/appartement-f3-a-louer-a-hann-maristes-6618728,1,354151.724137931
expat,lumineux F4 sacré cœur 3,700000.0,Autre,3.0,3.0,140.0,0.0,0.0,0.0,https://www.expat-dakar.com/annonce/lumineux-f4-sacre-coeur-3-6405758,1,639511.9856115108
expat,Lumineux F4 Mermoz,600000.0,Mermoz,3.0,3.0,140.0,0.0,0.0,0.0,https://www.expat-dakar.com/annonce/lumineux-f4-mermoz-6427067,1,1032668.5082872928
expat,Appartement de grand standing à louer à Ngor Almadies,1500000.0,Ngor,3.0,3.0,140.0,0.0,0.0,1.0,https://www.expat-dakar.com/annonce/appartement-de-grand-standing-a-louer-a-ngor-almadies-6638386,1,799681.1320754717
expat,À LOUER  Appartement F3 à Yoff Apecsy,350000.0,Yoff,2.0,2.0,100.0,0.0,0.0,0.0,https://www.expat-dakar.com/annonce/a-louer-appartement-f3-a-yoff-apecsy-6605380,1,528798.4732824428
expat,Appartement neuf spacieux avec balcon et sécurité,400000.0,Ouakam,2.0,2.0,100.0,0.0,0.0,1.0,https://www.expat-dakar.com/annonce/appartement-neuf-spacieux-avec-balcon-et-securite-6605031,1,740800.0
expat,Magnifique appartement de type F4 à louer,900000.0,Ngor,3.0,3.0,140.0,0.0,0.0,0.0,https://www.expat-dakar.com/annonce/magnifique-appartement-de-type-f4-a-louer-6563842,1,799681.1320754717
expat,Appartement F4 a louer au Plateau,1000000.0,Plateau,3.0,3.0,140.0,0.0,0.0,0.0,https://www.expat-dakar.com/annonce/appartement-f4-a-louer-au-plateau-6526014,1,1921323.5294117648
expat,Duplex F6 de standing à louer à Mermoz,1000000.0,Mermoz,5.0,5.0,220.0,0.0,0.0,1.0,https://www.expat-dakar.com/annonce/duplex-f6-de-standing-a-louer-a-mermoz-6610163,1,1032668.5082872928
expat,Appartement F4 à louer à la Cité Keur Guorgui,400000.0,Cité keur gorgui,3.0,3.0,140.0,0.0,0.0,0.0,https://www.expat-dakar.com/annonce/appartement-f4-a-louer-a-la-cite-keur-guorgui-6638241,1,740577.7777777778
expat,Studio à louer par mois,150000.0,Parcelles Assainies,1.0,1.0,60.0,0.0,0.0,0.0,https://www.expat-dakar.com/annonce/studio-a-louer-par-mois-6638225,1,220357.14285714287
expat,Location d'un bel appartement F3 à Sacré Coeur,650000.0,Sacré cœur,2.0,2.0,100.0,0.0,0.0,0.0,https://www.expat-dakar.com/annonce/location-dun-bel-appartement-f3-a-sacre-coeur-6602672,1,561458.3333333334
expat,À LOUER – F4 d’exception à Cité Africa – Vue sur mer,1600000.0,Ouakam,4.0,4.0,180.0,0.0,1.0,0.0,https://www.expat-dakar.com/annonce/a-louer-f4-dexception-a-cite-africa-vue-sur-mer-6634519,1,740800.0
expat,Appartement neuf à louer a comico Guediawaye,200000.0,Guediawaye,2.0,2.0,100.0,0.0,0.0,1.0,https://www.expat-dakar.com/annonce/appartement-neuf-a-louer-a-comico-guediawaye-6594741,1,261000.0
expat,APPARTEMENT SACRÉ COEUR,500000.0,Sacré cœur,3.0,3.0,140.0,0.0,0.0,0.0,https://www.expat-dakar.com/annonce/appartement-sacre-coeur-6637587,1,561458.3333333334
expat,APPARTEMENT AUX MAMELLES,360000.0,Mamelles,3.0,3.0,140.0,0.0,0.0,0.0,https://www.expat-dakar.com/annonce/appartement-aux-mamelles-6637574,1,622633.1707317074
expat,Appartement F3 à louer,350000.0,Amitié,2.0,2.0,100.0,0.0,0.0,0.0,https://www.expat-dakar.com/annonce/appartement-f3-a-louer-6637347,1,572500.0
expat,APPARTEMENT A LOUER SUR LA VDN,800000.0,VDN,3.0,3.0,140.0,0.0,0.0,0.0,https://www.expat-dakar.com/annonce/appartement-a-louer-sur-la-vdn-6637520,1,604847.2222222222
expat,Apparts duplex Mermoz Sacré-Coeur,300000.0,Mermoz,3.0,3.0,140.0,0.0,0.0,0.0,https://www.expat-dakar.com/annonce/apparts-duplex-mermoz-sacre-coeur-6598606,1,1032668.5082872928
expat,Un appartement de deux chambres salon à louer,325000.0,Almadies,2.0,2.0,100.0,0.0,0.0,0.0,https://www.expat-dakar.com/annonce/un-appartement-de-deux-chambres-salon-a-louer-6619858,1,1074463.5443349753
expat,Appartement a louer,325000.0,Fann,2.0,2.0,100.0,0.0,0.0,0.0,https://www.expat-dakar.com/annonce/appartement-a-louer-6637439,1,2078164.430379747
expat,Appartement à louer aux Mamelles,650000.0,Mamelles,3.0,3.0,140.0,0.0,0.0,0.0,https://www.expat-dakar.com/annonce/appartement-a-louer-aux-mamelles-6636567,1,622633.1707317074
expat,Appartement de type F4 à louer aux almadies,730000.0,Almadies,3.0,3.0,140.0,0.0,0.0,0.0,https://www.expat-dakar.com/annonce/appartement-de-type-f4-a-louer-aux-almadies-6637397,1,1074463.5443349753
expat,Appartement F4 disponible,650000.0,Liberte 6,3.0,3.0,140.0,0.0,0.0,0.0,https://www.expat-dakar.com/annonce/appartement-f4-disponible-6637388,1,449210.5263157895
expat,STUDIO 2 PIÈCES À LOUER SUR LA VDN,200000.0,VDN,1.0,1.0,60.0,0.0,0.0,0.0,https://www.expat-dakar.com/annonce/studio-2-pieces-a-louer-sur-la-vdn-6637351,1,604847.2222222222
expat,Appartement F4 à louer,650000.0,Sacré cœur,3.0,3.0,140.0,0.0,0.0,0.0,https://www.expat-dakar.com/annonce/appartement-f4-a-louer-6630110,1,561458.3333333334
expat,Superbe appartement  au Point E,1200000.0,Point e,3.0,3.0,140.0,0.0,0.0,0.0,https://www.expat-dakar.com/annonce/superbe-appartement-au-point-e-6494459,1,1134739.1304347827
expat,STUDIO A LOUER,170000.0,Parcelles Assainies,1.0,1.0,60.0,0.0,0.0,0.0,https://www.expat-dakar.com/annonce/studio-a-louer-6637333,1,220357.14285714287
expat,Studio moderne avec balcon et cuisine équipée,250000.0,Sacré cœur,1.0,1.0,60.0,0.0,0.0,0.0,https://www.expat-dakar.com/annonce/studio-moderne-avec-balcon-et-cuisine-equipee-6637201,1,561458.3333333334
expat,Appartement de standing à louer,600000.0,Ngor,4.0,4.0,180.0,0.0,0.0,1.0,https://www.expat-dakar.com/annonce/appartement-de-standing-a-louer-6239513,1,799681.1320754717
expat,APPARTEMENT F3 À LOUER A OUAKAM COMICO,200000.0,Ouakam,2.0,2.0,100.0,0.0,0.0,0.0,https://www.expat-dakar.com/annonce/appartement-f3-a-louer-a-ouakam-comico-6637048,1,740800.0
expat,Appartement F4 à louer - Cité de l'émergence Autoroute,500000.0,Dakar,3.0,3.0,140.0,0.0,0.0,0.0,https://www.expat-dakar.com/annonce/appartement-f4-a-louer-cite-de-lemergence-autoroute-6616732,1,801875.0
expat,"Appartement, propre et confortable à louer",850000.0,Point e,3.0,3.0,140.0,0.0,0.0,0.0,https://www.expat-dakar.com/annonce/appartement-propre-et-confortable-a-louer-6534372,1,1134739.1304347827
expat,Studio disponible au Palazzo Suit (F2),500000.0,Point e,1.0,1.0,60.0,0.0,0.0,0.0,https://www.expat-dakar.com/annonce/studio-disponible-au-palazzo-suit-f2-6457273,1,1134739.1304347827
expat,Appartement de 2ch a Sacre Coeur 3 VDN,275000.0,VDN,2.0,2.0,100.0,0.0,0.0,0.0,https://www.expat-dakar.com/annonce/appartement-de-2ch-a-sacre-coeur-3-vdn-6631814,1,604847.2222222222
expat,À LOUER – F3 HAUT STANDING A LA CITÉ KEUR GORGUI AU 5e étage,500000.0,Cité keur gorgui,2.0,2.0,100.0,0.0,0.0,1.0,https://www.expat-dakar.com/annonce/a-louer-f3-haut-standing-a-la-cite-keur-gorgui-au-5e-etage-6637173,1,740577.7777777778
expat,APPARTEMENT AUX MAMELLES,250000.0,Mamelles,2.0,2.0,100.0,0.0,0.0,0.0,https://www.expat-dakar.com/annonce/appartement-aux-mamelles-6637152,1,622633.1707317074
expat,Magnifique Appartement F4 à louer à Fann Hock,1500000.0,Fann Hock,3.0,3.0,140.0,0.0,0.0,0.0,https://www.expat-dakar.com/annonce/magnifique-appartement-f4-a-louer-a-fann-hock-6589209,1,1711111.111111111
expat,Appartement vue sur mer à louer aux Almadies,1000000.0,Almadies,3.0,3.0,140.0,0.0,1.0,0.0,https://www.expat-dakar.com/annonce/appartement-vue-sur-mer-a-louer-aux-almadies-6637094,1,1074463.5443349753
expat,APPARTEMENT AUX MAMELLES,500000.0,Mamelles,2.0,2.0,100.0,0.0,0.0,0.0,https://www.expat-dakar.com/annonce/appartement-aux-mamelles-6562240,1,622633.1707317074
expat,Quatre chambres à louer par mois,600000.0,Mermoz,4.0,4.0,180.0,0.0,0.0,0.0,https://www.expat-dakar.com/annonce/quatre-chambres-a-louer-par-mois-6636938,1,1032668.5082872928
expat,Appartement louer parcelles unité 15 vdn,200000.0,Parcelles Assainies,2.0,2.0,100.0,0.0,0.0,0.0,https://www.expat-dakar.com/annonce/appartement-louer-parcelles-unite-15-vdn-6540737,1,220357.14285714287
expat,Appartements à louer à la cité keur guorgui,500000.0,Cité keur gorgui,3.0,3.0,140.0,0.0,0.0,0.0,https://www.expat-dakar.com/annonce/appartements-a-louer-a-la-cite-keur-guorgui-6469592,1,740577.7777777778
expat,Studio à louer par mois,350000.0,VDN,1.0,1.0,60.0,0.0,0.0,0.0,https://www.expat-dakar.com/annonce/studio-a-louer-par-mois-6629537,1,604847.2222222222
expat,Appartements à louer en centre ville,1300000.0,Plateau,3.0,3.0,140.0,0.0,0.0,0.0,https://www.expat-dakar.com/annonce/appartements-a-louer-en-centre-ville-6175592,1,1921323.5294117648
expat,Appartement F4 moderne lumineux à louer à Mermoz cornichep,1400000.0,Mermoz,3.0,3.0,140.0,0.0,0.0,0.0,https://www.expat-dakar.com/annonce/appartement-f4-moderne-lumineux-a-louer-a-mermoz-cornichep-6633145,1,1032668.5082872928
expat,Studio a louer a liberte 6 extention,270000.0,Liberte 6 extension,1.0,1.0,60.0,0.0,0.0,0.0,https://www.expat-dakar.com/annonce/studio-a-louer-a-liberte-6-extention-6613188,1,508500.0
expat,Appartement à louer centre ville,1000000.0,Plateau,2.0,2.0,100.0,0.0,0.0,0.0,https://www.expat-dakar.com/annonce/appartement-a-louer-centre-ville-6432623,1,1921323.5294117648
expat,Mini Studio neuf sacré cœur 3,250000.0,Sacré cœur,1.0,1.0,60.0,0.0,0.0,1.0,https://www.expat-dakar.com/annonce/mini-studio-neuf-sacre-coeur-3-6636697,1,561458.3333333334
expat,Appartement à louer aux mamelles,400000.0,Mamelles,3.0,3.0,140.0,0.0,0.0,0.0,https://www.expat-dakar.com/annonce/appartement-a-louer-aux-mamelles-6634117,1,622633.1707317074
expat,Duplex 4 chambres à louer à ngor,600000.0,Ngor,4.0,4.0,180.0,0.0,0.0,0.0,https://www.expat-dakar.com/annonce/duplex-4-chambres-a-louer-a-ngor-6636635,1,799681.1320754717
expat,APPARTEMENT F3 À LOUER AUX ALMADIES,1800000.0,Almadies,2.0,2.0,100.0,0.0,0.0,0.0,https://www.expat-dakar.com/annonce/appartement-f3-a-louer-aux-almadies-6597825,1,1074463.5443349753
expat,À LOUER – Superbe appartement avec terrasse sur la VDN,800000.0,VDN,3.0,3.0,140.0,0.0,0.0,0.0,https://www.expat-dakar.com/annonce/a-louer-superbe-appartement-avec-terrasse-sur-la-vdn-6622371,1,604847.2222222222
expat,APPARETEMENT F3 A LOUER,500000.0,Yoff,2.0,2.0,100.0,0.0,0.0,0.0,https://www.expat-dakar.com/annonce/apparetement-f3-a-louer-6393366,1,528798.4732824428
expat,APPART F4 A LOUER VIRAGE,1000000.0,Virage,3.0,3.0,140.0,0.0,0.0,0.0,https://www.expat-dakar.com/annonce/appart-f4-a-louer-virage-6531515,1,1043505.8823529412
expat,APPT F4 A LOUER NGOR ALMADIES,600000.0,Ngor,3.0,3.0,140.0,0.0,0.0,0.0,https://www.expat-dakar.com/annonce/appt-f4-a-louer-ngor-almadies-6456586,1,799681.1320754717
expat,Ref_2919_SEY Appartement à louer au virage,1200000.0,Virage,3.0,3.0,140.0,0.0,0.0,0.0,https://www.expat-dakar.com/annonce/ref-2919-sey-appartement-a-louer-au-virage-6636534,1,1043505.8823529412
expat,DAKAR ALMADIES : Appartement à louer – Le Ponant,1100000.0,Almadies,3.0,3.0,140.0,0.0,0.0,0.0,https://www.expat-dakar.com/annonce/dakar-almadies-appartement-a-louer-le-ponant-6636519,1,1074463.5443349753
expat,Ref_2918_SEY Beau duplex pied dans l'eau à louer au virage,2000000.0,Virage,3.0,3.0,140.0,0.0,0.0,0.0,https://www.expat-dakar.com/annonce/ref-2918-sey-beau-duplex-pied-dans-leau-a-louer-au-virage-6636371,1,1043505.8823529412
expat,Appartement 2 chambres salon à Ouest Foire,200000.0,Ouest foire,2.0,2.0,100.0,0.0,0.0,0.0,https://www.expat-dakar.com/annonce/appartement-2-chambres-salon-a-ouest-foire-6636496,1,317380.95238095237
expat,APPARTEMENT F4 à SICAP FOIRE,400000.0,Sicap foire,3.0,3.0,140.0,0.0,0.0,0.0,https://www.expat-dakar.com/annonce/appartement-f4-a-sicap-foire-6636447,1,412647.0588235294
expat,Appartement deux chambres salon à louer à zac mbao,140000.0,Zac Mbao,2.0,2.0,100.0,0.0,0.0,0.0,https://www.expat-dakar.com/annonce/appartement-deux-chambres-salon-a-louer-a-zac-mbao-6603726,1,185714.2857142857
expat,Appartement Haut Standing F4 immeuble Saphir,1400000.0,Almadies,3.0,3.0,140.0,0.0,0.0,1.0,https://www.expat-dakar.com/annonce/appartement-haut-standing-f4-immeuble-saphir-6589364,1,1074463.5443349753
expat,Appartement F4 Neuf 2eme Etage  Liberté 6 Côté Vdn,600000.0,Liberte 6,3.0,3.0,140.0,0.0,0.0,1.0,https://www.expat-dakar.com/annonce/appartement-f4-neuf-2eme-etage-liberte-6-cote-vdn-6616442,1,449210.5263157895
expat,Appartement 03 chambres à louer aux Mamelles Extension,450000.0,Mamelles,3.0,3.0,140.0,0.0,0.0,0.0,https://www.expat-dakar.com/annonce/appartement-03-chambres-a-louer-aux-mamelles-extension-6531918,1,622633.1707317074
expat,STUDIO A LOUER,130000.0,Zac Mbao,1.0,1.0,60.0,0.0,0.0,0.0,https://www.expat-dakar.com/annonce/studio-a-louer-6636284,1,185714.2857142857
expat,APPARTEMENT À USAGE DE BUREAU À AMITIÉ 2,800000.0,Amitié,3.0,3.0,140.0,0.0,0.0,0.0,https://www.expat-dakar.com/annonce/appartement-a-usage-de-bureau-a-amitie-2-6636265,1,572500.0
expat,Appartement à louer aux Almadies,650000.0,Almadies,3.0,3.0,140.0,0.0,0.0,0.0,https://www.expat-dakar.com/annonce/appartement-a-louer-aux-almadies-6509266,1,1074463.5443349753
expat,APPARTEMENT de types F4 A louer NGOR~ALMADIES,800000.0,Almadies,3.0,3.0,140.0,0.0,0.0,0.0,https://www.expat-dakar.com/annonce/appartement-de-types-f4-a-louer-ngoralmadies-6636219,1,1074463.5443349753
expat,Studio à louer,200000.0,Ouakam,1.0,1.0,60.0,0.0,0.0,0.0,https://www.expat-dakar.com/annonce/studio-a-louer-6377842,1,740800.0
expat,Appartement,1100000.0,Almadies,3.0,3.0,140.0,0.0,0.0,0.0,https://www.expat-dakar.com/annonce/appartement-6533096,1,1074463.5443349753
expat,APPT F4  A LOUER,1500000.0,Ngor,3.0,3.0,140.0,0.0,0.0,0.0,https://www.expat-dakar.com/annonce/appt-f4-a-louer-6340738,1,799681.1320754717
expat,Très bel Appartement à louer,600000.0,Mamelles,2.0,2.0,100.0,0.0,0.0,0.0,https://www.expat-dakar.com/annonce/tres-bel-appartement-a-louer-6373981,1,622633.1707317074
expat,Très bel Appartement F4 à louer,1000000.0,Ngor,3.0,3.0,140.0,0.0,0.0,0.0,https://www.expat-dakar.com/annonce/tres-bel-appartement-f4-a-louer-6452106,1,799681.1320754717
expat,APPARTEMENT F4  A LOUER AUX MAMELLES,850000.0,Mamelles,3.0,3.0,140.0,0.0,0.0,0.0,https://www.expat-dakar.com/annonce/appartement-f4-a-louer-aux-mamelles-6348701,1,622633.1707317074
expat,Appt F4 à louer à yoff,600000.0,Yoff,3.0,3.0,140.0,0.0,0.0,0.0,https://www.expat-dakar.com/annonce/appt-f4-a-louer-a-yoff-6543346,1,528798.4732824428
expat,Duplex à louer a ouest foire,500000.0,Ouest foire,4.0,4.0,180.0,0.0,0.0,0.0,https://www.expat-dakar.com/annonce/duplex-a-louer-a-ouest-foire-6543334,1,317380.95238095237
expat,Appartement/ PENTHOUSE F6 A LOUER,2500000.0,Ngor,5.0,5.0,220.0,0.0,0.0,0.0,https://www.expat-dakar.com/annonce/appartement-penthouse-f6-a-louer-6343867,1,799681.1320754717
expat,APPT F4 à louer aux Mamelles,500000.0,Mamelles,3.0,3.0,140.0,0.0,0.0,0.0,https://www.expat-dakar.com/annonce/appt-f4-a-louer-aux-mamelles-6557196,1,622633.1707317074
expat,Duplex F5 à louer grand standing,1500000.0,Mamelles,4.0,4.0,180.0,0.0,0.0,1.0,https://www.expat-dakar.com/annonce/duplex-f5-a-louer-grand-standing-6492332,1,622633.1707317074
expat,Appartement F3 à louer,300000.0,Ouakam,2.0,2.0,100.0,0.0,0.0,0.0,https://www.expat-dakar.com/annonce/appartement-f3-a-louer-6404791,1,740800.0
expat,Appartement F2 Aux Maristes - A Louer,155400.0,Hann maristes,1.0,1.0,60.0,0.0,0.0,0.0,https://www.expat-dakar.com/annonce/appartement-f2-aux-maristes-a-louer-6634938,1,354151.724137931
expat,APPARTEMENT A LOUER A SICAP BAOBAB,500000.0,Sicap baobab,3.0,3.0,140.0,0.0,0.0,0.0,https://www.expat-dakar.com/annonce/appartement-a-louer-a-sicap-baobab-6563481,1,486000.0
expat,APPARTEMENT A MOUER AU POINT E,1350000.0,Point e,3.0,3.0,140.0,0.0,0.0,0.0,https://www.expat-dakar.com/annonce/appartement-a-mouer-au-point-e-6520109,1,1134739.1304347827
expat,Point e/ Très beaux appartements disponibles à PALAZZO SUIT,800000.0,Point e,3.0,3.0,140.0,0.0,0.0,0.0,https://www.expat-dakar.com/annonce/point-e-tres-beaux-appartements-disponibles-a-palazzo-suit-6362695,1,1134739.1304347827
expat,Appartement à louer Zac Mbao,150000.0,Zac Mbao,2.0,2.0,100.0,0.0,0.0,0.0,https://www.expat-dakar.com/annonce/appartement-a-louer-zac-mbao-6630093,1,185714.2857142857
expat,F3 A LOUER,160000.0,Zac Mbao,2.0,2.0,100.0,0.0,0.0,0.0,https://www.expat-dakar.com/annonce/f3-a-louer-6627201,1,185714.2857142857
expat,Appartement F4 à louer à Ngor,600000.0,Ngor,3.0,3.0,140.0,0.0,0.0,0.0,https://www.expat-dakar.com/annonce/appartement-f4-a-louer-a-ngor-6635400,1,799681.1320754717
expat,Appartement à louer corniche ouakam vue mer,3800000.0,Ouakam,4.0,4.0,180.0,0.0,1.0,0.0,https://www.expat-dakar.com/annonce/appartement-a-louer-corniche-ouakam-vue-mer-6510412,1,740800.0
expat,Appartement moderne à Mermoz (derrière Mathydy),400000.0,Mermoz,2.0,2.0,100.0,0.0,0.0,0.0,https://www.expat-dakar.com/annonce/appartement-moderne-a-mermoz-derriere-mathydy-6635365,1,1032668.5082872928
expat,Duplex à louer aux Almadies,2500000.0,Almadies,4.0,4.0,180.0,0.0,0.0,0.0,https://www.expat-dakar.com/annonce/duplex-a-louer-aux-almadies-6572918,1,1074463.5443349753
expat,Appartement 5 chambres salon à louer almadies,1700000.0,Almadies,5.0,5.0,220.0,0.0,0.0,0.0,https://www.expat-dakar.com/annonce/appartement-5-chambres-salon-a-louer-almadies-6555813,1,1074463.5443349753
expat,Ref_2815_SEY Appartement vue sur mer à louer en centre-ville,1200000.0,Plateau,3.0,3.0,140.0,0.0,1.0,0.0,https://www.expat-dakar.com/annonce/ref-2815-sey-appartement-vue-sur-mer-a-louer-en-centre-ville-6343649,1,1921323.5294117648
expat,À louer des apparts F4 neufs,400000.0,Liberte 6 extension,3.0,3.0,140.0,0.0,0.0,1.0,https://www.expat-dakar.com/annonce/a-louer-des-apparts-f4-neufs-6580121,1,508500.0
expat,Appartement à louer au virage,1300000.0,Virage,3.0,3.0,140.0,0.0,0.0,0.0,https://www.expat-dakar.com/annonce/appartement-a-louer-au-virage-6253836,1,1043505.8823529412
expat,Appartement F4 Ouakam Monument - Proche Mamelles,450000.0,Ouakam,3.0,3.0,140.0,0.0,0.0,0.0,https://www.expat-dakar.com/annonce/appartement-f4-ouakam-monument-proche-mamelles-6631832,1,740800.0
expat,Apartement à Ouakam,270000.0,Ouakam,2.0,2.0,100.0,0.0,0.0,0.0,https://www.expat-dakar.com/annonce/apartement-a-ouakam-6635211,1,740800.0
expat,Appartement F4 à louer Sipres Mermoz,1000000.0,Mermoz,3.0,3.0,140.0,0.0,0.0,0.0,https://www.expat-dakar.com/annonce/appartement-f4-a-louer-sipres-mermoz-6547062,1,1032668.5082872928
expat,F3 neuf à Nord Foire,300000.0,Nord foire,2.0,2.0,100.0,0.0,0.0,1.0,https://www.expat-dakar.com/annonce/f3-neuf-a-nord-foire-6635207,1,309941.17647058825
expat,Appartement à louer,300000.0,Mermoz,1.0,1.0,60.0,0.0,0.0,0.0,https://www.expat-dakar.com/annonce/appartement-a-louer-6635199,1,1032668.5082872928
expat,Studios neuf à louer à Hann Marinas,275000.0,Hann marinas,3.0,3.0,140.0,0.0,0.0,1.0,https://www.expat-dakar.com/annonce/studios-neuf-a-louer-a-hann-marinas-6444947,1,487500.0
expat,Appartement à louer à Jules Ferry ville,1100000.0,Plateau,3.0,3.0,140.0,0.0,0.0,0.0,https://www.expat-dakar.com/annonce/appartement-a-louer-a-jules-ferry-ville-6444936,1,1921323.5294117648
expat,Appartements neufs à louer au point e,1000000.0,Point e,3.0,3.0,140.0,0.0,0.0,1.0,https://www.expat-dakar.com/annonce/appartements-neufs-a-louer-au-point-e-6161405,1,1134739.1304347827
expat,Un appartement F3 à louer aux Mamelles Cité-Magistrat,275000.0,Mamelles,2.0,2.0,100.0,0.0,0.0,0.0,https://www.expat-dakar.com/annonce/un-appartement-f3-a-louer-aux-mamelles-cite-magistrat-6627301,1,622633.1707317074
expat,"F3 VIDE HAUT STANDING AU POINT E , SOUROK 5",800000.0,Point e,3.0,3.0,140.0,0.0,0.0,1.0,https://www.expat-dakar.com/annonce/f3-vide-haut-standing-au-point-e-sourok-5-6596543,1,1134739.1304347827
expat,Appartement à louer à l'immeuble SouRok2,1000000.0,Point e,3.0,3.0,140.0,0.0,0.0,0.0,https://www.expat-dakar.com/annonce/appartement-a-louer-a-limmeuble-sourok2-6492495,1,1134739.1304347827
expat,Appartement a louer aux mamelles,600000.0,Mamelles,3.0,3.0,140.0,0.0,0.0,0.0,https://www.expat-dakar.com/annonce/appartement-a-louer-aux-mamelles-6635023,1,622633.1707317074
expat,Bel appartement aux Almadies,325000.0,Almadies,2.0,2.0,100.0,0.0,0.0,0.0,https://www.expat-dakar.com/annonce/bel-appartement-aux-almadies-6634948,1,1074463.5443349753
expat,Appartement moderne aux Mamelles,400000.0,Mamelles,3.0,3.0,140.0,0.0,0.0,0.0,https://www.expat-dakar.com/annonce/appartement-moderne-aux-mamelles-6579296,1,622633.1707317074
expat,Bel appartement à Yoff,300000.0,Yoff,2.0,2.0,100.0,0.0,0.0,0.0,https://www.expat-dakar.com/annonce/bel-appartement-a-yoff-6513180,1,528798.4732824428
expat,Bel appartement à Ngor Almadies,400000.0,Ngor,3.0,3.0,140.0,0.0,0.0,0.0,https://www.expat-dakar.com/annonce/bel-appartement-a-ngor-almadies-6541904,1,799681.1320754717
expat,Bel appartement spacieux à la Cité Keur Gorgui,475000.0,Cité keur gorgui,3.0,3.0,140.0,0.0,0.0,0.0,https://www.expat-dakar.com/annonce/bel-appartement-spacieux-a-la-cite-keur-gorgui-6339833,1,740577.7777777778
expat,Studio à louer aux Maristes1 au 3e étage,180000.0,Hann maristes,1.0,1.0,60.0,0.0,0.0,0.0,https://www.expat-dakar.com/annonce/studio-a-louer-aux-maristes1-au-3e-etage-6634900,1,354151.724137931
expat,Appartement spacieux à Rufisque,120000.0,Rufisque,3.0,3.0,140.0,0.0,0.0,0.0,https://www.expat-dakar.com/annonce/appartement-spacieux-a-rufisque-6456120,1,299583.3333333333
expat,Appartement spacieux à la zone de captage,250000.0,Zone de captage,2.0,2.0,100.0,0.0,0.0,0.0,https://www.expat-dakar.com/annonce/appartement-spacieux-a-la-zone-de-captage-6606481,1,421428.5714285714
expat,Appartement moderne aux Mamelles,350000.0,Mamelles,2.0,2.0,100.0,0.0,0.0,0.0,https://www.expat-dakar.com/annonce/appartement-moderne-aux-mamelles-6588645,1,622633.1707317074
expat,Appartement à louer 3 chambres Salon,700000.0,Dakar,3.0,3.0,140.0,0.0,0.0,0.0,https://www.expat-dakar.com/annonce/appartement-a-louer-3-chambres-salon-6608108,1,801875.0
expat,Ref_2917_GL APPARTEMENTS DE STANDING À LOUER – POINT E,1400000.0,Point e,5.0,5.0,220.0,0.0,0.0,1.0,https://www.expat-dakar.com/annonce/ref-2917-gl-appartements-de-standing-a-louer-point-e-6634834,1,1134739.1304347827
expat,F4 cosy de standing à ouest foire,350000.0,Ouest foire,3.0,3.0,140.0,0.0,0.0,1.0,https://www.expat-dakar.com/annonce/f4-cosy-de-standing-a-ouest-foire-6440669,1,317380.95238095237
expat,Appartement F3 en face BRT à Patte d'oie,300000.0,Autre,2.0,2.0,100.0,0.0,0.0,0.0,https://www.expat-dakar.com/annonce/appartement-f3-en-face-brt-a-patte-doie-6223969,1,639511.9856115108
expat,f4 de standing aux almadies,750000.0,Almadies,3.0,3.0,140.0,0.0,0.0,1.0,https://www.expat-dakar.com/annonce/f4-de-standing-aux-almadies-6169104,1,1074463.5443349753
expat,F5 en duplex aux almadies rte du meridien,1000000.0,Almadies,4.0,4.0,180.0,0.0,0.0,0.0,https://www.expat-dakar.com/annonce/f5-en-duplex-aux-almadies-rte-du-meridien-6163735,1,1074463.5443349753
expat,appartement de standing Ouest Foire,450000.0,Ouest foire,3.0,3.0,140.0,0.0,0.0,1.0,https://www.expat-dakar.com/annonce/appartement-de-standing-ouest-foire-6027530,1,317380.95238095237
expat,Magnifique Duplex à louer,1000000.0,Mermoz,5.0,5.0,220.0,0.0,0.0,0.0,https://www.expat-dakar.com/annonce/magnifique-duplex-a-louer-6565975,1,1032668.5082872928
expat,Superbe appartement de type F4 à louer,600000.0,Almadies,3.0,3.0,140.0,0.0,0.0,0.0,https://www.expat-dakar.com/annonce/superbe-appartement-de-type-f4-a-louer-6565809,1,1074463.5443349753
expat,Magnifique appartement de type F4 à louer,900000.0,Virage,3.0,3.0,140.0,0.0,0.0,0.0,https://www.expat-dakar.com/annonce/magnifique-appartement-de-type-f4-a-louer-6622152,1,1043505.8823529412
expat,Appartement de type F4 pour usage professionnelle,500000.0,VDN,3.0,3.0,140.0,0.0,0.0,0.0,https://www.expat-dakar.com/annonce/appartement-de-type-f4-pour-usage-professionnelle-6442327,1,604847.2222222222
expat,Magnifique appartement de type F4 à louer,500000.0,Zone de captage,3.0,3.0,140.0,0.0,0.0,0.0,https://www.expat-dakar.com/annonce/magnifique-appartement-de-type-f4-a-louer-6435501,1,421428.5714285714
expat,Deux chambres à louer par mois,100000.0,Diamniadio,2.0,2.0,100.0,0.0,0.0,0.0,https://www.expat-dakar.com/annonce/deux-chambres-a-louer-par-mois-6500057,1,230000.0
expat,Deux chambres à louer par mois,300000.0,VDN,2.0,2.0,100.0,0.0,0.0,0.0,https://www.expat-dakar.com/annonce/deux-chambres-a-louer-par-mois-6595883,1,604847.2222222222
expat,Très jolie apt F4 meublé au point E,1100000.0,Point e,3.0,3.0,140.0,1.0,0.0,0.0,https://www.expat-dakar.com/annonce/tres-jolie-apt-f4-meuble-au-point-e-6628723,1,1134739.1304347827
expat,Appartement avec véranda à louer à Ngor Almadies,1100000.0,Almadies,3.0,3.0,140.0,0.0,0.0,0.0,https://www.expat-dakar.com/annonce/appartement-avec-veranda-a-louer-a-ngor-almadies-6633682,1,1074463.5443349753
expat,Appartement à louer,325000.0,Almadies,2.0,2.0,100.0,0.0,0.0,0.0,https://www.expat-dakar.com/annonce/appartement-a-louer-6633619,1,1074463.5443349753
expat,A louer appart F4 luxe yoff virage,950000.0,Virage,3.0,3.0,140.0,0.0,0.0,1.0,https://www.expat-dakar.com/annonce/a-louer-appart-f4-luxe-yoff-virage-6575877,1,1043505.8823529412
expat,Appartement F3 à louer cité Addoha,450000.0,Plateau,2.0,2.0,100.0,0.0,0.0,0.0,https://www.expat-dakar.com/annonce/appartement-f3-a-louer-cite-addoha-6616170,1,1921323.5294117648
expat,Aloue un grand apartuman de 3chambrsalon,450000.0,Sacré cœur,3.0,3.0,140.0,0.0,0.0,0.0,https://www.expat-dakar.com/annonce/aloue-un-grand-apartuman-de-3chambrsalon-6622331,1,561458.3333333334
expat,Appartement lumineux à Ngor,365000.0,Ngor,3.0,3.0,140.0,0.0,0.0,0.0,https://www.expat-dakar.com/annonce/appartement-lumineux-a-ngor-6598566,1,799681.1320754717
expat,Appartement F3 à louer au Virage,400000.0,Virage,3.0,3.0,140.0,0.0,0.0,0.0,https://www.expat-dakar.com/annonce/appartement-f3-a-louer-au-virage-6548845,1,1043505.8823529412
expat,Appartement neuf à louer à Liberté 1,850000.0,Autre,3.0,3.0,140.0,0.0,0.0,1.0,https://www.expat-dakar.com/annonce/appartement-neuf-a-louer-a-liberte-1-6624763,1,639511.9856115108
expat,"Des mini studios , studios et apparts à Sotrac Mermoz",700000.0,Fenêtre mermoz,3.0,3.0,140.0,0.0,0.0,0.0,https://www.expat-dakar.com/annonce/des-mini-studios-studios-et-apparts-a-sotrac-mermoz-6408264,1,1814315.7894736843
expat,Appartement F3 à louer aux hlm grand medine,250000.0,Autre,3.0,3.0,140.0,0.0,0.0,0.0,https://www.expat-dakar.com/annonce/appartement-f3-a-louer-aux-hlm-grand-medine-6460259,1,639511.9856115108
expat,Appartement F4  aux Almadies,1300000.0,Almadies,3.0,3.0,140.0,0.0,0.0,0.0,https://www.expat-dakar.com/annonce/appartement-f4-aux-almadies-6619733,1,1074463.5443349753
expat,Studio à louer hlm grand ( Sicap foire),150000.0,Grand Yoff,1.0,1.0,60.0,0.0,0.0,0.0,https://www.expat-dakar.com/annonce/studio-a-louer-hlm-grand-sicap-foire-6628989,1,238000.0
expat,Luxueux appartement F3 haut standing à louer à Dakar plateau,400000.0,Plateau,2.0,2.0,100.0,0.0,0.0,1.0,https://www.expat-dakar.com/annonce/luxueux-appartement-f3-haut-standing-a-louer-a-dakar-plateau-6595235,1,1921323.5294117648
expat,Appartements Type F4 á louer,300000.0,Thiès,3.0,3.0,140.0,0.0,0.0,0.0,https://www.expat-dakar.com/annonce/appartements-type-f4-a-louer-6630628,1,260625.0
expat,APPARTEMENT 5 CHAMBRES SALON MERMOZ 3 EME ETAGE,1100000.0,Mermoz,5.0,5.0,220.0,0.0,0.0,0.0,https://www.expat-dakar.com/annonce/appartement-5-chambres-salon-mermoz-3-eme-etage-6545798,1,1032668.5082872928
expat,Duplex à louer à la cité batrain,750000.0,Ouakam,4.0,4.0,180.0,0.0,0.0,0.0,https://www.expat-dakar.com/annonce/duplex-a-louer-a-la-cite-batrain-6632101,1,740800.0
expat,Appartement à louer  Sacrée Coeur 3,550000.0,Sacré cœur,3.0,3.0,140.0,0.0,0.0,0.0,https://www.expat-dakar.com/annonce/appartement-a-louer-sacree-coeur-3-6618749,1,561458.3333333334
expat,Appartement à louer au Point E,850000.0,Point e,3.0,3.0,140.0,0.0,0.0,0.0,https://www.expat-dakar.com/annonce/appartement-a-louer-au-point-e-6618740,1,1134739.1304347827
expat,DUPLEX NEUFS À LOUER CITÉ KEUR GORGUI,800000.0,Cité keur gorgui,4.0,4.0,180.0,0.0,0.0,1.0,https://www.expat-dakar.com/annonce/duplex-neufs-a-louer-cite-keur-gorgui-6596597,1,740577.7777777778
expat,Appartement à louer au Point E.,600000.0,Point e,3.0,3.0,140.0,0.0,0.0,0.0,https://www.expat-dakar.com/annonce/appartement-a-louer-au-point-e-6581384,1,1134739.1304347827
expat,Appartement F4 à louer aux Mamelles,450000.0,Mamelles,3.0,3.0,140.0,0.0,0.0,0.0,https://www.expat-dakar.com/annonce/appartement-f4-a-louer-aux-mamelles-6628746,1,622633.1707317074
expat,Appartement 300m2 aux  Mamelles,600000.0,Mamelles,3.0,3.0,140.0,0.0,0.0,0.0,https://www.expat-dakar.com/annonce/appartement-300m2-aux-mamelles-6602764,1,622633.1707317074
expat,Apparemment type F3 récent aux mamelles,400000.0,Mamelles,2.0,2.0,100.0,0.0,0.0,1.0,https://www.expat-dakar.com/annonce/apparemment-type-f3-recent-aux-mamelles-6613779,1,622633.1707317074
expat,Apparemment F3 standing à louer Mermoz Batrain,500000.0,Mermoz,2.0,2.0,100.0,0.0,0.0,1.0,https://www.expat-dakar.com/annonce/apparemment-f3-standing-a-louer-mermoz-batrain-6624776,1,1032668.5082872928
expat,Appartement F3 à louer à Auchan Keur Massar,160000.0,Keur Massar,3.0,3.0,140.0,0.0,0.0,0.0,https://www.expat-dakar.com/annonce/appartement-f3-a-louer-a-auchan-keur-massar-6631308,1,192000.0
expat,Appartement F4 Vue sur Mer à la Corniche Almadies,1150000.0,Almadies,3.0,3.0,140.0,0.0,1.0,0.0,https://www.expat-dakar.com/annonce/appartement-f4-vue-sur-mer-a-la-corniche-almadies-6630468,1,1074463.5443349753
expat,F3 A LOUER,250000.0,Ouest foire,2.0,2.0,100.0,0.0,0.0,0.0,https://www.expat-dakar.com/annonce/f3-a-louer-6605355,1,317380.95238095237
expat,APPARTEMENTS F3 (2 CHAMBRES) A LOUER NGOR - ALMADIES,362600.0,Almadies,2.0,2.0,100.0,0.0,0.0,0.0,https://www.expat-dakar.com/annonce/appartements-f3-2-chambres-a-louer-ngor-almadies-6028795,1,1074463.5443349753
expat,3 CHAMBRES A LOUER A NGOR-ALMADIES,569800.0,Almadies,3.0,3.0,140.0,0.0,0.0,0.0,https://www.expat-dakar.com/annonce/3-chambres-a-louer-a-ngor-almadies-5914333,1,1074463.5443349753
expat,SPACIEUX APPARTEMENT 3 CHAMBRES A LOUER AUX ALMADIES,1036000.0,Almadies,3.0,3.0,140.0,0.0,0.0,0.0,https://www.expat-dakar.com/annonce/spacieux-appartement-3-chambres-a-louer-aux-almadies-6502859,1,1074463.5443349753
expat,APPARTEMENT F4 A LOUER A NGOR-ALMADIES,400000.0,Almadies,3.0,3.0,140.0,0.0,0.0,0.0,https://www.expat-dakar.com/annonce/appartement-f4-a-louer-a-ngor-almadies-6427569,1,1074463.5443349753
expat,3 CHAMBRES A LOUER A NGOR-ALMADIES,600000.0,Almadies,3.0,3.0,140.0,0.0,0.0,0.0,https://www.expat-dakar.com/annonce/3-chambres-a-louer-a-ngor-almadies-6545293,1,1074463.5443349753
expat,APPARTEMENT F4 A LOUER A NGOR,1036000.0,Ngor,3.0,3.0,140.0,0.0,0.0,0.0,https://www.expat-dakar.com/annonce/appartement-f4-a-louer-a-ngor-6580182,1,799681.1320754717
expat,2 CHAMBRES A LOUER A YOFF AEROPORT,362600.0,Yoff,2.0,2.0,100.0,0.0,0.0,0.0,https://www.expat-dakar.com/annonce/2-chambres-a-louer-a-yoff-aeroport-6502797,1,528798.4732824428
expat,2 CHAMBRES NON MEUBLEES A LOUER A NGOR MARINA BAY,350000.0,Ngor,2.0,2.0,100.0,0.0,0.0,0.0,https://www.expat-dakar.com/annonce/2-chambres-non-meublees-a-louer-a-ngor-marina-bay-6630687,1,799681.1320754717
expat,2 CHAMBRES NON MEUBLEES A LOUER AUX MAMELLES,350000.0,Mamelles,2.0,2.0,100.0,0.0,0.0,0.0,https://www.expat-dakar.com/annonce/2-chambres-non-meublees-a-louer-aux-mamelles-6630683,1,622633.1707317074
expat,À Louer – Appartement F3,250000.0,Autre,2.0,2.0,100.0,0.0,0.0,0.0,https://www.expat-dakar.com/annonce/a-louer-appartement-f3-6541057,1,639511.9856115108
expat,Appartement F5 à louer – Sacré-Cœur,800000.0,Sacré cœur,4.0,4.0,180.0,0.0,0.0,0.0,https://www.expat-dakar.com/annonce/appartement-f5-a-louer-sacre-coeur-6584471,1,561458.3333333334
expat,Appartement f4 avec vue/ mer à louer à mermoz corniche,1900000.0,Mermoz,3.0,3.0,140.0,0.0,0.0,0.0,https://www.expat-dakar.com/annonce/appartement-f4-avec-vue-mer-a-louer-a-mermoz-corniche-6176737,1,1032668.5082872928
expat,Studio à  Diamalaye,270000.0,Yoff,3.0,3.0,140.0,0.0,0.0,0.0,https://www.expat-dakar.com/annonce/studio-a-diamalaye-6584404,1,528798.4732824428
expat,Appartement a louer point E,800000.0,Point e,3.0,3.0,140.0,0.0,0.0,0.0,https://www.expat-dakar.com/annonce/appartement-a-louer-point-e-6516024,1,1134739.1304347827
expat,Appartement F4 neuf  Sacré cœur 3,650000.0,Sacré cœur,3.0,3.0,140.0,0.0,0.0,1.0,https://www.expat-dakar.com/annonce/appartement-f4-neuf-sacre-coeur-3-6617055,1,561458.3333333334
expat,F4 de 200m2 - 5mn du lycée Jean Mermoz et de la Corniche,900000.0,Ouakam,3.0,3.0,140.0,0.0,0.0,0.0,https://www.expat-dakar.com/annonce/f4-de-200m2-5mn-du-lycee-jean-mermoz-et-de-la-corniche-6628749,1,740800.0
expat,Appartements grands standing a Hann Maristes,700000.0,Hann maristes,3.0,3.0,140.0,0.0,0.0,1.0,https://www.expat-dakar.com/annonce/appartements-grands-standing-a-hann-maristes-6501017,1,354151.724137931
expat,Appartement F4 avec vue sur mer Mermoz,1800000.0,Mermoz,3.0,3.0,140.0,0.0,1.0,0.0,https://www.expat-dakar.com/annonce/appartement-f4-avec-vue-sur-mer-mermoz-6572728,1,1032668.5082872928
expat,Appartement F3 Ngor Almadies,900000.0,Ngor,2.0,2.0,100.0,0.0,0.0,0.0,https://www.expat-dakar.com/annonce/appartement-f3-ngor-almadies-6620380,1,799681.1320754717
expat,Appartement à louer aux Almadies,700000.0,Almadies,2.0,2.0,100.0,0.0,0.0,0.0,https://www.expat-dakar.com/annonce/appartement-a-louer-aux-almadies-6532128,1,1074463.5443349753
expat,Superbe appartement de type F4 à louer,750000.0,Cité keur gorgui,3.0,3.0,140.0,0.0,0.0,0.0,https://www.expat-dakar.com/annonce/superbe-appartement-de-type-f4-a-louer-6565970,1,740577.7777777778
expat,Location F5 non meublée aux Almadies,1000000.0,Almadies,4.0,4.0,180.0,1.0,0.0,0.0,https://www.expat-dakar.com/annonce/location-f5-non-meublee-aux-almadies-6520339,1,1074463.5443349753
expat,Deux chambres à louer par mois,250000.0,Ouest foire,2.0,2.0,100.0,0.0,0.0,0.0,https://www.expat-dakar.com/annonce/deux-chambres-a-louer-par-mois-6531360,1,317380.95238095237
expat,Bel appartement à louer à ngor,1200000.0,Almadies,4.0,4.0,180.0,0.0,0.0,0.0,https://www.expat-dakar.com/annonce/bel-appartement-a-louer-a-ngor-6625496,1,1074463.5443349753
expat,A loué sacreceur1 un apartuman 2etage,400000.0,Sacré cœur,3.0,3.0,140.0,0.0,0.0,0.0,https://www.expat-dakar.com/annonce/a-loue-sacreceur1-un-apartuman-2etage-6623663,1,561458.3333333334
expat,APPARTEMENTS A LOUER – SICAP KARACK,350000.0,Autre,3.0,3.0,140.0,0.0,0.0,0.0,https://www.expat-dakar.com/annonce/appartements-a-louer-sicap-karack-6570042,1,639511.9856115108
expat,Appartement F3 au 3e étage (ascenseur)aux maristes,325000.0,Hann maristes,3.0,3.0,140.0,0.0,0.0,0.0,https://www.expat-dakar.com/annonce/appartement-f3-au-3e-etage-ascenseuraux-maristes-6628660,1,354151.724137931
expat,Keur massar,150000.0,Hlm,2.0,2.0,100.0,0.0,0.0,0.0,https://www.expat-dakar.com/annonce/keur-massar-6628559,1,303214.28571428574
expat,Magnifique appartement de type F4 à louer,400000.0,Mamelles,3.0,3.0,140.0,0.0,0.0,0.0,https://www.expat-dakar.com/annonce/magnifique-appartement-de-type-f4-a-louer-6609828,1,622633.1707317074
expat,Appartement de type F3 à louer au mamelle cité mbackiou Faye,450000.0,Dakar,2.0,2.0,100.0,0.0,0.0,0.0,https://www.expat-dakar.com/annonce/appartement-de-type-f3-a-louer-au-mamelle-cite-mbackiou-faye-6523076,1,801875.0
expat,Appartements Haut Standing de type F3 Cité Keur Gorgui,673400.0,Cité keur gorgui,3.0,3.0,140.0,0.0,0.0,1.0,https://www.expat-dakar.com/annonce/appartements-haut-standing-de-type-f3-cite-keur-gorgui-6522804,1,740577.7777777778
expat,Appartement à louer à Mermoz,500000.0,Mermoz,2.0,2.0,100.0,0.0,0.0,0.0,https://www.expat-dakar.com/annonce/appartement-a-louer-a-mermoz-6517323,1,1032668.5082872928
expat,Appartement centre-ville spacieux avec balcon et vue,1200000.0,Plateau,3.0,3.0,140.0,0.0,0.0,0.0,https://www.expat-dakar.com/annonce/appartement-centre-ville-spacieux-avec-balcon-et-vue-6605058,1,1921323.5294117648
expat,Ref_2905_GL Appartements à louer aux Maristes,400000.0,Hann maristes,3.0,3.0,140.0,0.0,0.0,0.0,https://www.expat-dakar.com/annonce/ref-2905-gl-appartements-a-louer-aux-maristes-6582944,1,354151.724137931
expat,Appartement à louer à la cité Mourtada,450000.0,Autre,3.0,3.0,140.0,0.0,0.0,0.0,https://www.expat-dakar.com/annonce/appartement-a-louer-a-la-cite-mourtada-6604880,1,639511.9856115108
expat,Très jolie apt F4 à Ngor Almadies,950000.0,Ngor,3.0,3.0,140.0,0.0,0.0,0.0,https://www.expat-dakar.com/annonce/tres-jolie-apt-f4-a-ngor-almadies-6454635,1,799681.1320754717
expat,Appartement à louer,350000.0,Sicap Liberté,2.0,2.0,100.0,0.0,0.0,0.0,https://www.expat-dakar.com/annonce/appartement-a-louer-6627304,1,425714.28571428574
expat,De bels apparts à louer Mamelles,350000.0,Mamelles,3.0,3.0,140.0,0.0,0.0,0.0,https://www.expat-dakar.com/annonce/de-bels-apparts-a-louer-mamelles-6627198,1,622633.1707317074
expat,F3 A LOUER,270000.0,Ngor,2.0,2.0,100.0,0.0,0.0,0.0,https://www.expat-dakar.com/annonce/f3-a-louer-6627184,1,799681.1320754717
expat,Studio à louer au 1er étage à Baobab grand mbao,120000.0,Mbao,1.0,1.0,60.0,0.0,0.0,0.0,https://www.expat-dakar.com/annonce/studio-a-louer-au-1er-etage-a-baobab-grand-mbao-6574505,1,247775.0
expat,Appartement f4,300000.0,Nord foire,3.0,3.0,140.0,0.0,0.0,0.0,https://www.expat-dakar.com/annonce/appartement-f4-6626946,1,309941.17647058825
expat,Appartement f4,300000.0,Ouest foire,3.0,3.0,140.0,0.0,0.0,0.0,https://www.expat-dakar.com/annonce/appartement-f4-6565034,1,317380.95238095237
expat,Appartements de standing à louer à Ngor Almadies,500000.0,Ngor,3.0,3.0,140.0,0.0,0.0,1.0,https://www.expat-dakar.com/annonce/appartements-de-standing-a-louer-a-ngor-almadies-6608515,1,799681.1320754717
expat,Appartement de type F4 à louer aux Mamelles,425000.0,Mamelles,3.0,3.0,140.0,0.0,0.0,0.0,https://www.expat-dakar.com/annonce/appartement-de-type-f4-a-louer-aux-mamelles-6608645,1,622633.1707317074
expat,F4 à louer liberté 1,850000.0,Autre,3.0,3.0,140.0,0.0,0.0,0.0,https://www.expat-dakar.com/annonce/f4-a-louer-liberte-1-6625612,1,639511.9856115108
expat,Studio à louer minimum 1 an (12 mois),225000.0,Ouest foire,1.0,1.0,60.0,0.0,0.0,0.0,https://www.expat-dakar.com/annonce/studio-a-louer-minimum-1-an-12-mois-6072531,1,317380.95238095237
expat,APPARTEMENT,425000.0,Almadies,2.0,2.0,100.0,0.0,0.0,0.0,https://www.expat-dakar.com/annonce/appartement-6550315,1,1074463.5443349753
expat,studio moderne,350000.0,Mamelles,1.0,1.0,60.0,0.0,0.0,0.0,https://www.expat-dakar.com/annonce/studio-moderne-6625757,1,622633.1707317074
expat,APPARTEMENT,650000.0,Mamelles,4.0,4.0,180.0,0.0,0.0,0.0,https://www.expat-dakar.com/annonce/appartement-6625739,1,622633.1707317074
expat,APPARTEMENT,530000.0,Ngor,3.0,3.0,140.0,0.0,0.0,0.0,https://www.expat-dakar.com/annonce/appartement-6625734,1,799681.1320754717
expat,APPARTEMENT,500000.0,Mamelles,2.0,2.0,100.0,0.0,0.0,0.0,https://www.expat-dakar.com/annonce/appartement-6625726,1,622633.1707317074
expat,APPARTEMENT,400000.0,Almadies,2.0,2.0,100.0,0.0,0.0,0.0,https://www.expat-dakar.com/annonce/appartement-6625711,1,1074463.5443349753
expat,Appartement F3 à louer aux Almadies,800000.0,Almadies,3.0,3.0,140.0,0.0,0.0,0.0,https://www.expat-dakar.com/annonce/appartement-f3-a-louer-aux-almadies-6625453,1,1074463.5443349753
expat,"Appartement F4 à louer – Mamelles, corniche",450000.0,Mamelles,3.0,3.0,140.0,0.0,0.0,0.0,https://www.expat-dakar.com/annonce/appartement-f4-a-louer-mamelles-corniche-6555401,1,622633.1707317074
expat,Villa à louer à la cité Tawfekh de Zac mbao,220000.0,Zac Mbao,2.0,2.0,100.0,0.0,0.0,0.0,https://www.expat-dakar.com/annonce/villa-a-louer-a-la-cite-tawfekh-de-zac-mbao-6625230,1,185714.2857142857
expat,Appartement à louer à Zac mbao sur la route,200000.0,Zac Mbao,2.0,2.0,100.0,0.0,0.0,0.0,https://www.expat-dakar.com/annonce/appartement-a-louer-a-zac-mbao-sur-la-route-6625170,1,185714.2857142857
expat,Appartement à louer à Zac mbao à la cité des députés,250000.0,Zac Mbao,2.0,2.0,100.0,0.0,0.0,0.0,https://www.expat-dakar.com/annonce/appartement-a-louer-a-zac-mbao-a-la-cite-des-deputes-6625097,1,185714.2857142857
expat,Appartement F4 à louer – Proche du lycée Jean Mermoz,1100000.0,Mermoz,3.0,3.0,140.0,0.0,0.0,0.0,https://www.expat-dakar.com/annonce/appartement-f4-a-louer-proche-du-lycee-jean-mermoz-6583608,1,1032668.5082872928
expat,Appartement F4 à louer – Situé sur la VDN,625000.0,VDN,3.0,3.0,140.0,0.0,0.0,0.0,https://www.expat-dakar.com/annonce/appartement-f4-a-louer-situe-sur-la-vdn-6384002,1,604847.2222222222
expat,Appartement f4 avec vue/ mer sur la corniche des mamelles,1000000.0,Mamelles,3.0,3.0,140.0,0.0,0.0,0.0,https://www.expat-dakar.com/annonce/appartement-f4-avec-vue-mer-sur-la-corniche-des-mamelles-6338302,1,622633.1707317074
expat,Ref_2714_PL Des appartements type F4 à louer à Mermoz,700000.0,Mermoz,3.0,3.0,140.0,0.0,0.0,0.0,https://www.expat-dakar.com/annonce/ref-2714-pl-des-appartements-type-f4-a-louer-a-mermoz-6509058,1,1032668.5082872928
expat,Magnifique appartement de type F5 à louer,1000000.0,Almadies,4.0,4.0,180.0,0.0,0.0,0.0,https://www.expat-dakar.com/annonce/magnifique-appartement-de-type-f5-a-louer-6476333,1,1074463.5443349753
expat,Tres bel Appartement à louer à Ngor,750000.0,Ngor,3.0,3.0,140.0,0.0,0.0,0.0,https://www.expat-dakar.com/annonce/tres-bel-appartement-a-louer-a-ngor-6129597,1,799681.1320754717
expat,APPARTEMENT F4 à louer,765200.0,Mamelles,3.0,3.0,140.0,0.0,0.0,0.0,https://www.expat-dakar.com/annonce/appartement-f4-a-louer-6394954,1,622633.1707317074
expat,Très bel appartement à louer Au Mamelles,600000.0,Mamelles,2.0,2.0,100.0,0.0,0.0,0.0,https://www.expat-dakar.com/annonce/tres-bel-appartement-a-louer-au-mamelles-6264553,1,622633.1707317074
expat,Appartement f4 à louer aux Almadies,950000.0,Almadies,3.0,3.0,140.0,0.0,0.0,0.0,https://www.expat-dakar.com/annonce/appartement-f4-a-louer-aux-almadies-6525066,1,1074463.5443349753
expat,Appartement f4 à louer avec ses meubles ouest foire,650000.0,Ouest foire,3.0,3.0,140.0,0.0,0.0,0.0,https://www.expat-dakar.com/annonce/appartement-f4-a-louer-avec-ses-meubles-ouest-foire-6496863,1,317380.95238095237
expat,A louer f4  aux maristes usage de bureau,475000.0,Hann maristes,3.0,3.0,140.0,0.0,0.0,0.0,https://www.expat-dakar.com/annonce/a-louer-f4-aux-maristes-usage-de-bureau-6581613,1,354151.724137931
expat,Apparemment de standing sur mermoz pyrotechnie,850000.0,Mermoz,3.0,3.0,140.0,0.0,0.0,1.0,https://www.expat-dakar.com/annonce/apparemment-de-standing-sur-mermoz-pyrotechnie-6609855,1,1032668.5082872928
expat,APPARTEMENT F4 À LOUER AUX MAMELLES,500000.0,Mamelles,3.0,3.0,140.0,0.0,0.0,0.0,https://www.expat-dakar.com/annonce/appartement-f4-a-louer-aux-mamelles-6624675,1,622633.1707317074
expat,Appartement T4 à mermoz,850000.0,Mermoz,3.0,3.0,140.0,0.0,0.0,0.0,https://www.expat-dakar.com/annonce/appartement-t4-a-mermoz-6591852,1,1032668.5082872928
expat,Trois chambres à louer par mois,600000.0,VDN,3.0,3.0,140.0,0.0,0.0,0.0,https://www.expat-dakar.com/annonce/trois-chambres-a-louer-par-mois-6506179,1,604847.2222222222
expat,Appartement à louer,800000.0,Almadies,3.0,3.0,140.0,0.0,0.0,0.0,https://www.expat-dakar.com/annonce/appartement-a-louer-6580129,1,1074463.5443349753
expat,Trois chambres à louer par mois,150000.0,Diamniadio,3.0,3.0,140.0,0.0,0.0,0.0,https://www.expat-dakar.com/annonce/trois-chambres-a-louer-par-mois-6502362,1,230000.0
expat,Duplex à Hann Maristes 2,500000.0,Dakar,5.0,5.0,220.0,0.0,0.0,0.0,https://www.expat-dakar.com/annonce/duplex-a-hann-maristes-2-6623671,1,801875.0
expat,Appartement à louer à la Cité Keur Guorgui,450000.0,Mermoz,4.0,4.0,180.0,0.0,0.0,0.0,https://www.expat-dakar.com/annonce/appartement-a-louer-a-la-cite-keur-guorgui-6474318,1,1032668.5082872928
expat,A louer un joli appart f4,950000.0,Virage,3.0,3.0,140.0,0.0,0.0,0.0,https://www.expat-dakar.com/annonce/a-louer-un-joli-appart-f4-6566799,1,1043505.8823529412
expat,Appartement neuf 3 chambres salon Ouakam/Mamelles,400000.0,Mamelles,3.0,3.0,140.0,0.0,0.0,1.0,https://www.expat-dakar.com/annonce/appartement-neuf-3-chambres-salon-ouakammamelles-6623485,1,622633.1707317074
expat,Appartement à louer au Point E,500000.0,Point e,3.0,3.0,140.0,0.0,0.0,0.0,https://www.expat-dakar.com/annonce/appartement-a-louer-au-point-e-6476646,1,1134739.1304347827
expat,Appartement a louer à Thies,200000.0,Thiès,2.0,2.0,100.0,0.0,0.0,0.0,https://www.expat-dakar.com/annonce/appartement-a-louer-a-thies-6547311,1,260625.0
expat,F3 A LOUER,250000.0,Liberte 6,2.0,2.0,100.0,0.0,0.0,0.0,https://www.expat-dakar.com/annonce/f3-a-louer-6623318,1,449210.5263157895
expat,Appartement F4 non meublé proche Corniche  lycée J.Mermoz,475000.0,Ouakam,3.0,3.0,140.0,1.0,0.0,0.0,https://www.expat-dakar.com/annonce/appartement-f4-non-meuble-proche-corniche-lycee-jmermoz-6622267,1,740800.0
expat,APPARTEMENT F4 MEUBLÉ AUX ALAMADIES,1300000.0,Almadies,3.0,3.0,140.0,1.0,0.0,0.0,https://www.expat-dakar.com/annonce/appartement-f4-meuble-aux-alamadies-6616527,1,1074463.5443349753
expat,Apparement à louer aux Almadies2,265000.0,Almadies 2,4.0,4.0,180.0,0.0,0.0,0.0,https://www.expat-dakar.com/annonce/apparement-a-louer-aux-almadies2-6618937,1,362500.0
expat,Appartement à louer à Ngor diarama,800000.0,Ngor,4.0,4.0,180.0,0.0,0.0,0.0,https://www.expat-dakar.com/annonce/appartement-a-louer-a-ngor-diarama-6622346,1,799681.1320754717
expat,Studio à louer à Yoff Layenne,150000.0,Yoff,3.0,3.0,140.0,0.0,0.0,0.0,https://www.expat-dakar.com/annonce/studio-a-louer-a-yoff-layenne-6605351,1,528798.4732824428
expat,Appartement F4 Avec Vue Sur Mer et Terasse au Plateau,1500000.0,Plateau,3.0,3.0,140.0,0.0,1.0,0.0,https://www.expat-dakar.com/annonce/appartement-f4-avec-vue-sur-mer-et-terasse-au-plateau-6622181,1,1921323.5294117648
expat,Bel appartement aux Almadies (zone de recasement),300000.0,Almadies,2.0,2.0,100.0,0.0,0.0,0.0,https://www.expat-dakar.com/annonce/bel-appartement-aux-almadies-zone-de-recasement-6615155,1,1074463.5443349753
expat,Magnifique appartement de type F4 à louer,800000.0,Point e,3.0,3.0,140.0,0.0,0.0,0.0,https://www.expat-dakar.com/annonce/magnifique-appartement-de-type-f4-a-louer-6434665,1,1134739.1304347827
expat,APPARTEMENT A LOUER SUR LA VDN,600000.0,Dakar,3.0,3.0,140.0,0.0,0.0,0.0,https://www.expat-dakar.com/annonce/appartement-a-louer-sur-la-vdn-6621949,1,801875.0
expat,"Appartement F5 vue mer, idéalement situé au Virage",1500000.0,Virage,3.0,3.0,140.0,0.0,1.0,0.0,https://www.expat-dakar.com/annonce/appartement-f5-vue-mer-idealement-situe-au-virage-6615457,1,1043505.8823529412
expat,Appartement F4 à la Corniche des Mamelles,400000.0,Mamelles,3.0,3.0,140.0,0.0,0.0,0.0,https://www.expat-dakar.com/annonce/appartement-f4-a-la-corniche-des-mamelles-6401814,1,622633.1707317074
expat,F3 A LOUER,160000.0,Zac Mbao,2.0,2.0,100.0,0.0,0.0,0.0,https://www.expat-dakar.com/annonce/f3-a-louer-6510946,1,185714.2857142857
expat,🏢 PLATEAUX DE BUREAUX À LOUER – ROUTE DE L’AÉROPORT 🏢,1550000.0,Yoff,3.0,3.0,140.0,0.0,0.0,0.0,https://www.expat-dakar.com/annonce/plateaux-de-bureaux-a-louer-route-de-laeroport-6462831,1,528798.4732824428
expat,APPARTEMENT A LOUER F4 AU MAMELLES,350000.0,Mamelles,3.0,3.0,140.0,0.0,0.0,0.0,https://www.expat-dakar.com/annonce/appartement-a-louer-f4-au-mamelles-6384061,1,622633.1707317074
expat,APPARTEMENT F4 STANDING À LOUER A LA CORNICHE DES MAMELLES,700000.0,Mamelles,3.0,3.0,140.0,0.0,0.0,1.0,https://www.expat-dakar.com/annonce/appartement-f4-standing-a-louer-a-la-corniche-des-mamelles-6585857,1,622633.1707317074
expat,STUDIO A LOUER,160000.0,Hlm grand yoff,1.0,1.0,60.0,0.0,0.0,0.0,https://www.expat-dakar.com/annonce/studio-a-louer-6573777,1,223333.33333333334
expat,Belle villa à louer aux Almadies,1600000.0,Almadies,3.0,3.0,140.0,0.0,0.0,0.0,https://www.expat-dakar.com/annonce/belle-villa-a-louer-aux-almadies-6531359,1,1074463.5443349753
expat,Ref_2659_PL Duplex à louer  sur la corniche des Almadies  .,1300000.0,Almadies,2.0,2.0,100.0,0.0,0.0,0.0,https://www.expat-dakar.com/annonce/ref-2659-pl-duplex-a-louer-sur-la-corniche-des-almadies-6482484,1,1074463.5443349753
expat,Grand apt F5 tout neuf à Ngor virage,1250000.0,Ngor,4.0,4.0,180.0,0.0,0.0,1.0,https://www.expat-dakar.com/annonce/grand-apt-f5-tout-neuf-a-ngor-virage-6331013,1,799681.1320754717
expat,Joli appart F5 a Ngor Almadies,850000.0,Ngor,4.0,4.0,180.0,0.0,0.0,0.0,https://www.expat-dakar.com/annonce/joli-appart-f5-a-ngor-almadies-5977921,1,799681.1320754717
expat,Grand standing F5 a Fenêtre Mermoz,2100000.0,Mermoz,4.0,4.0,180.0,0.0,0.0,1.0,https://www.expat-dakar.com/annonce/grand-standing-f5-a-fenetre-mermoz-6340855,1,1032668.5082872928
expat,Appartement lumineux avec balcon et grandes baies vitrées,700000.0,Autre,3.0,3.0,140.0,0.0,0.0,0.0,https://www.expat-dakar.com/annonce/appartement-lumineux-avec-balcon-et-grandes-baies-vitrees-6413445,1,639511.9856115108
expat,Appartements neuf à la Vdn bordure route,450000.0,Ouest foire,2.0,2.0,100.0,0.0,0.0,1.0,https://www.expat-dakar.com/annonce/appartements-neuf-a-la-vdn-bordure-route-6620415,1,317380.95238095237
expat,Appartement F3 à louer – Proche du lycée Jean Mermoz,850000.0,Mermoz,2.0,2.0,100.0,0.0,0.0,0.0,https://www.expat-dakar.com/annonce/appartement-f3-a-louer-proche-du-lycee-jean-mermoz-6583617,1,1032668.5082872928
expat,Appartement F4 à louer – VDN,600000.0,VDN,3.0,3.0,140.0,0.0,0.0,0.0,https://www.expat-dakar.com/annonce/appartement-f4-a-louer-vdn-6598303,1,604847.2222222222
expat,Appartements neufs à louer au Virage,1200000.0,Virage,4.0,4.0,180.0,0.0,0.0,1.0,https://www.expat-dakar.com/annonce/appartements-neufs-a-louer-au-virage-6303408,1,1043505.8823529412
expat,Appartement F4 à louer – Situé sur la VDN,650000.0,VDN,3.0,3.0,140.0,0.0,0.0,0.0,https://www.expat-dakar.com/annonce/appartement-f4-a-louer-situe-sur-la-vdn-6377757,1,604847.2222222222
expat,Bel appartement à Ngor (derrière la brioche Dorée),450000.0,Ngor,3.0,3.0,140.0,0.0,0.0,0.0,https://www.expat-dakar.com/annonce/bel-appartement-a-ngor-derriere-la-brioche-doree-6620392,1,799681.1320754717
expat,Très grand Penthouse F5 avec terrasse privée,1400000.0,Almadies,4.0,4.0,180.0,0.0,0.0,0.0,https://www.expat-dakar.com/annonce/tres-grand-penthouse-f5-avec-terrasse-privee-6472369,1,1074463.5443349753
expat,Trois chambres à louer par mois,400000.0,Mamelles,3.0,3.0,140.0,0.0,0.0,0.0,https://www.expat-dakar.com/annonce/trois-chambres-a-louer-par-mois-6570779,1,622633.1707317074
expat,Studio 2 pièces à Ouakam Monument,175000.0,Ngor,1.0,1.0,60.0,0.0,0.0,0.0,https://www.expat-dakar.com/annonce/studio-2-pieces-a-ouakam-monument-6563604,1,799681.1320754717
expat,Ref_2916_PL Appartement à louer à Ngor,250000.0,Ngor,2.0,2.0,100.0,0.0,0.0,0.0,https://www.expat-dakar.com/annonce/ref-2916-pl-appartement-a-louer-a-ngor-6619802,1,799681.1320754717
expat,Studio à louer à yoff apecsy,220000.0,Yoff,3.0,3.0,140.0,0.0,0.0,0.0,https://www.expat-dakar.com/annonce/studio-a-louer-a-yoff-apecsy-6567982,1,528798.4732824428
expat,Studio à louer à liberté 6,175000.0,Liberte 6,3.0,3.0,140.0,0.0,0.0,0.0,https://www.expat-dakar.com/annonce/studio-a-louer-a-liberte-6-6567993,1,449210.5263157895
expat,Studio à louer à la cité keur gorgui,350000.0,Cité keur gorgui,3.0,3.0,140.0,0.0,0.0,0.0,https://www.expat-dakar.com/annonce/studio-a-louer-a-la-cite-keur-gorgui-6568002,1,740577.7777777778
expat,Appartement f3 à louer à sacré-cœur 3 boulangerie jaune,350000.0,Sacré cœur,3.0,3.0,140.0,0.0,0.0,0.0,https://www.expat-dakar.com/annonce/appartement-f3-a-louer-a-sacre-coeur-3-boulangerie-jaune-6568013,1,561458.3333333334
expat,Bureau à louer sur la vdn,600000.0,VDN,3.0,3.0,140.0,0.0,0.0,0.0,https://www.expat-dakar.com/annonce/bureau-a-louer-sur-la-vdn-6568017,1,604847.2222222222
expat,Appartement f3 à louer à hlm grand yoff,280000.0,Hlm grand yoff,3.0,3.0,140.0,0.0,0.0,0.0,https://www.expat-dakar.com/annonce/appartement-f3-a-louer-a-hlm-grand-yoff-6568038,1,223333.33333333334
expat,Appartement F4 à louer à sacré-cœur 3,800000.0,Sacré cœur,3.0,3.0,140.0,0.0,0.0,0.0,https://www.expat-dakar.com/annonce/appartement-f4-a-louer-a-sacre-coeur-3-6578321,1,561458.3333333334
expat,Corniche almadies appt duplex 2chb avec jardin,1400000.0,Almadies,2.0,2.0,100.0,0.0,0.0,0.0,https://www.expat-dakar.com/annonce/corniche-almadies-appt-duplex-2chb-avec-jardin-6505395,1,1074463.5443349753
expat,Appartement F5 à louer à Liberté Extension,650000.0,Liberte 6 extension,4.0,4.0,180.0,0.0,0.0,0.0,https://www.expat-dakar.com/annonce/appartement-f5-a-louer-a-liberte-extension-6603650,1,508500.0
expat,Appartement type F5 - 220m2 - Mermoz Pyrotechnique,1000000.0,Mermoz,4.0,4.0,180.0,0.0,0.0,0.0,https://www.expat-dakar.com/annonce/appartement-type-f5-220m2-mermoz-pyrotechnique-6434632,1,1032668.5082872928
expat,Appartement à Louer à Dakar,650000.0,Point e,3.0,3.0,140.0,0.0,0.0,0.0,https://www.expat-dakar.com/annonce/appartement-a-louer-a-dakar-6618950,1,1134739.1304347827
expat,Résidence Dima F5 HAUT Standing,800000.0,Yoff,3.0,3.0,140.0,0.0,0.0,1.0,https://www.expat-dakar.com/annonce/residence-dima-f5-haut-standing-6197416,1,528798.4732824428
expat,Ref_2787_PL Appartement au virage au Rez de chaussée,500000.0,Virage,2.0,2.0,100.0,0.0,0.0,0.0,https://www.expat-dakar.com/annonce/ref-2787-pl-appartement-au-virage-au-rez-de-chaussee-6288017,1,1043505.8823529412
expat,Appartement à louer à la patte d'oie,325000.0,Autre,3.0,3.0,140.0,0.0,0.0,0.0,https://www.expat-dakar.com/annonce/appartement-a-louer-a-la-patte-doie-6618814,1,639511.9856115108
expat,Appartements F4 à louer en ville,1000000.0,Plateau,3.0,3.0,140.0,0.0,0.0,0.0,https://www.expat-dakar.com/annonce/appartements-f4-a-louer-en-ville-6618761,1,1921323.5294117648
expat,Ref_2879_SEY Appartement à louer à Biagui,500000.0,Cité biagui,2.0,2.0,100.0,0.0,0.0,0.0,https://www.expat-dakar.com/annonce/ref-2879-sey-appartement-a-louer-a-biagui-6514236,1,550000.0
expat,Ref_2899_SEY Appartement duplex  à louer à Mermoz,900000.0,Mermoz,3.0,3.0,140.0,0.0,0.0,0.0,https://www.expat-dakar.com/annonce/ref-2899-sey-appartement-duplex-a-louer-a-mermoz-6568458,1,1032668.5082872928
expat,Ref_2912_GL Appartement à louer au virage,1300000.0,Virage,3.0,3.0,140.0,0.0,0.0,0.0,https://www.expat-dakar.com/annonce/ref-2912-gl-appartement-a-louer-au-virage-6601547,1,1043505.8823529412
expat,Ref_2915_SEY Duplex à louer à Mermoz,1200000.0,Mermoz,5.0,5.0,220.0,0.0,0.0,0.0,https://www.expat-dakar.com/annonce/ref-2915-sey-duplex-a-louer-a-mermoz-6607136,1,1032668.5082872928
expat,Studio à louer aux Almadies,375000.0,Almadies,3.0,3.0,140.0,0.0,0.0,0.0,https://www.expat-dakar.com/annonce/studio-a-louer-aux-almadies-6584743,1,1074463.5443349753
expat,Appartements à louer à la sicap foire,300000.0,Sicap foire,3.0,3.0,140.0,0.0,0.0,0.0,https://www.expat-dakar.com/annonce/appartements-a-louer-a-la-sicap-foire-6618773,1,412647.0588235294
expat,Aux almadies,500000.0,Hlm,2.0,2.0,100.0,0.0,0.0,0.0,https://www.expat-dakar.com/annonce/aux-almadies-6599807,1,303214.28571428574
expat,Appartement F4 à louer Mermoz Résidence Tulipes,1200000.0,Mermoz,3.0,3.0,140.0,0.0,0.0,0.0,https://www.expat-dakar.com/annonce/appartement-f4-a-louer-mermoz-residence-tulipes-6615357,1,1032668.5082872928
expat,Appartement à louer à la Cité Keur Gorgui,750000.0,Cité keur gorgui,3.0,3.0,140.0,0.0,0.0,0.0,https://www.expat-dakar.com/annonce/appartement-a-louer-a-la-cite-keur-gorgui-6569716,1,740577.7777777778
expat,Appartements à Kounoune cité Oasis,150000.0,Autre,2.0,2.0,100.0,0.0,0.0,0.0,https://www.expat-dakar.com/annonce/appartements-a-kounoune-cite-oasis-6601563,1,639511.9856115108
expat,Appartement F3 au Point E,800000.0,Point e,2.0,2.0,100.0,0.0,0.0,0.0,https://www.expat-dakar.com/annonce/appartement-f3-au-point-e-6575522,1,1134739.1304347827
expat,F5 de 352 m² à louer au point e avec les meubles,3500000.0,Point e,4.0,4.0,180.0,0.0,0.0,0.0,https://www.expat-dakar.com/annonce/f5-de-352-m2-a-louer-au-point-e-avec-les-meubles-6600209,1,1134739.1304347827
expat,F4 neuf à louer à Thiès carrière vers Auchan,300000.0,Thiès,3.0,3.0,140.0,0.0,0.0,1.0,https://www.expat-dakar.com/annonce/f4-neuf-a-louer-a-thies-carriere-vers-auchan-6613290,1,260625.0
expat,Duplex F4 Vue Sur Mer Corniche Mermoz,2500000.0,Fenêtre mermoz,3.0,3.0,140.0,0.0,1.0,0.0,https://www.expat-dakar.com/annonce/duplex-f4-vue-sur-mer-corniche-mermoz-6287808,1,1814315.7894736843
expat,Appartement F4 à Liberté 6 Extension,400000.0,Liberte 6 extension,3.0,3.0,140.0,0.0,0.0,0.0,https://www.expat-dakar.com/annonce/appartement-f4-a-liberte-6-extension-6459155,1,508500.0
expat,Appartements à louer Fann Résidence,1300000.0,Fann,3.0,3.0,140.0,0.0,0.0,0.0,https://www.expat-dakar.com/annonce/appartements-a-louer-fann-residence-6618126,1,2078164.430379747
expat,APPARTEMENT DE PRESTIGE À YOFF APECSY 1,400000.0,Yoff,2.0,2.0,100.0,0.0,0.0,0.0,https://www.expat-dakar.com/annonce/appartement-de-prestige-a-yoff-apecsy-1-6618166,1,528798.4732824428
expat,Appartement à louer à Fann Résidence,1000000.0,Fann,3.0,3.0,140.0,0.0,0.0,0.0,https://www.expat-dakar.com/annonce/appartement-a-louer-a-fann-residence-6618142,1,2078164.430379747
expat,Duplex  à louer aux Almadies avec vue sur mer,1400000.0,Almadies,3.0,3.0,140.0,0.0,1.0,0.0,https://www.expat-dakar.com/annonce/duplex-a-louer-aux-almadies-avec-vue-sur-mer-6536709,1,1074463.5443349753
expat,Appartement F4 à louer au Point E,1100000.0,Point e,3.0,3.0,140.0,0.0,0.0,0.0,https://www.expat-dakar.com/annonce/appartement-f4-a-louer-au-point-e-6592126,1,1134739.1304347827
expat,Résidence Makarim appartement moderne water front,1500000.0,Virage,3.0,3.0,140.0,0.0,0.0,0.0,https://www.expat-dakar.com/annonce/residence-makarim-appartement-moderne-water-front-6274699,1,1043505.8823529412
expat,Appartement 3 pieces à louer mamelle mbackiyou faye,350000.0,Mamelles,2.0,2.0,100.0,0.0,0.0,0.0,https://www.expat-dakar.com/annonce/appartement-3-pieces-a-louer-mamelle-mbackiyou-faye-6541906,1,622633.1707317074
expat,Appartement de 3 chambres au point e lumineux a louer,950000.0,Point e,3.0,3.0,140.0,0.0,0.0,0.0,https://www.expat-dakar.com/annonce/appartement-de-3-chambres-au-point-e-lumineux-a-louer-6541913,1,1134739.1304347827
expat,Studio à louer,160000.0,Parcelles Assainies,1.0,1.0,60.0,0.0,0.0,0.0,https://www.expat-dakar.com/annonce/studio-a-louer-6617913,1,220357.14285714287
expat,Duplex a loué,750000.0,Sicap foire,4.0,4.0,180.0,0.0,0.0,0.0,https://www.expat-dakar.com/annonce/duplex-a-loue-6595618,1,412647.0588235294
expat,"A louer, 3 chambres salon, Maristes, Appartement",270000.0,Hann maristes,3.0,3.0,140.0,0.0,0.0,0.0,https://www.expat-dakar.com/annonce/a-louer-3-chambres-salon-maristes-appartement-6584991,1,354151.724137931
expat,Studio à louer au Mariste,175000.0,Hann maristes,3.0,3.0,140.0,0.0,0.0,0.0,https://www.expat-dakar.com/annonce/studio-a-louer-au-mariste-6608413,1,354151.724137931
expat,Appartement à louer,750000.0,Mermoz,4.0,4.0,180.0,0.0,0.0,0.0,https://www.expat-dakar.com/annonce/appartement-a-louer-6617221,1,1032668.5082872928
expat,Appartement à louer,500000.0,Cité keur gorgui,4.0,4.0,180.0,0.0,0.0,0.0,https://www.expat-dakar.com/annonce/appartement-a-louer-6617214,1,740577.7777777778
expat,Appartement de 300m2 aux mamelles,700000.0,Mamelles,3.0,3.0,140.0,0.0,0.0,0.0,https://www.expat-dakar.com/annonce/appartement-de-300m2-aux-mamelles-6617109,1,622633.1707317074
expat,Studio à louer aux parcelles,170000.0,Parcelles Assainies,2.0,2.0,100.0,0.0,0.0,0.0,https://www.expat-dakar.com/annonce/studio-a-louer-aux-parcelles-6554558,1,220357.14285714287
expat,Mini studio à louer au nord foire,165000.0,Nord foire,1.0,1.0,60.0,0.0,0.0,0.0,https://www.expat-dakar.com/annonce/mini-studio-a-louer-au-nord-foire-6587902,1,309941.17647058825
expat,Appartements à louer - Pikine Icotaf,178500.0,Autre,2.0,2.0,100.0,0.0,0.0,0.0,https://www.expat-dakar.com/annonce/appartements-a-louer-pikine-icotaf-6616899,1,639511.9856115108
expat,Appartement Haut Standing à la Cité Mourtada,650000.0,VDN,3.0,3.0,140.0,0.0,0.0,1.0,https://www.expat-dakar.com/annonce/appartement-haut-standing-a-la-cite-mourtada-6617039,1,604847.2222222222
expat,Appartement F3 à louer,350000.0,Cite Mixta,3.0,3.0,140.0,0.0,0.0,0.0,https://www.expat-dakar.com/annonce/appartement-f3-a-louer-6617046,1,352000.0
expat,Appartement spacieux à louer,580000.0,Ngor,4.0,4.0,180.0,0.0,0.0,0.0,https://www.expat-dakar.com/annonce/appartement-spacieux-a-louer-6549017,1,799681.1320754717
expat,APPARTEMENT F3À LOUER À LA CITÉ CHEIKH AMAR,500000.0,Mamelles,2.0,2.0,100.0,0.0,0.0,0.0,https://www.expat-dakar.com/annonce/appartement-f3a-louer-a-la-cite-cheikh-amar-6569651,1,622633.1707317074
expat,Appartement à louer almadies,800000.0,Ngor,4.0,4.0,180.0,0.0,0.0,0.0,https://www.expat-dakar.com/annonce/appartement-a-louer-almadies-6501503,1,799681.1320754717
expat,Appartement à louer à mermoz,650000.0,Mermoz,3.0,3.0,140.0,0.0,0.0,0.0,https://www.expat-dakar.com/annonce/appartement-a-louer-a-mermoz-6529116,1,1032668.5082872928
expat,Appartement à louer,350000.0,Fann,2.0,2.0,100.0,0.0,0.0,0.0,https://www.expat-dakar.com/annonce/appartement-a-louer-6616646,1,2078164.430379747
expat,Appartement à louer 3 chambres salon,1600000.0,Almadies,3.0,3.0,140.0,0.0,0.0,0.0,https://www.expat-dakar.com/annonce/appartement-a-louer-3-chambres-salon-6613508,1,1074463.5443349753
expat,Appt F4 à louer a rufisque,300000.0,Rufisque,3.0,3.0,140.0,0.0,0.0,0.0,https://www.expat-dakar.com/annonce/appt-f4-a-louer-a-rufisque-6543357,1,299583.3333333333
expat,Deux chambre à louer par mois,450000.0,Almadies,2.0,2.0,100.0,0.0,0.0,0.0,https://www.expat-dakar.com/annonce/deux-chambre-a-louer-par-mois-6531908,1,1074463.5443349753
expat,2 appartements à louer,500000.0,Sicap foire,3.0,3.0,140.0,0.0,0.0,0.0,https://www.expat-dakar.com/annonce/2-appartements-a-louer-6616256,1,412647.0588235294
expat,Appartement neuf F3 À louer,450000.0,Liberte 6 extension,2.0,2.0,100.0,0.0,0.0,1.0,https://www.expat-dakar.com/annonce/appartement-neuf-f3-a-louer-6616125,1,508500.0
expat,Appartement F4 de 200 m2 à louer au Point E,1200000.0,Point e,3.0,3.0,140.0,0.0,0.0,0.0,https://www.expat-dakar.com/annonce/appartement-f4-de-200-m2-a-louer-au-point-e-6583715,1,1134739.1304347827
expat,Appartement F4 à louer aux Almadies,1000000.0,Almadies,3.0,3.0,140.0,0.0,0.0,0.0,https://www.expat-dakar.com/annonce/appartement-f4-a-louer-aux-almadies-6503709,1,1074463.5443349753
expat,Appartement à louer au POINT E 173m2,1100000.0,Plateau,3.0,3.0,140.0,0.0,0.0,0.0,https://www.expat-dakar.com/annonce/appartement-a-louer-au-point-e-173m2-6615571,1,1921323.5294117648
expat,Appartement à louer,250000.0,Autre,2.0,2.0,100.0,0.0,0.0,0.0,https://www.expat-dakar.com/annonce/appartement-a-louer-6496950,1,639511.9856115108
expat,Appartement à louer à Ngor,250000.0,Ngor,2.0,2.0,100.0,0.0,0.0,0.0,https://www.expat-dakar.com/annonce/appartement-a-louer-a-ngor-6615450,1,799681.1320754717
expat,Appartement F4 à louer,1800000.0,Fann,3.0,3.0,140.0,0.0,0.0,0.0,https://www.expat-dakar.com/annonce/appartement-f4-a-louer-6433662,1,2078164.430379747
expat,App F3,800000.0,Almadies,2.0,2.0,100.0,0.0,0.0,0.0,https://www.expat-dakar.com/annonce/app-f3-6233784,1,1074463.5443349753
expat,"À LOUER – 2 Appartements F3 – Zone de Recasement, Ngor",259000.0,Ngor,2.0,2.0,100.0,0.0,0.0,0.0,https://www.expat-dakar.com/annonce/a-louer-2-appartements-f3-zone-de-recasement-ngor-6615496,1,799681.1320754717
expat,🌴 Villa à louer à l’année – Saly 🌴,650000.0,Autre,3.0,3.0,140.0,0.0,0.0,0.0,https://www.expat-dakar.com/annonce/villa-a-louer-a-lannee-saly-6615459,1,639511.9856115108
expat,Studio à louer à Ngor,230000.0,Ngor,1.0,1.0,60.0,0.0,0.0,0.0,https://www.expat-dakar.com/annonce/studio-a-louer-a-ngor-6615433,1,799681.1320754717
expat,Spacieux F4 A Louer A la Cité Apix VDN3,300000.0,Autre,3.0,3.0,140.0,0.0,0.0,0.0,https://www.expat-dakar.com/annonce/spacieux-f4-a-louer-a-la-cite-apix-vdn3-6561120,1,639511.9856115108
expat,Appartements F4 à louer - Mermoz Sotrac,800000.0,Mermoz,3.0,3.0,140.0,0.0,0.0,0.0,https://www.expat-dakar.com/annonce/appartements-f4-a-louer-mermoz-sotrac-6615412,1,1032668.5082872928
expat,APPARTEMENTS A LOUER,425000.0,Sacré cœur,3.0,3.0,140.0,0.0,0.0,0.0,https://www.expat-dakar.com/annonce/appartements-a-louer-6366323,1,561458.3333333334
expat,APPARTEMENT REZ DE CHAUSSÉE SACRÉ COEUR 3,300000.0,Sacré cœur,3.0,3.0,140.0,0.0,0.0,0.0,https://www.expat-dakar.com/annonce/appartement-rez-de-chaussee-sacre-coeur-3-6605428,1,561458.3333333334
expat,APPARTEMENT A LOUER AUX MARISTES,375000.0,Hann maristes,3.0,3.0,140.0,0.0,0.0,0.0,https://www.expat-dakar.com/annonce/appartement-a-louer-aux-maristes-6610010,1,354151.724137931
expat,Appartement F4 résidence AMARANTE,680000.0,Sicap baobab,3.0,3.0,140.0,0.0,0.0,0.0,https://www.expat-dakar.com/annonce/appartement-f4-residence-amarante-6574501,1,486000.0
expat,APPARTEMENT F4 – MEUBLÉ - RÉSIDENCE ZHARA,1600000.0,Fenêtre mermoz,3.0,3.0,140.0,1.0,0.0,0.0,https://www.expat-dakar.com/annonce/appartement-f4-meuble-residence-zhara-6574466,1,1814315.7894736843
expat,APPARTEMENT F4 – NON MEUBLÉ – RÉSIDENCE ANNA,1600000.0,Point e,3.0,3.0,140.0,1.0,0.0,0.0,https://www.expat-dakar.com/annonce/appartement-f4-non-meuble-residence-anna-6590784,1,1134739.1304347827
expat,"Studios meublés de prestige à louer – Résidence NAFAÏA, Fann",2000000.0,Fann Hock,1.0,1.0,60.0,1.0,0.0,0.0,https://www.expat-dakar.com/annonce/studios-meubles-de-prestige-a-louer-residence-nafaia-fann-6590840,1,1711111.111111111
expat,Appartement F4 à louer à Mermoz,1600000.0,Fenêtre mermoz,3.0,3.0,140.0,0.0,0.0,0.0,https://www.expat-dakar.com/annonce/appartement-f4-a-louer-a-mermoz-6586197,1,1814315.7894736843
expat,APPARTEMENT + STUDIO NEUFS A RUFISQUE CITE DABAKH,130000.0,Rufisque,2.0,2.0,100.0,0.0,0.0,1.0,https://www.expat-dakar.com/annonce/appartement-studio-neufs-a-rufisque-cite-dabakh-6579665,1,299583.3333333333
expat,Appartement spacieux à louer,140000.0,Rufisque,2.0,2.0,100.0,0.0,0.0,0.0,https://www.expat-dakar.com/annonce/appartement-spacieux-a-louer-6590821,1,299583.3333333333
expat,Appartement à Fann Résidence,1400000.0,Fann,3.0,3.0,140.0,0.0,0.0,0.0,https://www.expat-dakar.com/annonce/appartement-a-fann-residence-6601231,1,2078164.430379747
expat,Studio meublé  idéal  pour expatriés,850000.0,Dakar,1.0,1.0,60.0,1.0,0.0,0.0,https://www.expat-dakar.com/annonce/studio-meuble-ideal-pour-expatries-6613624,1,801875.0
expat,Apparemment pour Bureaux Usage Professionnel,1000000.0,VDN,4.0,4.0,180.0,0.0,0.0,0.0,https://www.expat-dakar.com/annonce/apparemment-pour-bureaux-usage-professionnel-6613515,1,604847.2222222222
expat,"Spacieux 3 chambres, espace de vie ideal pour famille",350000.0,Ouakam,3.0,3.0,140.0,0.0,0.0,0.0,https://www.expat-dakar.com/annonce/spacieux-3-chambres-espace-de-vie-ideal-pour-famille-6613517,1,740800.0
expat,MINI-STUDIO MEUBLE MERMOZ,280000.0,Mermoz,1.0,1.0,60.0,0.0,0.0,0.0,https://www.expat-dakar.com/annonce/mini-studio-meuble-mermoz-6611936,1,1032668.5082872928
expat,Apparemment à louer,1000000.0,Mamelles,3.0,3.0,140.0,0.0,0.0,0.0,https://www.expat-dakar.com/annonce/apparemment-a-louer-6613374,1,622633.1707317074
expat,Apparemment à louer,750000.0,Mamelles,3.0,3.0,140.0,0.0,0.0,0.0,https://www.expat-dakar.com/annonce/apparemment-a-louer-6490808,1,622633.1707317074
expat,Appartement F4 non meublé à louer,450000.0,Zone de captage,3.0,3.0,140.0,1.0,0.0,0.0,https://www.expat-dakar.com/annonce/appartement-f4-non-meuble-a-louer-6596079,1,421428.5714285714
expat,Appartement F3 à louer à liberté 3,400000.0,Autre,2.0,2.0,100.0,0.0,0.0,0.0,https://www.expat-dakar.com/annonce/appartement-f3-a-louer-a-liberte-3-6507978,1,639511.9856115108
expat,Appartement F3 à louer à sicap foire,300000.0,Sicap foire,3.0,3.0,140.0,0.0,0.0,0.0,https://www.expat-dakar.com/annonce/appartement-f3-a-louer-a-sicap-foire-6507985,1,412647.0588235294
expat,Appartement à louer dans le haut plateau corniche,2500000.0,Plateau,3.0,3.0,140.0,0.0,0.0,0.0,https://www.expat-dakar.com/annonce/appartement-a-louer-dans-le-haut-plateau-corniche-6592114,1,1921323.5294117648
expat,Appartement F5 à louer Guédiawaye,280000.0,Guediawaye,4.0,4.0,180.0,0.0,0.0,0.0,https://www.expat-dakar.com/annonce/appartement-f5-a-louer-guediawaye-6612183,1,261000.0
expat,Magnifuque Appartement   à louer à keur gorgui,450000.0,Cité keur gorgui,3.0,3.0,140.0,0.0,0.0,0.0,https://www.expat-dakar.com/annonce/magnifuque-appartement-a-louer-a-keur-gorgui-6189052,1,740577.7777777778
expat,Magnifique Appartement  à louer  au ponit E,550000.0,Point e,3.0,3.0,140.0,0.0,0.0,0.0,https://www.expat-dakar.com/annonce/magnifique-appartement-a-louer-au-ponit-e-6045068,1,1134739.1304347827
expat,Appartement corniche fan résidence vue sur mer,3200000.0,Fann,3.0,3.0,140.0,0.0,1.0,0.0,https://www.expat-dakar.com/annonce/appartement-corniche-fan-residence-vue-sur-mer-6588053,1,2078164.430379747
expat,Appartement F5 à louer à sicap foire,400000.0,Sicap foire,4.0,4.0,180.0,0.0,0.0,0.0,https://www.expat-dakar.com/annonce/appartement-f5-a-louer-a-sicap-foire-6612631,1,412647.0588235294
expat,"Appartement F3 à louer à Hann Marinas, pieds dans l’eau",750000.0,Hann marinas,2.0,2.0,100.0,0.0,0.0,0.0,https://www.expat-dakar.com/annonce/appartement-f3-a-louer-a-hann-marinas-pieds-dans-leau-6612141,1,487500.0
expat,Appartement 3ch à louer Mermoz,1500000.0,Fenêtre mermoz,3.0,3.0,140.0,0.0,0.0,0.0,https://www.expat-dakar.com/annonce/appartement-3ch-a-louer-mermoz-6612140,1,1814315.7894736843
expat,F3 2 chambres 2 sdb 250000 par mois,250000.0,Cite Mixta,2.0,2.0,100.0,0.0,0.0,0.0,https://www.expat-dakar.com/annonce/f3-2-chambres-2-sdb-250000-par-mois-6475802,1,352000.0
expat,Appartements F4 - F3 et Studios haut Standing au Point e,750000.0,Point e,3.0,3.0,140.0,0.0,0.0,1.0,https://www.expat-dakar.com/annonce/appartements-f4-f3-et-studios-haut-standing-au-point-e-6612104,1,1134739.1304347827
expat,Appartement à louer à Fann résidence sur la corniche,3300000.0,Fann,4.0,4.0,180.0,0.0,0.0,0.0,https://www.expat-dakar.com/annonce/appartement-a-louer-a-fann-residence-sur-la-corniche-6024308,1,2078164.430379747
expat,Appartement à louer,300000.0,Mermoz,1.0,1.0,60.0,0.0,0.0,0.0,https://www.expat-dakar.com/annonce/appartement-a-louer-6612067,1,1032668.5082872928
expat,Studio à louer,175000.0,Sacré cœur,1.0,1.0,60.0,0.0,0.0,0.0,https://www.expat-dakar.com/annonce/studio-a-louer-6611984,1,561458.3333333334
expat,Studio à louer,250000.0,Sacré cœur,1.0,1.0,60.0,0.0,0.0,0.0,https://www.expat-dakar.com/annonce/studio-a-louer-6611969,1,561458.3333333334
expat,A loué un grand apartuman de 2chambrsalon,350000.0,Sacré cœur,2.0,2.0,100.0,0.0,0.0,0.0,https://www.expat-dakar.com/annonce/a-loue-un-grand-apartuman-de-2chambrsalon-6561694,1,561458.3333333334
expat,Studio à louer,225000.0,Sacré cœur,1.0,1.0,60.0,0.0,0.0,0.0,https://www.expat-dakar.com/annonce/studio-a-louer-6546715,1,561458.3333333334
expat,F4 à louer à la cité Magistrats près de Cices,425000.0,Sacré cœur,3.0,3.0,140.0,0.0,0.0,0.0,https://www.expat-dakar.com/annonce/f4-a-louer-a-la-cite-magistrats-pres-de-cices-6548347,1,561458.3333333334
expat,Appartement à louer aux Almadies (King Fahd Palace),2200000.0,Almadies,4.0,4.0,180.0,0.0,0.0,0.0,https://www.expat-dakar.com/annonce/appartement-a-louer-aux-almadies-king-fahd-palace-6554864,1,1074463.5443349753
expat,Appartements à louer aux Almadies de grand standing,1600000.0,Almadies,3.0,3.0,140.0,0.0,0.0,1.0,https://www.expat-dakar.com/annonce/appartements-a-louer-aux-almadies-de-grand-standing-6555262,1,1074463.5443349753
expat,Appartement à louer au Virage,950000.0,Virage,4.0,4.0,180.0,0.0,0.0,0.0,https://www.expat-dakar.com/annonce/appartement-a-louer-au-virage-6554223,1,1043505.8823529412
expat,Appartement de type F4 à louer à Mermoz,2000000.0,Mermoz,3.0,3.0,140.0,0.0,0.0,0.0,https://www.expat-dakar.com/annonce/appartement-de-type-f4-a-louer-a-mermoz-6611937,1,1032668.5082872928
expat,Appartement 2 chambres salon,275000.0,Mamelles,2.0,2.0,100.0,0.0,0.0,0.0,https://www.expat-dakar.com/annonce/appartement-2-chambres-salon-6525027,1,622633.1707317074
expat,Appartement de type F4 à louer au point E,900000.0,Point e,3.0,3.0,140.0,0.0,0.0,0.0,https://www.expat-dakar.com/annonce/appartement-de-type-f4-a-louer-au-point-e-6611934,1,1134739.1304347827
expat,Appartement de type F4 à louer au point E,1500000.0,Point e,3.0,3.0,140.0,0.0,0.0,0.0,https://www.expat-dakar.com/annonce/appartement-de-type-f4-a-louer-au-point-e-6611931,1,1134739.1304347827
expat,Appartement F4 Neuf Almadies,1200000.0,Almadies,3.0,3.0,140.0,0.0,0.0,1.0,https://www.expat-dakar.com/annonce/appartement-f4-neuf-almadies-6555119,1,1074463.5443349753
expat,Location F5 non meublé à Yoff,800000.0,Yoff,4.0,4.0,180.0,1.0,0.0,0.0,https://www.expat-dakar.com/annonce/location-f5-non-meuble-a-yoff-6393055,1,528798.4732824428
expat,Appartements F4 neufs à louer aux almadies avec vue/mer,2000000.0,Almadies,3.0,3.0,140.0,0.0,0.0,1.0,https://www.expat-dakar.com/annonce/appartements-f4-neufs-a-louer-aux-almadies-avec-vuemer-6129396,1,1074463.5443349753
expat,Appartement à louer - Ngor Almadies,1000000.0,Almadies,4.0,4.0,180.0,0.0,0.0,0.0,https://www.expat-dakar.com/annonce/appartement-a-louer-ngor-almadies-6610153,1,1074463.5443349753
expat,Ref_2913_GL Appartement Vide à louer en centre-ville,1500000.0,Plateau,3.0,3.0,140.0,0.0,0.0,0.0,https://www.expat-dakar.com/annonce/ref-2913-gl-appartement-vide-a-louer-en-centre-ville-6596802,1,1921323.5294117648
expat,APPARTEMENT A LOUER KEUR MASSAR(cite baka),190000.0,Keur Massar,4.0,4.0,180.0,0.0,0.0,0.0,https://www.expat-dakar.com/annonce/appartement-a-louer-keur-massarcite-baka-6454425,1,192000.0
expat,Appartement a louer en ville ( Av Djily Mbaye) vue sur mer,1300000.0,Plateau,4.0,4.0,180.0,0.0,1.0,0.0,https://www.expat-dakar.com/annonce/appartement-a-louer-en-ville-av-djily-mbaye-vue-sur-mer-6199826,1,1921323.5294117648
expat,Duplex à louer avenue Djily mbaye vue sur port,4000000.0,Plateau,3.0,3.0,140.0,0.0,0.0,0.0,https://www.expat-dakar.com/annonce/duplex-a-louer-avenue-djily-mbaye-vue-sur-port-6583521,1,1921323.5294117648
expat,Appartement à louer à Sicap Foire,750000.0,Sicap foire,5.0,5.0,220.0,0.0,0.0,0.0,https://www.expat-dakar.com/annonce/appartement-a-louer-a-sicap-foire-6608229,1,412647.0588235294
expat,Appartements à louer aux Mamelles,425000.0,Mamelles,3.0,3.0,140.0,0.0,0.0,0.0,https://www.expat-dakar.com/annonce/appartements-a-louer-aux-mamelles-6609831,1,622633.1707317074
expat,Opportunité spacieux F4 transformable Point E,825000.0,Point e,3.0,3.0,140.0,0.0,0.0,0.0,https://www.expat-dakar.com/annonce/opportunite-spacieux-f4-transformable-point-e-6609659,1,1134739.1304347827
expat,Appartement duplex à louer à Mermoz,900000.0,Mermoz,3.0,3.0,140.0,0.0,0.0,0.0,https://www.expat-dakar.com/annonce/appartement-duplex-a-louer-a-mermoz-6367179,1,1032668.5082872928
expat,Appartement neuf à Mermoz dans une Résidence,800000.0,Mermoz,3.0,3.0,140.0,0.0,0.0,1.0,https://www.expat-dakar.com/annonce/appartement-neuf-a-mermoz-dans-une-residence-6554162,1,1032668.5082872928
expat,Appartement à louer à ngor almadies,1150000.0,Almadies,3.0,3.0,140.0,0.0,0.0,0.0,https://www.expat-dakar.com/annonce/appartement-a-louer-a-ngor-almadies-6325409,1,1074463.5443349753
expat,DUPLEX 5 CHAMBRES GOLF SUD PLAGE,450000.0,Autre,5.0,5.0,220.0,0.0,0.0,0.0,https://www.expat-dakar.com/annonce/duplex-5-chambres-golf-sud-plage-6566699,1,639511.9856115108
expat,Appartement F4  à louer  Corniche mamelles,750000.0,Mamelles,3.0,3.0,140.0,0.0,0.0,0.0,https://www.expat-dakar.com/annonce/appartement-f4-a-louer-corniche-mamelles-6537334,1,622633.1707317074
expat,Guediawaye cité magistrat F3 à louer vide,275000.0,Guediawaye,2.0,2.0,100.0,0.0,0.0,0.0,https://www.expat-dakar.com/annonce/guediawaye-cite-magistrat-f3-a-louer-vide-6592135,1,261000.0
expat,Appartement à Sacré cœur derrière résidence Mamoune,450000.0,Sacré cœur,3.0,3.0,140.0,0.0,0.0,0.0,https://www.expat-dakar.com/annonce/appartement-a-sacre-coeur-derriere-residence-mamoune-6572429,1,561458.3333333334
expat,Appartement à louer,300000.0,Mermoz,1.0,1.0,60.0,0.0,0.0,0.0,https://www.expat-dakar.com/annonce/appartement-a-louer-6610362,1,1032668.5082872928
expat,APPARTEMENT PENTHOUSE À LOUER – 476 m² – Avenue Djily Mbaye,3500000.0,Plateau,5.0,5.0,220.0,0.0,0.0,0.0,https://www.expat-dakar.com/annonce/appartement-penthouse-a-louer-476-m2-avenue-djily-mbaye-6588012,1,1921323.5294117648
expat,Appartement moderne avec balcon et garage sécurisé,1500000.0,Almadies,4.0,4.0,180.0,0.0,0.0,0.0,https://www.expat-dakar.com/annonce/appartement-moderne-avec-balcon-et-garage-securise-6302297,1,1074463.5443349753
expat,F2 F4 et duplex à louer à la résidence les vagues,1700000.0,Almadies,3.0,3.0,140.0,0.0,0.0,0.0,https://www.expat-dakar.com/annonce/f2-f4-et-duplex-a-louer-a-la-residence-les-vagues-6374174,1,1074463.5443349753
expat,Appartement à louer à la Sicap Karack,370000.0,Sicap baobab,3.0,3.0,140.0,0.0,0.0,0.0,https://www.expat-dakar.com/annonce/appartement-a-louer-a-la-sicap-karack-6605356,1,486000.0
expat,Appartement vue sur mer fenêtre Mermoz,2000000.0,Fenêtre mermoz,3.0,3.0,140.0,0.0,1.0,0.0,https://www.expat-dakar.com/annonce/appartement-vue-sur-mer-fenetre-mermoz-6602784,1,1814315.7894736843
expat,Appartement à louer,350000.0,Fann,2.0,2.0,100.0,0.0,0.0,0.0,https://www.expat-dakar.com/annonce/appartement-a-louer-6609805,1,2078164.430379747
expat,Appartement Meublé T3 - VDN,650000.0,VDN,2.0,2.0,100.0,1.0,0.0,0.0,https://www.expat-dakar.com/annonce/appartement-meuble-t3-vdn-6587317,1,604847.2222222222
expat,Magnifique Studio à louer,250000.0,Zone de captage,1.0,1.0,60.0,0.0,0.0,0.0,https://www.expat-dakar.com/annonce/magnifique-studio-a-louer-6435402,1,421428.5714285714
expat,Magnifique appartement de type F4 à louer,900000.0,Point e,3.0,3.0,140.0,0.0,0.0,0.0,https://www.expat-dakar.com/annonce/magnifique-appartement-de-type-f4-a-louer-6475021,1,1134739.1304347827
expat,Appartement F4 à louer Centre Ville en face Pullman,1200000.0,Plateau,3.0,3.0,140.0,0.0,0.0,0.0,https://www.expat-dakar.com/annonce/appartement-f4-a-louer-centre-ville-en-face-pullman-6609564,1,1921323.5294117648
expat,Corniche plateau 4 chambres à louer vue sur mer,2800000.0,Plateau,3.0,3.0,140.0,0.0,1.0,0.0,https://www.expat-dakar.com/annonce/corniche-plateau-4-chambres-a-louer-vue-sur-mer-6322381,1,1921323.5294117648
expat,Des apparts à louer à Sacré Cœur Vdn,275000.0,VDN,3.0,3.0,140.0,0.0,0.0,0.0,https://www.expat-dakar.com/annonce/des-apparts-a-louer-a-sacre-coeur-vdn-2737513,1,604847.2222222222
expat,F3 A LOUER,200000.0,Hlm grand yoff,2.0,2.0,100.0,0.0,0.0,0.0,https://www.expat-dakar.com/annonce/f3-a-louer-6608934,1,223333.33333333334
expat,"À louer Camayenne Dixinn, Conakry",1500000.0,Autre,3.0,3.0,140.0,0.0,0.0,0.0,https://www.expat-dakar.com/annonce/a-louer-camayenne-dixinn-conakry-6608727,1,639511.9856115108
expat,Appartement à louer aux Almadies,1200000.0,Almadies,3.0,3.0,140.0,0.0,0.0,0.0,https://www.expat-dakar.com/annonce/appartement-a-louer-aux-almadies-6608467,1,1074463.5443349753
expat,Appartement 4 chambres salon aux Almadie,1500000.0,Almadies,4.0,4.0,180.0,0.0,0.0,0.0,https://www.expat-dakar.com/annonce/appartement-4-chambres-salon-aux-almadie-6554635,1,1074463.5443349753
expat,Magnifique  appartement à louer  à nord foire,300000.0,Nord foire,2.0,2.0,100.0,0.0,0.0,0.0,https://www.expat-dakar.com/annonce/magnifique-appartement-a-louer-a-nord-foire-6064749,1,309941.17647058825
expat,Espace bureau lumineux LED sol carrelé blanc,500000.0,Dakar,1.0,1.0,60.0,0.0,0.0,0.0,https://www.expat-dakar.com/annonce/espace-bureau-lumineux-led-sol-carrele-blanc-6608160,1,801875.0
expat,Appartement 2 chambres salon,600000.0,Dakar,2.0,2.0,100.0,0.0,0.0,0.0,https://www.expat-dakar.com/annonce/appartement-2-chambres-salon-6608144,1,801875.0
expat,Appartement au rez-de-chaussée à Mermoz,350000.0,Mermoz,2.0,2.0,100.0,0.0,0.0,0.0,https://www.expat-dakar.com/annonce/appartement-au-rez-de-chaussee-a-mermoz-6607222,1,1032668.5082872928
expat,Appartement F4 Neuf à louer à Amitié 2,750000.0,Amitié,3.0,3.0,140.0,0.0,0.0,1.0,https://www.expat-dakar.com/annonce/appartement-f4-neuf-a-louer-a-amitie-2-6402438,1,572500.0
expat,Appartement F3 grand standing à louer aux Almadies,414600.0,Almadies,3.0,3.0,140.0,0.0,0.0,1.0,https://www.expat-dakar.com/annonce/appartement-f3-grand-standing-a-louer-aux-almadies-6607171,1,1074463.5443349753
expat,Appartement à louer au Point E,1300000.0,Point e,3.0,3.0,140.0,0.0,0.0,0.0,https://www.expat-dakar.com/annonce/appartement-a-louer-au-point-e-6590842,1,1134739.1304347827
expat,Villa meublée de haut standing avec piscine privée.,1050000.0,Dakar,3.0,3.0,140.0,1.0,0.0,1.0,https://www.expat-dakar.com/annonce/villa-meublee-de-haut-standing-avec-piscine-privee-6607110,1,801875.0
expat,APPARTEMENTS F5 AUX ALMADIES,800000.0,Almadies,4.0,4.0,180.0,0.0,0.0,0.0,https://www.expat-dakar.com/annonce/appartements-f5-aux-almadies-6351418,1,1074463.5443349753
expat,DUPLEX F3 HANGARS PÈLERINS,450000.0,Cité biagui,2.0,2.0,100.0,0.0,0.0,0.0,https://www.expat-dakar.com/annonce/duplex-f3-hangars-pelerins-6428768,1,550000.0
expat,Appartement à louer,400000.0,Ngor,3.0,3.0,140.0,0.0,0.0,0.0,https://www.expat-dakar.com/annonce/appartement-a-louer-6606989,1,799681.1320754717
expat,Appartement moderne à Nord Foire,450000.0,Nord foire,3.0,3.0,140.0,0.0,0.0,0.0,https://www.expat-dakar.com/annonce/appartement-moderne-a-nord-foire-6606940,1,309941.17647058825
expat,"Appartement à louer à Ngor, Almadies",1500000.0,Ngor,3.0,3.0,140.0,0.0,0.0,0.0,https://www.expat-dakar.com/annonce/appartement-a-louer-a-ngor-almadies-6538567,1,799681.1320754717
expat,Appartement f3 à louer aux Almadies,350000.0,Almadies,3.0,3.0,140.0,0.0,0.0,0.0,https://www.expat-dakar.com/annonce/appartement-f3-a-louer-aux-almadies-6526754,1,1074463.5443349753
expat,Apparemment type F3 sur Mermoz Batrain,350000.0,Mermoz,2.0,2.0,100.0,0.0,0.0,0.0,https://www.expat-dakar.com/annonce/apparemment-type-f3-sur-mermoz-batrain-6601246,1,1032668.5082872928
expat,BEL APPARTEMENT F6 A LOUER A FANN RESIDENCE,2500000.0,Fann,3.0,3.0,140.0,0.0,0.0,0.0,https://www.expat-dakar.com/annonce/bel-appartement-f6-a-louer-a-fann-residence-6535242,1,2078164.430379747
expat,F5 A LOUER AUX ALMADIES (PAS LOIN DU KING FAHD PALACE),2590000.0,Almadies,3.0,3.0,140.0,0.0,0.0,0.0,https://www.expat-dakar.com/annonce/f5-a-louer-aux-almadies-pas-loin-du-king-fahd-palace-6440680,1,1074463.5443349753
expat,Appartement à louer à Liberté 6,250000.0,Liberte 6,3.0,3.0,140.0,0.0,0.0,0.0,https://www.expat-dakar.com/annonce/appartement-a-louer-a-liberte-6-6585831,1,449210.5263157895
expat,F6 A LOUER CORNICHE DES MAMELLES,3300000.0,Mamelles,3.0,3.0,140.0,0.0,0.0,0.0,https://www.expat-dakar.com/annonce/f6-a-louer-corniche-des-mamelles-6606717,1,622633.1707317074
expat,Villa à louer - Virage,950000.0,Virage,4.0,4.0,180.0,0.0,0.0,0.0,https://www.expat-dakar.com/annonce/villa-a-louer-virage-6606578,1,1043505.8823529412
expat,DEUX F6 A LOUER CORNICHE DES MAMELLES,3800000.0,Mamelles,3.0,3.0,140.0,0.0,0.0,0.0,https://www.expat-dakar.com/annonce/deux-f6-a-louer-corniche-des-mamelles-6606622,1,622633.1707317074
expat,Appartement à louer à la Cité Tacko,145000.0,Rufisque,3.0,3.0,140.0,0.0,0.0,0.0,https://www.expat-dakar.com/annonce/appartement-a-louer-a-la-cite-tacko-6535887,1,299583.3333333333
expat,Appartement à louer à ouest foire (pharmacie Khandar),300000.0,Ouest foire,3.0,3.0,140.0,0.0,0.0,0.0,https://www.expat-dakar.com/annonce/appartement-a-louer-a-ouest-foire-pharmacie-khandar-6560944,1,317380.95238095237
expat,Appartement F5 à louer - Résidence Palmas,2500000.0,Almadies,4.0,4.0,180.0,0.0,0.0,0.0,https://www.expat-dakar.com/annonce/appartement-f5-a-louer-residence-palmas-6567940,1,1074463.5443349753
expat,Appartement à louer à Nguinth (Thies),150000.0,Thiès,2.0,2.0,100.0,0.0,0.0,0.0,https://www.expat-dakar.com/annonce/appartement-a-louer-a-nguinth-thies-6606234,1,260625.0
expat,Résidence 790 F5 haut standing à louer,1300000.0,Almadies,4.0,4.0,180.0,0.0,0.0,1.0,https://www.expat-dakar.com/annonce/residence-790-f5-haut-standing-a-louer-6582859,1,1074463.5443349753
expat,Joli appartement à la citée millionnaire,260000.0,Hlm grand yoff,2.0,2.0,100.0,0.0,0.0,0.0,https://www.expat-dakar.com/annonce/joli-appartement-a-la-citee-millionnaire-6510874,1,223333.33333333334
expat,Magnifique appartement de type F4 à louer,600000.0,VDN,3.0,3.0,140.0,0.0,0.0,0.0,https://www.expat-dakar.com/annonce/magnifique-appartement-de-type-f4-a-louer-6587286,1,604847.2222222222
expat,A louer kipe Soloprimo Ratoma Conakry,411600.0,Autre,3.0,3.0,140.0,0.0,0.0,0.0,https://www.expat-dakar.com/annonce/a-louer-kipe-soloprimo-ratoma-conakry-6599976,1,639511.9856115108
expat,PENTHOUSE F5 A LOUER A NGOR,1500000.0,Ngor,4.0,4.0,180.0,0.0,0.0,0.0,https://www.expat-dakar.com/annonce/penthouse-f5-a-louer-a-ngor-6605357,1,799681.1320754717
expat,Appartement F4 à louer à Mermoz,1100000.0,Mermoz,3.0,3.0,140.0,0.0,0.0,0.0,https://www.expat-dakar.com/annonce/appartement-f4-a-louer-a-mermoz-6565990,1,1032668.5082872928
expat,Appartement spacieux à Keur Massar,210000.0,Keur Massar,3.0,3.0,140.0,0.0,0.0,0.0,https://www.expat-dakar.com/annonce/appartement-spacieux-a-keur-massar-6493354,1,192000.0
expat,Appartement moderne à Saly Gandigal,250000.0,Autre,3.0,3.0,140.0,0.0,0.0,0.0,https://www.expat-dakar.com/annonce/appartement-moderne-a-saly-gandigal-6568212,1,639511.9856115108
expat,Appartement spacieux à Liberté 6 (cité aliou sow),300000.0,Liberte 6,2.0,2.0,100.0,0.0,0.0,0.0,https://www.expat-dakar.com/annonce/appartement-spacieux-a-liberte-6-cite-aliou-sow-6598373,1,449210.5263157895
expat,Appartement spacieux à Sacré Coeur 3,400000.0,Sacré cœur,3.0,3.0,140.0,0.0,0.0,0.0,https://www.expat-dakar.com/annonce/appartement-spacieux-a-sacre-coeur-3-6599975,1,561458.3333333334
expat,Appartement moderne aux Parcelles Assainies (unité 15),240000.0,Parcelles Assainies,2.0,2.0,100.0,0.0,0.0,0.0,https://www.expat-dakar.com/annonce/appartement-moderne-aux-parcelles-assainies-unite-15-6599983,1,220357.14285714287
expat,Appartement Haut Standing à louer à Mermoz,900000.0,Mermoz,3.0,3.0,140.0,0.0,0.0,1.0,https://www.expat-dakar.com/annonce/appartement-haut-standing-a-louer-a-mermoz-6585656,1,1032668.5082872928
expat,Appartement spacieux aux Mamelles,330000.0,Mamelles,2.0,2.0,100.0,0.0,0.0,0.0,https://www.expat-dakar.com/annonce/appartement-spacieux-aux-mamelles-6604796,1,622633.1707317074
expat,Appartement F3 à louer,350000.0,Amitié,2.0,2.0,100.0,0.0,0.0,0.0,https://www.expat-dakar.com/annonce/appartement-f3-a-louer-6604818,1,572500.0
expat,Magnifique appartement au Mamel,350000.0,Mamelles,2.0,2.0,100.0,0.0,0.0,0.0,https://www.expat-dakar.com/annonce/magnifique-appartement-au-mamel-6530736,1,622633.1707317074
expat,Appartement F4 à Mermoz : Très lumineux,800000.0,Mermoz,3.0,3.0,140.0,0.0,0.0,0.0,https://www.expat-dakar.com/annonce/appartement-f4-a-mermoz-tres-lumineux-6565677,1,1032668.5082872928
expat,Apparemment F4 à louer,1600000.0,Almadies,3.0,3.0,140.0,0.0,0.0,0.0,https://www.expat-dakar.com/annonce/apparemment-f4-a-louer-6526995,1,1074463.5443349753
expat,Appartement à louer Sacré Cœur 3,325000.0,Sacré cœur,2.0,2.0,100.0,0.0,0.0,0.0,https://www.expat-dakar.com/annonce/appartement-a-louer-sacre-coeur-3-6534644,1,561458.3333333334
expat,Appartement à louer,250000.0,Amitié,1.0,1.0,60.0,0.0,0.0,0.0,https://www.expat-dakar.com/annonce/appartement-a-louer-6603654,1,572500.0
expat,Appartement  F4 à louer à Mermoz Résidence LOBOS,1500000.0,Mermoz,3.0,3.0,140.0,0.0,0.0,0.0,https://www.expat-dakar.com/annonce/appartement-f4-a-louer-a-mermoz-residence-lobos-6603479,1,1032668.5082872928
expat,Duplex à louer à Toubab Dialaw,600000.0,Autre,3.0,3.0,140.0,0.0,0.0,0.0,https://www.expat-dakar.com/annonce/duplex-a-louer-a-toubab-dialaw-6603016,1,639511.9856115108
expat,F4 Neuf et Moderne au point e,1500000.0,Point e,3.0,3.0,140.0,0.0,0.0,1.0,https://www.expat-dakar.com/annonce/f4-neuf-et-moderne-au-point-e-6504345,1,1134739.1304347827
expat,F4 Haut standing de 245 M² à louer au point e,2000000.0,Point e,3.0,3.0,140.0,0.0,0.0,1.0,https://www.expat-dakar.com/annonce/f4-haut-standing-de-245-m2-a-louer-au-point-e-6590386,1,1134739.1304347827
expat,F4 À LOUER,350000.0,Liberte 6,3.0,3.0,140.0,0.0,0.0,0.0,https://www.expat-dakar.com/annonce/f4-a-louer-6588257,1,449210.5263157895
expat,Studios et apparts à Liberté 6 Extension,300000.0,Liberte 6 extension,3.0,3.0,140.0,0.0,0.0,0.0,https://www.expat-dakar.com/annonce/studios-et-apparts-a-liberte-6-extension-6600685,1,508500.0
expat,F4 Neuf à louer au point e,1500000.0,Point e,3.0,3.0,140.0,0.0,0.0,1.0,https://www.expat-dakar.com/annonce/f4-neuf-a-louer-au-point-e-6351386,1,1134739.1304347827
expat,Appartement F3 à louer Maristes Dalifort,250000.0,Hann maristes,2.0,2.0,100.0,0.0,0.0,0.0,https://www.expat-dakar.com/annonce/appartement-f3-a-louer-maristes-dalifort-6547994,1,354151.724137931
expat,Appartement spacieux,350000.0,Ouest foire,3.0,3.0,140.0,0.0,0.0,0.0,https://www.expat-dakar.com/annonce/appartement-spacieux-6602809,1,317380.95238095237
expat,Cité Dalal jamm,325000.0,Autre,4.0,4.0,180.0,0.0,0.0,0.0,https://www.expat-dakar.com/annonce/cite-dalal-jamm-6602852,1,639511.9856115108
expat,F3 A LOUER,350000.0,Liberte 6,3.0,3.0,140.0,0.0,0.0,0.0,https://www.expat-dakar.com/annonce/f3-a-louer-6602895,1,449210.5263157895
expat,Appartement à louer aux almadies,1500000.0,Almadies,3.0,3.0,140.0,0.0,0.0,0.0,https://www.expat-dakar.com/annonce/appartement-a-louer-aux-almadies-6046241,1,1074463.5443349753
expat,Studio chic à louer Hann Maristes,200000.0,Autre,1.0,1.0,60.0,0.0,0.0,0.0,https://www.expat-dakar.com/annonce/studio-chic-a-louer-hann-maristes-6509963,1,639511.9856115108
expat,Appartement semi-équipé au point E,900000.0,Point e,3.0,3.0,140.0,0.0,0.0,0.0,https://www.expat-dakar.com/annonce/appartement-semi-equipe-au-point-e-6412491,1,1134739.1304347827
expat,F4 neuf à louer au plateau,1500000.0,Plateau,3.0,3.0,140.0,0.0,0.0,1.0,https://www.expat-dakar.com/annonce/f4-neuf-a-louer-au-plateau-6601870,1,1921323.5294117648
expat,Appartements F4 et F5 tout neufs à louer au Point E,600000.0,Point e,3.0,3.0,140.0,0.0,0.0,1.0,https://www.expat-dakar.com/annonce/appartements-f4-et-f5-tout-neufs-a-louer-au-point-e-6528529,1,1134739.1304347827
expat,Appartement F3 à louer à Fass,325000.0,Fass,2.0,2.0,100.0,0.0,0.0,0.0,https://www.expat-dakar.com/annonce/appartement-f3-a-louer-a-fass-6588266,1,274285.71428571426
expat,A loué un apartuman  1etage non loin de la brioche Dorée,300000.0,Ouakam,2.0,2.0,100.0,0.0,0.0,0.0,https://www.expat-dakar.com/annonce/a-loue-un-apartuman-1etage-non-loin-de-la-brioche-doree-6601716,1,740800.0
expat,Appartement de haut standing à louer à Yoff,250000.0,Yoff,3.0,3.0,140.0,0.0,0.0,1.0,https://www.expat-dakar.com/annonce/appartement-de-haut-standing-a-louer-a-yoff-6508956,1,528798.4732824428
expat,Bel appartement a louer a Cité  Keur Gorgui,350000.0,Cité keur gorgui,2.0,2.0,100.0,0.0,0.0,0.0,https://www.expat-dakar.com/annonce/bel-appartement-a-louer-a-cite-keur-gorgui-6601620,1,740577.7777777778
expat,APPARTEMENT HAUT STANDING À NGOR,700000.0,Ngor,3.0,3.0,140.0,0.0,0.0,1.0,https://www.expat-dakar.com/annonce/appartement-haut-standing-a-ngor-6286912,1,799681.1320754717
expat,Penthouse F5 à la Cité Keur Gorgui,1500000.0,Yoff,4.0,4.0,180.0,0.0,0.0,0.0,https://www.expat-dakar.com/annonce/penthouse-f5-a-la-cite-keur-gorgui-6520273,1,528798.4732824428
expat,Appt haut standing à la louer,500000.0,Almadies,2.0,2.0,100.0,0.0,0.0,1.0,https://www.expat-dakar.com/annonce/appt-haut-standing-a-la-louer-6530456,1,1074463.5443349753
expat,Appartement F3 au bord de la mer à Sendou,550000.0,Autre,2.0,2.0,100.0,0.0,0.0,0.0,https://www.expat-dakar.com/annonce/appartement-f3-au-bord-de-la-mer-a-sendou-6474133,1,639511.9856115108
expat,Magnifique f5 à louer au point E,750000.0,Point e,4.0,4.0,180.0,0.0,0.0,0.0,https://www.expat-dakar.com/annonce/magnifique-f5-a-louer-au-point-e-6141448,1,1134739.1304347827
expat,Fan résidence appartement à louer vue sur mer,2300000.0,Fann,3.0,3.0,140.0,0.0,1.0,0.0,https://www.expat-dakar.com/annonce/fan-residence-appartement-a-louer-vue-sur-mer-6517395,1,2078164.430379747
expat,Luxueux appartement F4 à louer à la cité Biagui Yoff virage,325000.0,Yoff,3.0,3.0,140.0,0.0,0.0,0.0,https://www.expat-dakar.com/annonce/luxueux-appartement-f4-a-louer-a-la-cite-biagui-yoff-virage-6536758,1,528798.4732824428
expat,F2 F3 et Magasin à louer à scat urbam,350000.0,Autre,2.0,2.0,100.0,0.0,0.0,0.0,https://www.expat-dakar.com/annonce/f2-f3-et-magasin-a-louer-a-scat-urbam-6595216,1,639511.9856115108
expat,Immeuble R+2 à louer Grand Mbao Cité Sidak,500000.0,Mbao,5.0,5.0,220.0,0.0,0.0,0.0,https://www.expat-dakar.com/annonce/immeuble-r2-a-louer-grand-mbao-cite-sidak-4273226,1,247775.0
expat,Appartement F4 luxueux avec piscine – Almadies,1300000.0,Almadies,3.0,3.0,140.0,0.0,0.0,0.0,https://www.expat-dakar.com/annonce/appartement-f4-luxueux-avec-piscine-almadies-6439903,1,1074463.5443349753
expat,Appartement F3 de haut standing à louer à la Résidence SIKI,800000.0,Ngor,2.0,2.0,100.0,0.0,0.0,1.0,https://www.expat-dakar.com/annonce/appartement-f3-de-haut-standing-a-louer-a-la-residence-siki-6456266,1,799681.1320754717
expat,Appartement F4 à louer à Liberté 6 face à la VDN,600000.0,Liberte 6,3.0,3.0,140.0,0.0,0.0,0.0,https://www.expat-dakar.com/annonce/appartement-f4-a-louer-a-liberte-6-face-a-la-vdn-6526033,1,449210.5263157895
expat,duplex f5 à louer ngor avec jardin,1400000.0,Ngor,4.0,4.0,180.0,0.0,0.0,0.0,https://www.expat-dakar.com/annonce/duplex-f5-a-louer-ngor-avec-jardin-6594895,1,799681.1320754717
expat,Point E 4 chambres à louer tous neufs 300 mètres,1800000.0,Point e,4.0,4.0,180.0,0.0,0.0,1.0,https://www.expat-dakar.com/annonce/point-e-4-chambres-a-louer-tous-neufs-300-metres-6509287,1,1134739.1304347827
expat,Appartement à louer à Somone,275000.0,Autre,2.0,2.0,100.0,0.0,0.0,0.0,https://www.expat-dakar.com/annonce/appartement-a-louer-a-somone-6598622,1,639511.9856115108
expat,Appartement F5 à Louer Cité Mourtada - VDN,400000.0,Nord foire,4.0,4.0,180.0,0.0,0.0,0.0,https://www.expat-dakar.com/annonce/appartement-f5-a-louer-cite-mourtada-vdn-6572767,1,309941.17647058825
expat,Appartement meublé standing À LOUER,1050000.0,Plateau,2.0,2.0,100.0,1.0,0.0,1.0,https://www.expat-dakar.com/annonce/appartement-meuble-standing-a-louer-6585096,1,1921323.5294117648
expat,Appartement F4 à Keur Gorgui,550000.0,Cité keur gorgui,3.0,3.0,140.0,0.0,0.0,0.0,https://www.expat-dakar.com/annonce/appartement-f4-a-keur-gorgui-6536474,1,740577.7777777778
expat,F2 à louer aux mamelles,450000.0,Mamelles,1.0,1.0,60.0,0.0,0.0,0.0,https://www.expat-dakar.com/annonce/f2-a-louer-aux-mamelles-6575519,1,622633.1707317074
expat,Appartement spacieux à la Sicap Foire,400000.0,Sicap foire,3.0,3.0,140.0,0.0,0.0,0.0,https://www.expat-dakar.com/annonce/appartement-spacieux-a-la-sicap-foire-6598344,1,412647.0588235294
expat,APPARTEMENT A LOUER FANN MERMOZ,800000.0,Fenêtre mermoz,3.0,3.0,140.0,0.0,0.0,0.0,https://www.expat-dakar.com/annonce/appartement-a-louer-fann-mermoz-6598311,1,1814315.7894736843
expat,"Studio à louer – Front de mer, Yoff Diamalaye",290000.0,Yoff,1.0,1.0,60.0,0.0,0.0,0.0,https://www.expat-dakar.com/annonce/studio-a-louer-front-de-mer-yoff-diamalaye-6564680,1,528798.4732824428
expat,Studio moderne à la zone de captage,250000.0,Zone de captage,1.0,1.0,60.0,0.0,0.0,0.0,https://www.expat-dakar.com/annonce/studio-moderne-a-la-zone-de-captage-6598220,1,421428.5714285714
expat,Villa à louer à la Sicap Foire,450000.0,Autre,4.0,4.0,180.0,0.0,0.0,0.0,https://www.expat-dakar.com/annonce/villa-a-louer-a-la-sicap-foire-6598203,1,639511.9856115108
expat,Appartement F4 à louer vide en Centre-ville,1200000.0,Dakar,3.0,3.0,140.0,0.0,0.0,0.0,https://www.expat-dakar.com/annonce/appartement-f4-a-louer-vide-en-centre-ville-6598185,1,801875.0
expat,APPARTEMENT A LOUER A NGOR,400000.0,Ngor,3.0,3.0,140.0,0.0,0.0,0.0,https://www.expat-dakar.com/annonce/appartement-a-louer-a-ngor-6598021,1,799681.1320754717
expat,Appartement F4 haut standing Virage,1300000.0,Virage,4.0,4.0,180.0,0.0,0.0,1.0,https://www.expat-dakar.com/annonce/appartement-f4-haut-standing-virage-6575318,1,1043505.8823529412
expat,Appartement Vide à louer  sur la VDN,650000.0,Liberte 6 extension,2.0,2.0,100.0,0.0,0.0,0.0,https://www.expat-dakar.com/annonce/appartement-vide-a-louer-sur-la-vdn-6588973,1,508500.0
expat,Appartements neufs a louer cité millionnaire grand Yoff,260000.0,Grand Yoff,2.0,2.0,100.0,0.0,0.0,1.0,https://www.expat-dakar.com/annonce/appartements-neufs-a-louer-cite-millionnaire-grand-yoff-6539128,1,238000.0
expat,Appartement F4 à Sicap Baobab,440000.0,Sicap baobab,3.0,3.0,140.0,0.0,0.0,0.0,https://www.expat-dakar.com/annonce/appartement-f4-a-sicap-baobab-6597444,1,486000.0
expat,Appartement F3 SICAP FOIRE A LOUER,250000.0,Sicap foire,2.0,2.0,100.0,0.0,0.0,0.0,https://www.expat-dakar.com/annonce/appartement-f3-sicap-foire-a-louer-6597380,1,412647.0588235294
expat,Appartements a louer Saly center,350000.0,Autre,2.0,2.0,100.0,0.0,0.0,0.0,https://www.expat-dakar.com/annonce/appartements-a-louer-saly-center-6247766,1,639511.9856115108
expat,Penthouse à louer aux Almadies,2800000.0,Almadies,5.0,5.0,220.0,0.0,0.0,0.0,https://www.expat-dakar.com/annonce/penthouse-a-louer-aux-almadies-6554637,1,1074463.5443349753
expat,Joli studio meublé Ngor Almadies,800000.0,Almadies,1.0,1.0,60.0,1.0,0.0,0.0,https://www.expat-dakar.com/annonce/joli-studio-meuble-ngor-almadies-6596780,1,1074463.5443349753
expat,VILLA À LOUER À LA CORNICHE DES MAMELLES,800000.0,Mamelles,4.0,4.0,180.0,0.0,0.0,0.0,https://www.expat-dakar.com/annonce/villa-a-louer-a-la-corniche-des-mamelles-6596755,1,622633.1707317074
expat,Appartements à louer,150000.0,Hlm,2.0,2.0,100.0,0.0,0.0,0.0,https://www.expat-dakar.com/annonce/appartements-a-louer-6596760,1,303214.28571428574
expat,Ref_2911_GL –  Penthouse  à louer | Cité Keur Gorgui,3672300.0,Cité keur gorgui,3.0,3.0,140.0,0.0,0.0,0.0,https://www.expat-dakar.com/annonce/ref-2911-gl-penthouse-a-louer-cite-keur-gorgui-6596736,1,740577.7777777778
expat,Studio à louer,250000.0,Autre,1.0,1.0,60.0,0.0,0.0,0.0,https://www.expat-dakar.com/annonce/studio-a-louer-6596662,1,639511.9856115108
expat,Ref_2910_GL  Appartement  à louer à la Cité Keur Gorgui,1865100.0,Cité keur gorgui,3.0,3.0,140.0,0.0,0.0,0.0,https://www.expat-dakar.com/annonce/ref-2910-gl-appartement-a-louer-a-la-cite-keur-gorgui-6596735,1,740577.7777777778
expat,Appartement 2 chambres a Sicap Foire,250000.0,Sicap foire,2.0,2.0,100.0,0.0,0.0,0.0,https://www.expat-dakar.com/annonce/appartement-2-chambres-a-sicap-foire-6569698,1,412647.0588235294
expat,Appartement à Liberté 5,450000.0,Autre,3.0,3.0,140.0,0.0,0.0,0.0,https://www.expat-dakar.com/annonce/appartement-a-liberte-5-6523110,1,639511.9856115108
expat,Appartement Fann Résidence,2072000.0,Fenêtre mermoz,3.0,3.0,140.0,0.0,0.0,0.0,https://www.expat-dakar.com/annonce/appartement-fann-residence-6596599,1,1814315.7894736843
expat,Appartement à louer,800000.0,Mermoz,3.0,3.0,140.0,0.0,0.0,0.0,https://www.expat-dakar.com/annonce/appartement-a-louer-6593024,1,1032668.5082872928
expat,Appartement à louer au point e,1200000.0,Point e,3.0,3.0,140.0,0.0,0.0,0.0,https://www.expat-dakar.com/annonce/appartement-a-louer-au-point-e-6596414,1,1134739.1304347827
expat,Appartement f3 à louer aux almadie,1400000.0,Almadies,2.0,2.0,100.0,0.0,0.0,0.0,https://www.expat-dakar.com/annonce/appartement-f3-a-louer-aux-almadie-6585848,1,1074463.5443349753
expat,Apppartement à louer à Grand Mbao,150000.0,Mbao,2.0,2.0,100.0,0.0,0.0,0.0,https://www.expat-dakar.com/annonce/apppartement-a-louer-a-grand-mbao-6596300,1,247775.0
expat,Appartement à louer à Ratoma,1500000.0,Autre,3.0,3.0,140.0,0.0,0.0,0.0,https://www.expat-dakar.com/annonce/appartement-a-louer-a-ratoma-6596178,1,639511.9856115108
expat,Superbe appartement de type F4 à louer,1300000.0,Ouakam,3.0,3.0,140.0,0.0,0.0,0.0,https://www.expat-dakar.com/annonce/superbe-appartement-de-type-f4-a-louer-6596186,1,740800.0
expat,F3  À OUAKAM MONUMENT,230000.0,Ouakam,2.0,2.0,100.0,0.0,0.0,0.0,https://www.expat-dakar.com/annonce/f3-a-ouakam-monument-6596023,1,740800.0
expat,Superbe appartement de type F4 à louer,1100000.0,Almadies,3.0,3.0,140.0,0.0,0.0,0.0,https://www.expat-dakar.com/annonce/superbe-appartement-de-type-f4-a-louer-6495026,1,1074463.5443349753
expat,Appartement de 4chambres salon à Louer à Mamelles,500000.0,Mamelles,4.0,4.0,180.0,0.0,0.0,0.0,https://www.expat-dakar.com/annonce/appartement-de-4chambres-salon-a-louer-a-mamelles-6595821,1,622633.1707317074
expat,Appartement F4 tout neuf HS à louer à Dieupeul (Bourguiba),550000.0,Autre,3.0,3.0,140.0,0.0,0.0,1.0,https://www.expat-dakar.com/annonce/appartement-f4-tout-neuf-hs-a-louer-a-dieupeul-bourguiba-6562801,1,639511.9856115108
expat,Appartement 2 chambres salon à grand yoff,200000.0,Grand Yoff,2.0,2.0,100.0,0.0,0.0,0.0,https://www.expat-dakar.com/annonce/appartement-2-chambres-salon-a-grand-yoff-6304351,1,238000.0
expat,Bel appartement à louer aux Mamelles,850000.0,Mamelles,3.0,3.0,140.0,0.0,0.0,0.0,https://www.expat-dakar.com/annonce/bel-appartement-a-louer-aux-mamelles-6570687,1,622633.1707317074
expat,Magnifique Appartement F4 à louer au point E,1300000.0,Point e,3.0,3.0,140.0,0.0,0.0,0.0,https://www.expat-dakar.com/annonce/magnifique-appartement-f4-a-louer-au-point-e-6552925,1,1134739.1304347827
expat,Appartement F3 neuf à louer au point E,800000.0,Point e,2.0,2.0,100.0,0.0,0.0,1.0,https://www.expat-dakar.com/annonce/appartement-f3-neuf-a-louer-au-point-e-6555975,1,1134739.1304347827
expat,F4 À LOUER,300000.0,Parcelles Assainies,3.0,3.0,140.0,0.0,0.0,0.0,https://www.expat-dakar.com/annonce/f4-a-louer-6594997,1,220357.14285714287
expat,Studio a louer  Rufisque  cité Sipres,110000.0,Rufisque,1.0,1.0,60.0,0.0,0.0,0.0,https://www.expat-dakar.com/annonce/studio-a-louer-rufisque-cite-sipres-6594893,1,299583.3333333333
expat,Appartement Sipres Al Azhar Rufisque,225000.0,Rufisque,3.0,3.0,140.0,0.0,0.0,0.0,https://www.expat-dakar.com/annonce/appartement-sipres-al-azhar-rufisque-6594888,1,299583.3333333333
expat,Deux chambres à louer par mois,550000.0,VDN,2.0,2.0,100.0,0.0,0.0,0.0,https://www.expat-dakar.com/annonce/deux-chambres-a-louer-par-mois-6594340,1,604847.2222222222
expat,Duplex à louer – Almadies | Résidence JASMIN,3000000.0,Almadies,5.0,5.0,220.0,0.0,0.0,0.0,https://www.expat-dakar.com/annonce/duplex-a-louer-almadies-residence-jasmin-6563644,1,1074463.5443349753
expat,Appartement F4 à louer aux Parcelles Assainies U26,275000.0,Parcelles Assainies,3.0,3.0,140.0,0.0,0.0,0.0,https://www.expat-dakar.com/annonce/appartement-f4-a-louer-aux-parcelles-assainies-u26-6594539,1,220357.14285714287
expat,Appt F5 à louer,1000000.0,Almadies,4.0,4.0,180.0,0.0,0.0,0.0,https://www.expat-dakar.com/annonce/appt-f5-a-louer-6530464,1,1074463.5443349753
expat,appartement f4 à louer fann hock,1500000.0,Fann Hock,3.0,3.0,140.0,0.0,0.0,0.0,https://www.expat-dakar.com/annonce/appartement-f4-a-louer-fann-hock-6594488,1,1711111.111111111
expat,Magnifique appartement de type F3 à louer,350000.0,Mamelles,2.0,2.0,100.0,0.0,0.0,0.0,https://www.expat-dakar.com/annonce/magnifique-appartement-de-type-f3-a-louer-6438440,1,622633.1707317074
expat,Somptueux appartements vue sur mer à louer,1500000.0,Almadies,3.0,3.0,140.0,0.0,1.0,0.0,https://www.expat-dakar.com/annonce/somptueux-appartements-vue-sur-mer-a-louer-6347970,1,1074463.5443349753
expat,Superbe appartement de type F3 à louer,600000.0,Cité keur gorgui,2.0,2.0,100.0,0.0,0.0,0.0,https://www.expat-dakar.com/annonce/superbe-appartement-de-type-f3-a-louer-6547118,1,740577.7777777778
expat,Appartement à louer à la CITE KEUR GORGUI,375000.0,Cité keur gorgui,2.0,2.0,100.0,0.0,0.0,0.0,https://www.expat-dakar.com/annonce/appartement-a-louer-a-la-cite-keur-gorgui-6523870,1,740577.7777777778
expat,APPARTEMENT F4 À LOUER – ALMADIES RECASEMENT,500000.0,Almadies,3.0,3.0,140.0,0.0,0.0,0.0,https://www.expat-dakar.com/annonce/appartement-f4-a-louer-almadies-recasement-6585895,1,1074463.5443349753
expat,Appartements F4 à louer sur la corniche des Almadies,1000000.0,Almadies,3.0,3.0,140.0,0.0,0.0,0.0,https://www.expat-dakar.com/annonce/appartements-f4-a-louer-sur-la-corniche-des-almadies-6594244,1,1074463.5443349753
expat,Appartement vue sur mer haut plateau,3500000.0,Plateau,3.0,3.0,140.0,0.0,1.0,0.0,https://www.expat-dakar.com/annonce/appartement-vue-sur-mer-haut-plateau-6433276,1,1921323.5294117648
expat,Magnifique Appartement Duplex au almadies,300000.0,Almadies,2.0,2.0,100.0,0.0,0.0,0.0,https://www.expat-dakar.com/annonce/magnifique-appartement-duplex-au-almadies-6500789,1,1074463.5443349753
expat,Apparement à louer Ngor,2000000.0,Ngor,3.0,3.0,140.0,0.0,0.0,0.0,https://www.expat-dakar.com/annonce/apparement-a-louer-ngor-6494350,1,799681.1320754717
expat,Appartement F4 duplex aux Almadies,1300000.0,Almadies,3.0,3.0,140.0,0.0,0.0,0.0,https://www.expat-dakar.com/annonce/appartement-f4-duplex-aux-almadies-6593574,1,1074463.5443349753
expat,Appartement  à Keur Mbaye Fall,200000.0,Zac Mbao,3.0,3.0,140.0,0.0,0.0,0.0,https://www.expat-dakar.com/annonce/appartement-a-keur-mbaye-fall-6592915,1,185714.2857142857
expat,Splendide Appartement type F4 à louer -Confort et modernité,450000.0,Zone de captage,3.0,3.0,140.0,0.0,0.0,0.0,https://www.expat-dakar.com/annonce/splendide-appartement-type-f4-a-louer-confort-et-modernite-6209826,1,421428.5714285714
expat,Appartement vue sur mer,1000000.0,Virage,3.0,3.0,140.0,0.0,1.0,0.0,https://www.expat-dakar.com/annonce/appartement-vue-sur-mer-6514626,1,1043505.8823529412
expat,Studio à louer - Mermoz (Cité Batrain),225000.0,Mermoz,1.0,1.0,60.0,0.0,0.0,0.0,https://www.expat-dakar.com/annonce/studio-a-louer-mermoz-cite-batrain-6587223,1,1032668.5082872928
expat,APPARTEMENT F4 NEUF HAUT STANDING POINT E,1200000.0,Point e,3.0,3.0,140.0,0.0,0.0,1.0,https://www.expat-dakar.com/annonce/appartement-f4-neuf-haut-standing-point-e-6549440,1,1134739.1304347827
expat,Bel appartement F2 Cité Sonatel Zac Mbao,200000.0,Zac Mbao,2.0,2.0,100.0,0.0,0.0,0.0,https://www.expat-dakar.com/annonce/bel-appartement-f2-cite-sonatel-zac-mbao-6557241,1,185714.2857142857
expat,Très joli appartement à louer au Point E,800000.0,Point e,3.0,3.0,140.0,0.0,0.0,0.0,https://www.expat-dakar.com/annonce/tres-joli-appartement-a-louer-au-point-e-6542027,1,1134739.1304347827
expat,Tres joli appartement à SOTRAC Mermoz,650000.0,Mermoz,3.0,3.0,140.0,0.0,0.0,0.0,https://www.expat-dakar.com/annonce/tres-joli-appartement-a-sotrac-mermoz-6555989,1,1032668.5082872928
expat,Magnifique appartment F4 à SOTRAC MERMOZ,1000000.0,Mermoz,3.0,3.0,140.0,0.0,0.0,0.0,https://www.expat-dakar.com/annonce/magnifique-appartment-f4-a-sotrac-mermoz-6555998,1,1032668.5082872928
expat,APPARTEMENT F4 VUE MER Almadies,800000.0,Almadies,3.0,3.0,140.0,0.0,1.0,0.0,https://www.expat-dakar.com/annonce/appartement-f4-vue-mer-almadies-6446989,1,1074463.5443349753
expat,Appartement moderne style américain,310000.0,Ngor,2.0,2.0,100.0,0.0,0.0,0.0,https://www.expat-dakar.com/annonce/appartement-moderne-style-americain-6586632,1,799681.1320754717
expat,APPARTEMENT,400000.0,Ngor,2.0,2.0,100.0,0.0,0.0,0.0,https://www.expat-dakar.com/annonce/appartement-6592330,1,799681.1320754717
expat,grand appartement standing à louer,1300000.0,Point e,3.0,3.0,140.0,0.0,0.0,1.0,https://www.expat-dakar.com/annonce/grand-appartement-standing-a-louer-6532094,1,1134739.1304347827
expat,"très belle ,appartement f4 à louer almadie",1799999.0,Almadies,3.0,3.0,140.0,0.0,0.0,0.0,https://www.expat-dakar.com/annonce/tres-belle-appartement-f4-a-louer-almadie-6574007,1,1074463.5443349753
expat,appartement f4 à louer almadies,600000.0,Almadies,3.0,3.0,140.0,0.0,0.0,0.0,https://www.expat-dakar.com/annonce/appartement-f4-a-louer-almadies-6574212,1,1074463.5443349753
expat,Appartements F3 à louer,260000.0,Ouakam,3.0,3.0,140.0,0.0,0.0,0.0,https://www.expat-dakar.com/annonce/appartements-f3-a-louer-6592154,1,740800.0
expat,Appartement F4 à louer – Point E,850000.0,Point e,3.0,3.0,140.0,0.0,0.0,0.0,https://www.expat-dakar.com/annonce/appartement-f4-a-louer-point-e-6549217,1,1134739.1304347827
expat,Appartement et magasin commercial à louer,399998.0,Autre,3.0,3.0,140.0,0.0,0.0,0.0,https://www.expat-dakar.com/annonce/appartement-et-magasin-commercial-a-louer-6591977,1,639511.9856115108
expat,Appartement avec vue sur mer a Mermoz,2600000.0,Mermoz,3.0,3.0,140.0,0.0,1.0,0.0,https://www.expat-dakar.com/annonce/appartement-avec-vue-sur-mer-a-mermoz-6592149,1,1032668.5082872928
expat,Appartement a louer aux Mamelles,550000.0,Mamelles,3.0,3.0,140.0,0.0,0.0,0.0,https://www.expat-dakar.com/annonce/appartement-a-louer-aux-mamelles-6592137,1,622633.1707317074
expat,Appartement Grand Standing à louer à Mermoz Pyrotechnique,900000.0,Mermoz,3.0,3.0,140.0,0.0,0.0,1.0,https://www.expat-dakar.com/annonce/appartement-grand-standing-a-louer-a-mermoz-pyrotechnique-6534340,1,1032668.5082872928
expat,Mermoz appartement 3 chambres,1200000.0,Mermoz,3.0,3.0,140.0,0.0,0.0,0.0,https://www.expat-dakar.com/annonce/mermoz-appartement-3-chambres-6592007,1,1032668.5082872928
expat,Appartement à louer aux Almadies sur la corniche,2000000.0,Almadies,4.0,4.0,180.0,0.0,0.0,0.0,https://www.expat-dakar.com/annonce/appartement-a-louer-aux-almadies-sur-la-corniche-6580215,1,1074463.5443349753
expat,Appartement F4 à louer à Yoff Onomo,500000.0,Yoff,3.0,3.0,140.0,0.0,0.0,0.0,https://www.expat-dakar.com/annonce/appartement-f4-a-louer-a-yoff-onomo-6579448,1,528798.4732824428
expat,🏡 Appartement 5 Chambres à Louer – Thiès,300000.0,Thiès,5.0,5.0,220.0,0.0,0.0,0.0,https://www.expat-dakar.com/annonce/appartement-5-chambres-a-louer-thies-6569945,1,260625.0
expat,🏡 Appartement 4 Chambres à Louer – Thiès,285000.0,Thiès,4.0,4.0,180.0,0.0,0.0,0.0,https://www.expat-dakar.com/annonce/appartement-4-chambres-a-louer-thies-6569940,1,260625.0
expat,Appartement F3 neuf à louer gare TER Dalifort,225000.0,Autre,2.0,2.0,100.0,0.0,0.0,1.0,https://www.expat-dakar.com/annonce/appartement-f3-neuf-a-louer-gare-ter-dalifort-6591704,1,639511.9856115108
expat,Appartement à louer aux mamelles,550000.0,Mamelles,3.0,3.0,140.0,0.0,0.0,0.0,https://www.expat-dakar.com/annonce/appartement-a-louer-aux-mamelles-6502172,1,622633.1707317074
expat,Appartement à louer aux almadies F4,850000.0,Almadies,3.0,3.0,140.0,0.0,0.0,0.0,https://www.expat-dakar.com/annonce/appartement-a-louer-aux-almadies-f4-6471457,1,1074463.5443349753
expat,Des appartements à louer à Mermoz,850000.0,Mermoz,3.0,3.0,140.0,0.0,0.0,0.0,https://www.expat-dakar.com/annonce/des-appartements-a-louer-a-mermoz-6563486,1,1032668.5082872928
expat,Mini studio à louer à Fass,175000.0,Fass,1.0,1.0,60.0,0.0,0.0,0.0,https://www.expat-dakar.com/annonce/mini-studio-a-louer-a-fass-6590698,1,274285.71428571426
expat,Appartement à louer au Point E,750000.0,Point e,3.0,3.0,140.0,0.0,0.0,0.0,https://www.expat-dakar.com/annonce/appartement-a-louer-au-point-e-6590838,1,1134739.1304347827
expat,Appartement F3 à  louer à la cite isra,400000.0,Hann marinas,3.0,3.0,140.0,0.0,0.0,0.0,https://www.expat-dakar.com/annonce/appartement-f3-a-louer-a-la-cite-isra-6590242,1,487500.0
expat,Appartement à louer,350000.0,Autre,2.0,2.0,100.0,0.0,0.0,0.0,https://www.expat-dakar.com/annonce/appartement-a-louer-6590818,1,639511.9856115108
expat,APPARTEMENT A LOUER A ZAC MBAO CITE SONATEL,140000.0,Zac Mbao,2.0,2.0,100.0,0.0,0.0,0.0,https://www.expat-dakar.com/annonce/appartement-a-louer-a-zac-mbao-cite-sonatel-6454453,1,185714.2857142857
expat,Appartement à louer,650000.0,Hlm,4.0,4.0,180.0,0.0,0.0,0.0,https://www.expat-dakar.com/annonce/appartement-a-louer-6590591,1,303214.28571428574
expat,Très bel appartement aux Almadies,1000000.0,Almadies,3.0,3.0,140.0,0.0,0.0,0.0,https://www.expat-dakar.com/annonce/tres-bel-appartement-aux-almadies-6590132,1,1074463.5443349753
expat,Duplex fan pied dans l’eau 3 chambre à  louer vue mer,2500000.0,Fann,3.0,3.0,140.0,0.0,1.0,0.0,https://www.expat-dakar.com/annonce/duplex-fan-pied-dans-leau-3-chambre-a-louer-vue-mer-6589570,1,2078164.430379747
expat,APPARTEMENTS A LOUER,650000.0,Almadies,3.0,3.0,140.0,0.0,0.0,0.0,https://www.expat-dakar.com/annonce/appartements-a-louer-6573806,1,1074463.5443349753
expat,Corniche appartement vide à louer 3 chambres,2000000.0,Fann,3.0,3.0,140.0,0.0,0.0,0.0,https://www.expat-dakar.com/annonce/corniche-appartement-vide-a-louer-3-chambres-6589404,1,2078164.430379747
expat,Appartement F6 corniche des Mamelles,2000000.0,Corniche,4.0,4.0,180.0,0.0,0.0,0.0,https://www.expat-dakar.com/annonce/appartement-f6-corniche-des-mamelles-6539428,1,1858333.3333333333
expat,Magnifique appartement de type F4 à louer,500000.0,Liberte 6 extension,3.0,3.0,140.0,0.0,0.0,0.0,https://www.expat-dakar.com/annonce/magnifique-appartement-de-type-f4-a-louer-6570786,1,508500.0
expat,Appartement neuf à louer à Amitié 3 VDN,850000.0,Amitié,3.0,3.0,140.0,0.0,0.0,1.0,https://www.expat-dakar.com/annonce/appartement-neuf-a-louer-a-amitie-3-vdn-6571426,1,572500.0
expat,Appartement  vide à louer aux Almadies,1500000.0,Almadies,3.0,3.0,140.0,0.0,0.0,0.0,https://www.expat-dakar.com/annonce/appartement-vide-a-louer-aux-almadies-6589194,1,1074463.5443349753
expat,Villa à louer à la cite ISRA HAN MARINAS,1000000.0,Point e,3.0,3.0,140.0,0.0,0.0,0.0,https://www.expat-dakar.com/annonce/villa-a-louer-a-la-cite-isra-han-marinas-6362813,1,1134739.1304347827
expat,Ref_2907_GL  Appartements à louer au Point E,1500000.0,Point e,3.0,3.0,140.0,0.0,0.0,0.0,https://www.expat-dakar.com/annonce/ref-2907-gl-appartements-a-louer-au-point-e-6589002,1,1134739.1304347827
expat,Appartements  à Keur Massar,150000.0,Hlm,2.0,2.0,100.0,0.0,0.0,0.0,https://www.expat-dakar.com/annonce/appartements-a-keur-massar-6563855,1,303214.28571428574
expat,SHOWROOM A LOUER LA VND,1659000.0,VDN,3.0,3.0,140.0,0.0,0.0,0.0,https://www.expat-dakar.com/annonce/showroom-a-louer-la-vnd-6430647,1,604847.2222222222
expat,Appartement F4 à louer à la Cité Biagui,900000.0,Virage,3.0,3.0,140.0,0.0,0.0,0.0,https://www.expat-dakar.com/annonce/appartement-f4-a-louer-a-la-cite-biagui-6485033,1,1043505.8823529412
expat,À louer – Superbe appartement F3 vue / mer à Yoff Océan,675000.0,Yoff,2.0,2.0,100.0,0.0,0.0,0.0,https://www.expat-dakar.com/annonce/a-louer-superbe-appartement-f3-vue-mer-a-yoff-ocean-6512324,1,528798.4732824428
expat,4 chambres salon à louer aux plateau corniche,2700000.0,Plateau,4.0,4.0,180.0,0.0,0.0,0.0,https://www.expat-dakar.com/annonce/4-chambres-salon-a-louer-aux-plateau-corniche-6588121,1,1921323.5294117648
expat,Corniche plateau 4 chambres à louer vue mer,4000000.0,Plateau,4.0,4.0,180.0,0.0,1.0,0.0,https://www.expat-dakar.com/annonce/corniche-plateau-4-chambres-a-louer-vue-mer-6325151,1,1921323.5294117648
expat,Corniche fan résidence 3 chambres salon vue mer,3250000.0,Fann,3.0,3.0,140.0,0.0,1.0,0.0,https://www.expat-dakar.com/annonce/corniche-fan-residence-3-chambres-salon-vue-mer-6105309,1,2078164.430379747
expat,Chic appartement à Biagui,375000.0,Virage,2.0,2.0,100.0,0.0,0.0,0.0,https://www.expat-dakar.com/annonce/chic-appartement-a-biagui-6492731,1,1043505.8823529412
expat,Appartement F4 à louer à Fann Résidence,1200000.0,Fann,3.0,3.0,140.0,0.0,0.0,0.0,https://www.expat-dakar.com/annonce/appartement-f4-a-louer-a-fann-residence-6587984,1,2078164.430379747
expat,Grand appart f3 à la médina pour bureau ou habitation,320000.0,Autre,2.0,2.0,100.0,0.0,0.0,0.0,https://www.expat-dakar.com/annonce/grand-appart-f3-a-la-medina-pour-bureau-ou-habitation-6587555,1,639511.9856115108
expat,Appartement F4 Sipres foire,380000.0,Sicap foire,3.0,3.0,140.0,0.0,0.0,0.0,https://www.expat-dakar.com/annonce/appartement-f4-sipres-foire-6587511,1,412647.0588235294
expat,Appartement F4 à louer à la cite africa,1000000.0,Point e,3.0,3.0,140.0,0.0,0.0,0.0,https://www.expat-dakar.com/annonce/appartement-f4-a-louer-a-la-cite-africa-6525700,1,1134739.1304347827
expat,F6 en Triplex corniche Ouakam,1300000.0,Ouakam,4.0,4.0,180.0,0.0,0.0,0.0,https://www.expat-dakar.com/annonce/f6-en-triplex-corniche-ouakam-6376895,1,740800.0
expat,Appartement F4 aux Maristes 1 derrière Auchan Dalifort,400000.0,Hann maristes,3.0,3.0,140.0,0.0,0.0,0.0,https://www.expat-dakar.com/annonce/appartement-f4-aux-maristes-1-derriere-auchan-dalifort-6587384,1,354151.724137931
expat,Appartement duplex vue mer waterfront,3000000.0,Mermoz,3.0,3.0,140.0,0.0,1.0,0.0,https://www.expat-dakar.com/annonce/appartement-duplex-vue-mer-waterfront-6564577,1,1032668.5082872928
expat,Appartement Mermoz,700000.0,Mermoz,3.0,3.0,140.0,0.0,0.0,0.0,https://www.expat-dakar.com/annonce/appartement-mermoz-6568460,1,1032668.5082872928
expat,Joli apt F4 aux Almadies,850000.0,Almadies,3.0,3.0,140.0,0.0,0.0,0.0,https://www.expat-dakar.com/annonce/joli-apt-f4-aux-almadies-6530591,1,1074463.5443349753
expat,Appartement F4 à louer à Sacre coeur 3 sur la vdn,900000.0,VDN,3.0,3.0,140.0,0.0,0.0,0.0,https://www.expat-dakar.com/annonce/appartement-f4-a-louer-a-sacre-coeur-3-sur-la-vdn-6545824,1,604847.2222222222
expat,Appartement a louer,250000.0,Hann maristes,2.0,2.0,100.0,0.0,0.0,0.0,https://www.expat-dakar.com/annonce/appartement-a-louer-6586700,1,354151.724137931
expat,Appartement a louer,350000.0,Autre,2.0,2.0,100.0,0.0,0.0,0.0,https://www.expat-dakar.com/annonce/appartement-a-louer-6586699,1,639511.9856115108
expat,Appartement à louer au Point E,850000.0,Point e,3.0,3.0,140.0,0.0,0.0,0.0,https://www.expat-dakar.com/annonce/appartement-a-louer-au-point-e-6586458,1,1134739.1304347827
expat,APPARTEMENT/STUDIO A LOUER U.20 AU PREMIER ETAGE,225000.0,Parcelles Assainies,3.0,3.0,140.0,0.0,0.0,0.0,https://www.expat-dakar.com/annonce/appartementstudio-a-louer-u20-au-premier-etage-6586088,1,220357.14285714287
expat,Appartements à louer au Point E,700000.0,Point e,4.0,4.0,180.0,0.0,0.0,0.0,https://www.expat-dakar.com/annonce/appartements-a-louer-au-point-e-6586456,1,1134739.1304347827
expat,Magnifique duplex à louer aux Almadies,2000000.0,Almadies,4.0,4.0,180.0,0.0,0.0,0.0,https://www.expat-dakar.com/annonce/magnifique-duplex-a-louer-aux-almadies-6302179,1,1074463.5443349753
expat,Appartement à Fann Mermoz avec piscine,2000000.0,Mermoz,3.0,3.0,140.0,0.0,0.0,0.0,https://www.expat-dakar.com/annonce/appartement-a-fann-mermoz-avec-piscine-6303731,1,1032668.5082872928
expat,Duplex F4 Waterfront Corniche,2500000.0,Fann,3.0,3.0,140.0,0.0,0.0,0.0,https://www.expat-dakar.com/annonce/duplex-f4-waterfront-corniche-6586283,1,2078164.430379747
expat,Appartement a louer aux Almadies avec vue sur mer piscine,2000000.0,Almadies,5.0,5.0,220.0,0.0,1.0,0.0,https://www.expat-dakar.com/annonce/appartement-a-louer-aux-almadies-avec-vue-sur-mer-piscine-6302199,1,1074463.5443349753
expat,Magnifique duplex à louer aux Almadies avec vue sur mer,1500000.0,Almadies,3.0,3.0,140.0,0.0,1.0,0.0,https://www.expat-dakar.com/annonce/magnifique-duplex-a-louer-aux-almadies-avec-vue-sur-mer-6302189,1,1074463.5443349753
expat,Appartement à Louer à Kounoune,150000.0,Autre,2.0,2.0,100.0,0.0,0.0,0.0,https://www.expat-dakar.com/annonce/appartement-a-louer-a-kounoune-6586067,1,639511.9856115108
expat,Très grand F3 Dakar Plateau Corniche Est Gorée View,1800000.0,Plateau,2.0,2.0,100.0,0.0,0.0,0.0,https://www.expat-dakar.com/annonce/tres-grand-f3-dakar-plateau-corniche-est-goree-view-6067433,1,1921323.5294117648
expat,Stuio à louer - recasement,300000.0,Almadies,1.0,1.0,60.0,0.0,0.0,0.0,https://www.expat-dakar.com/annonce/stuio-a-louer-recasement-6585928,1,1074463.5443349753
expat,Appartement à louer à Mermoz,1700000.0,Mermoz,3.0,3.0,140.0,0.0,0.0,0.0,https://www.expat-dakar.com/annonce/appartement-a-louer-a-mermoz-6585925,1,1032668.5082872928
expat,APPARTEMENT F4 À LOUER AU ALMADIES RECASEMENT 1,450000.0,Almadies,3.0,3.0,140.0,0.0,0.0,0.0,https://www.expat-dakar.com/annonce/appartement-f4-a-louer-au-almadies-recasement-1-6585836,1,1074463.5443349753
expat,Appartement spacieux à la Cité Keur Damel,350000.0,Autre,3.0,3.0,140.0,0.0,0.0,0.0,https://www.expat-dakar.com/annonce/appartement-spacieux-a-la-cite-keur-damel-6585833,1,639511.9856115108
expat,Appartement F4 - vue mer panoramique au Mamelles,1300000.0,Mamelles,4.0,4.0,180.0,0.0,1.0,0.0,https://www.expat-dakar.com/annonce/appartement-f4-vue-mer-panoramique-au-mamelles-6584948,1,622633.1707317074
expat,Appartement à louer almadies,900000.0,Almadies,3.0,3.0,140.0,0.0,0.0,0.0,https://www.expat-dakar.com/annonce/appartement-a-louer-almadies-5825808,1,1074463.5443349753
expat,Duplex 3 chambres salon à louer Mermoz,900000.0,Mermoz,3.0,3.0,140.0,0.0,0.0,0.0,https://www.expat-dakar.com/annonce/duplex-3-chambres-salon-a-louer-mermoz-6581346,1,1032668.5082872928
expat,Appartement à louer à Ngor almadies,500000.0,Almadies,2.0,2.0,100.0,0.0,0.0,0.0,https://www.expat-dakar.com/annonce/appartement-a-louer-a-ngor-almadies-6537533,1,1074463.5443349753
expat,Grand appartement Almadies,850000.0,Ouakam,3.0,3.0,140.0,0.0,0.0,0.0,https://www.expat-dakar.com/annonce/grand-appartement-almadies-6439895,1,740800.0
expat,À Louer – Appartement F3 avec Vue sur Mer aux Almadies,1400000.0,Almadies,2.0,2.0,100.0,0.0,1.0,0.0,https://www.expat-dakar.com/annonce/a-louer-appartement-f3-avec-vue-sur-mer-aux-almadies-6428001,1,1074463.5443349753
expat,Studio non meublé à louer à la cité mbackiyou faye,350000.0,Mamelles,1.0,1.0,60.0,1.0,0.0,0.0,https://www.expat-dakar.com/annonce/studio-non-meuble-a-louer-a-la-cite-mbackiyou-faye-6515415,1,622633.1707317074
expat,F4 À LOUER,500000.0,Cité biagui,3.0,3.0,140.0,0.0,0.0,0.0,https://www.expat-dakar.com/annonce/f4-a-louer-6584529,1,550000.0
expat,Appartement F3 à louer – Ngor Recasement,500000.0,Ngor,2.0,2.0,100.0,0.0,0.0,0.0,https://www.expat-dakar.com/annonce/appartement-f3-a-louer-ngor-recasement-6584459,1,799681.1320754717
expat,Appartement de 3 chambres - HAUT STANDING - FANN CORNICHE,1800000.0,Fann,3.0,3.0,140.0,0.0,0.0,1.0,https://www.expat-dakar.com/annonce/appartement-de-3-chambres-haut-standing-fann-corniche-5300506,1,2078164.430379747
expat,Appartement F3 à louer,300000.0,Guediawaye,2.0,2.0,100.0,0.0,0.0,0.0,https://www.expat-dakar.com/annonce/appartement-f3-a-louer-6584040,1,261000.0
expat,Des Apparts F4 Liberté 6 ext.,475000.0,Liberte 6 extension,3.0,3.0,140.0,0.0,0.0,0.0,https://www.expat-dakar.com/annonce/des-apparts-f4-liberte-6-ext-6566774,1,508500.0
expat,STUDIO A LOUER,175000.0,Hann maristes,1.0,1.0,60.0,0.0,0.0,0.0,https://www.expat-dakar.com/annonce/studio-a-louer-6583654,1,354151.724137931
expat,Ref_2906_PL Appartement à louer à Mermoz - Waterfront,2700000.0,Mermoz,3.0,3.0,140.0,0.0,0.0,0.0,https://www.expat-dakar.com/annonce/ref-2906-pl-appartement-a-louer-a-mermoz-waterfront-6583555,1,1032668.5082872928
expat,Appartement corniche fann Residences,2700000.0,Fann,4.0,4.0,180.0,0.0,0.0,0.0,https://www.expat-dakar.com/annonce/appartement-corniche-fann-residences-5864021,1,2078164.430379747
expat,Duplex vu sur mer louer à fan résidence 3 chambre,2500000.0,Fann,3.0,3.0,140.0,0.0,0.0,0.0,https://www.expat-dakar.com/annonce/duplex-vu-sur-mer-louer-a-fan-residence-3-chambre-6549222,1,2078164.430379747
expat,Appartement F4 à louer au Plateau,1700000.0,Plateau,3.0,3.0,140.0,0.0,0.0,0.0,https://www.expat-dakar.com/annonce/appartement-f4-a-louer-au-plateau-6583513,1,1921323.5294117648
expat,ALMADIES DERRIÈRE GONDOLE ~PAS LOIN DU ROND-POINT,550000.0,Almadies,3.0,3.0,140.0,0.0,0.0,0.0,https://www.expat-dakar.com/annonce/almadies-derriere-gondole-pas-loin-du-rond-point-6572775,1,1074463.5443349753
expat,APPARTEMENT A LOUER A DAKAR,1700000.0,Autre,4.0,4.0,180.0,0.0,0.0,0.0,https://www.expat-dakar.com/annonce/appartement-a-louer-a-dakar-6377756,1,639511.9856115108
expat,Appartement A louer Aux Almadies,1000000.0,Almadies,3.0,3.0,140.0,0.0,0.0,0.0,https://www.expat-dakar.com/annonce/appartement-a-louer-aux-almadies-6579754,1,1074463.5443349753
expat,Appartement à louer à Ngor Almadies,800000.0,Almadies,3.0,3.0,140.0,0.0,0.0,0.0,https://www.expat-dakar.com/annonce/appartement-a-louer-a-ngor-almadies-6465043,1,1074463.5443349753
expat,Appartement F4 à louer aux Mamelles,800000.0,Mamelles,3.0,3.0,140.0,0.0,0.0,0.0,https://www.expat-dakar.com/annonce/appartement-f4-a-louer-aux-mamelles-6472284,1,622633.1707317074
expat,Appartement F4 à louer à la cité Djily Mbaye,325000.0,Autre,3.0,3.0,140.0,0.0,0.0,0.0,https://www.expat-dakar.com/annonce/appartement-f4-a-louer-a-la-cite-djily-mbaye-6544473,1,639511.9856115108
expat,Appartement F4 à louer à Mermoz,800000.0,Mermoz,3.0,3.0,140.0,0.0,0.0,0.0,https://www.expat-dakar.com/annonce/appartement-f4-a-louer-a-mermoz-6464987,1,1032668.5082872928
expat,Standing appartement a point e,800000.0,Point e,3.0,3.0,140.0,0.0,0.0,1.0,https://www.expat-dakar.com/annonce/standing-appartement-a-point-e-6581797,1,1134739.1304347827
expat,À LOUER au niveau des Maristes,300000.0,Hann maristes,2.0,2.0,100.0,0.0,0.0,0.0,https://www.expat-dakar.com/annonce/a-louer-au-niveau-des-maristes-6582933,1,354151.724137931
expat,À LOUER au niveau des Maristes,275000.0,Hann maristes,2.0,2.0,100.0,0.0,0.0,0.0,https://www.expat-dakar.com/annonce/a-louer-au-niveau-des-maristes-6582912,1,354151.724137931
expat,À LOUER au niveau des Maristes école japonaise,175000.0,Hann maristes,1.0,1.0,60.0,0.0,0.0,0.0,https://www.expat-dakar.com/annonce/a-louer-au-niveau-des-maristes-ecole-japonaise-6582888,1,354151.724137931
expat,Ref_2783_PL  Appartement à louer à Fann Résidence,1000000.0,Fann,3.0,3.0,140.0,0.0,0.0,0.0,https://www.expat-dakar.com/annonce/ref-2783-pl-appartement-a-louer-a-fann-residence-6579897,1,2078164.430379747
expat,Appt F4 à louer à la cité Keur Gorgui,550000.0,Cité keur gorgui,3.0,3.0,140.0,0.0,0.0,0.0,https://www.expat-dakar.com/annonce/appt-f4-a-louer-a-la-cite-keur-gorgui-6498575,1,740577.7777777778
expat,CORNICHE OUEST : Appartement à louer 4 chambres,3000000.0,Corniche,4.0,4.0,180.0,0.0,0.0,0.0,https://www.expat-dakar.com/annonce/corniche-ouest-appartement-a-louer-4-chambres-6559606,1,1858333.3333333333
expat,APPARTEMENT F3 À LOUER SUR LA CORNICHE DES MAMELLES,450000.0,Mamelles,2.0,2.0,100.0,0.0,0.0,0.0,https://www.expat-dakar.com/annonce/appartement-f3-a-louer-sur-la-corniche-des-mamelles-6582652,1,622633.1707317074
expat,APPARTEMENT F3 A LOUER À YOFF (HANGAR DES PELERINS),300000.0,Yoff,2.0,2.0,100.0,0.0,0.0,0.0,https://www.expat-dakar.com/annonce/appartement-f3-a-louer-a-yoff-hangar-des-pelerins-6582636,1,528798.4732824428
expat,Appartement 3 chambes salon derrière Onomo (150m2),650000.0,Yoff,3.0,3.0,140.0,0.0,0.0,0.0,https://www.expat-dakar.com/annonce/appartement-3-chambes-salon-derriere-onomo-150m2-6376560,1,528798.4732824428
expat,Duplex F4 Corniche Mermoz,2000000.0,Fenêtre mermoz,3.0,3.0,140.0,0.0,0.0,0.0,https://www.expat-dakar.com/annonce/duplex-f4-corniche-mermoz-6105019,1,1814315.7894736843
expat,Appartements à louer à la Sicap baobab,331000.0,Sicap baobab,2.0,2.0,100.0,0.0,0.0,0.0,https://www.expat-dakar.com/annonce/appartements-a-louer-a-la-sicap-baobab-6530269,1,486000.0
expat,Appartement à louer aux almadies à la zone de recasement,550000.0,Almadies,3.0,3.0,140.0,0.0,0.0,0.0,https://www.expat-dakar.com/annonce/appartement-a-louer-aux-almadies-a-la-zone-de-recasement-6564986,1,1074463.5443349753
expat,F3 A LOUER,250000.0,Ouest foire,2.0,2.0,100.0,0.0,0.0,0.0,https://www.expat-dakar.com/annonce/f3-a-louer-6581732,1,317380.95238095237
expat,STUDIO A LOUER LIBERTE 4,200000.0,Autre,1.0,1.0,60.0,0.0,0.0,0.0,https://www.expat-dakar.com/annonce/studio-a-louer-liberte-4-6581699,1,639511.9856115108
expat,Appartement  à la cité Mourtada,400000.0,VDN,3.0,3.0,140.0,0.0,0.0,0.0,https://www.expat-dakar.com/annonce/appartement-a-la-cite-mourtada-6547750,1,604847.2222222222
expat,Studio à louer – Mermoz (Cité Batrain),225000.0,Mermoz,1.0,1.0,60.0,0.0,0.0,0.0,https://www.expat-dakar.com/annonce/studio-a-louer-mermoz-cite-batrain-6508521,1,1032668.5082872928
expat,Appartements de type F3 à louer à Nord Foire,259000.0,Nord foire,2.0,2.0,100.0,0.0,0.0,0.0,https://www.expat-dakar.com/annonce/appartements-de-type-f3-a-louer-a-nord-foire-6426237,1,309941.17647058825
expat,"Charmant F4 à la résidence Kora , Sacré Cœur, Dkr",1500000.0,Sacré cœur,3.0,3.0,140.0,0.0,0.0,0.0,https://www.expat-dakar.com/annonce/charmant-f4-a-la-residence-kora-sacre-coeur-dkr-6552738,1,561458.3333333334
expat,Appartement F4 à louer aux mamelles,800000.0,Mamelles,3.0,3.0,140.0,0.0,0.0,0.0,https://www.expat-dakar.com/annonce/appartement-f4-a-louer-aux-mamelles-6437434,1,622633.1707317074
expat,Appartement spacieux rue 10,400000.0,Sicap Liberté,3.0,3.0,140.0,0.0,0.0,0.0,https://www.expat-dakar.com/annonce/appartement-spacieux-rue-10-6581539,1,425714.28571428574
expat,Appartement à louer aux almadies à la zone de recasement,500000.0,Mermoz,3.0,3.0,140.0,0.0,0.0,0.0,https://www.expat-dakar.com/annonce/appartement-a-louer-aux-almadies-a-la-zone-de-recasement-6581439,1,1032668.5082872928
expat,Appartement de type F4 à louer à Ngor almadies,800000.0,Ngor,3.0,3.0,140.0,0.0,0.0,0.0,https://www.expat-dakar.com/annonce/appartement-de-type-f4-a-louer-a-ngor-almadies-6581432,1,799681.1320754717
expat,Appartement F4 vide vue sur mer à louer à Mermoz,1700000.0,Mermoz,3.0,3.0,140.0,0.0,1.0,0.0,https://www.expat-dakar.com/annonce/appartement-f4-vide-vue-sur-mer-a-louer-a-mermoz-6581381,1,1032668.5082872928
expat,Appartement F4 à louer à la Zac Mbao,207200.0,Mbao,3.0,3.0,140.0,0.0,0.0,0.0,https://www.expat-dakar.com/annonce/appartement-f4-a-louer-a-la-zac-mbao-6569975,1,247775.0
expat,APPARTEMENT AUX MAMELLES,350000.0,Mamelles,2.0,2.0,100.0,0.0,0.0,0.0,https://www.expat-dakar.com/annonce/appartement-aux-mamelles-6561534,1,622633.1707317074
expat,Plateau loft à louer vue sur mer partout 4 chambres,2500000.0,Plateau,4.0,4.0,180.0,0.0,1.0,0.0,https://www.expat-dakar.com/annonce/plateau-loft-a-louer-vue-sur-mer-partout-4-chambres-6161302,1,1921323.5294117648
expat,2 CHAMBRES A LOUER A NGOR,450000.0,Ngor,2.0,2.0,100.0,0.0,0.0,0.0,https://www.expat-dakar.com/annonce/2-chambres-a-louer-a-ngor-6580185,1,799681.1320754717
expat,Magnifique F4 Neuf aux Mamelles,750000.0,Mamelles,3.0,3.0,140.0,0.0,0.0,1.0,https://www.expat-dakar.com/annonce/magnifique-f4-neuf-aux-mamelles-6386322,1,622633.1707317074
expat,Appartement f4,300000.0,Nord foire,3.0,3.0,140.0,0.0,0.0,0.0,https://www.expat-dakar.com/annonce/appartement-f4-6580120,1,309941.17647058825
expat,appartement vue mer à louer aux plateau,2500000.0,Plateau,3.0,3.0,140.0,0.0,1.0,0.0,https://www.expat-dakar.com/annonce/appartement-vue-mer-a-louer-aux-plateau-6301117,1,1921323.5294117648
expat,Appartement F4 à louer à Nord Foire 1er étage,300000.0,Nord foire,3.0,3.0,140.0,0.0,0.0,0.0,https://www.expat-dakar.com/annonce/appartement-f4-a-louer-a-nord-foire-1er-etage-6579830,1,309941.17647058825
expat,Studio a louer hlm grand yof,160000.0,Hlm grand yoff,1.0,1.0,60.0,0.0,0.0,0.0,https://www.expat-dakar.com/annonce/studio-a-louer-hlm-grand-yof-6579847,1,223333.33333333334
expat,"Appartement F3 vide à louer aux Mamelles, cité Mbakiyou Faye",450000.0,Mamelles,2.0,2.0,100.0,0.0,0.0,0.0,https://www.expat-dakar.com/annonce/appartement-f3-vide-a-louer-aux-mamelles-cite-mbakiyou-faye-6568451,1,622633.1707317074
expat,Appartement F4 au 4e étage à Liberté 6 extension,400000.0,Liberte 6 extension,3.0,3.0,140.0,0.0,0.0,0.0,https://www.expat-dakar.com/annonce/appartement-f4-au-4e-etage-a-liberte-6-extension-6579744,1,508500.0
expat,Appartement aux HLM grand médine,275000.0,Autre,3.0,3.0,140.0,0.0,0.0,0.0,https://www.expat-dakar.com/annonce/appartement-aux-hlm-grand-medine-6579729,1,639511.9856115108
expat,F5 a louer au plateau,1500000.0,Autre,3.0,3.0,140.0,0.0,0.0,0.0,https://www.expat-dakar.com/annonce/f5-a-louer-au-plateau-6549983,1,639511.9856115108
expat,Appartement F4 À Louer À Mermoz,1000000.0,Mermoz,3.0,3.0,140.0,0.0,0.0,0.0,https://www.expat-dakar.com/annonce/appartement-f4-a-louer-a-mermoz-6541037,1,1032668.5082872928
expat,Appartements sur immeuble R+2 au virage,1300000.0,Virage,3.0,3.0,140.0,0.0,0.0,0.0,https://www.expat-dakar.com/annonce/appartements-sur-immeuble-r2-au-virage-6538315,1,1043505.8823529412
expat,APPARTEMENT A LOUER AU MAMELLES A LA CITE MBAKIYOU FAYE,550000.0,Mamelles,4.0,4.0,180.0,0.0,0.0,0.0,https://www.expat-dakar.com/annonce/appartement-a-louer-au-mamelles-a-la-cite-mbakiyou-faye-6579355,1,622633.1707317074
expat,Appartement spacieux à Ouakam (cité asecna),250000.0,Ouakam,2.0,2.0,100.0,0.0,0.0,0.0,https://www.expat-dakar.com/annonce/appartement-spacieux-a-ouakam-cite-asecna-6579338,1,740800.0
expat,À louer 4 apparts neufs/ngor,500000.0,Almadies,2.0,2.0,100.0,0.0,0.0,1.0,https://www.expat-dakar.com/annonce/a-louer-4-apparts-neufsngor-6515543,1,1074463.5443349753
expat,A louer Des apparts neufs Liberté 6 Ext.,450000.0,Liberte 6 extension,2.0,2.0,100.0,0.0,0.0,1.0,https://www.expat-dakar.com/annonce/a-louer-des-apparts-neufs-liberte-6-ext-6566777,1,508500.0
expat,Duplex F5 neuf À louer CPI/VDN,650000.0,Liberte 6 extension,4.0,4.0,180.0,0.0,0.0,1.0,https://www.expat-dakar.com/annonce/duplex-f5-neuf-a-louer-cpivdn-6579127,1,508500.0
expat,BELLE VILLA,1200000.0,Mamelles,4.0,4.0,180.0,0.0,0.0,0.0,https://www.expat-dakar.com/annonce/belle-villa-6578714,1,622633.1707317074
expat,APPARTEMENT,350000.0,Mamelles,2.0,2.0,100.0,0.0,0.0,0.0,https://www.expat-dakar.com/annonce/appartement-6578696,1,622633.1707317074
expat,"À LOUER ,AU NIVEAU DE LA COMMUNE DE NGOR -ALMADIES",435000.0,Hann maristes,3.0,3.0,140.0,0.0,0.0,0.0,https://www.expat-dakar.com/annonce/a-louer-au-niveau-de-la-commune-de-ngor-almadies-6578540,1,354151.724137931
expat,Appartement F4 à louer au Point E,990000.0,Point e,3.0,3.0,140.0,0.0,0.0,0.0,https://www.expat-dakar.com/annonce/appartement-f4-a-louer-au-point-e-6539382,1,1134739.1304347827
expat,Appartement moderne à Diamniadio,250000.0,Diamniadio,3.0,3.0,140.0,0.0,0.0,0.0,https://www.expat-dakar.com/annonce/appartement-moderne-a-diamniadio-6578209,1,230000.0
expat,À LOUER Appartement Standing,450000.0,Hann maristes,2.0,2.0,100.0,0.0,0.0,1.0,https://www.expat-dakar.com/annonce/a-louer-appartement-standing-6077849,1,354151.724137931
expat,Appartements de type F4 et F5 à louer aux almadies,1800000.0,Almadies,4.0,4.0,180.0,0.0,0.0,0.0,https://www.expat-dakar.com/annonce/appartements-de-type-f4-et-f5-a-louer-aux-almadies-6577974,1,1074463.5443349753
expat,Studio à louer,360000.0,Almadies,1.0,1.0,60.0,0.0,0.0,0.0,https://www.expat-dakar.com/annonce/studio-a-louer-6503315,1,1074463.5443349753
expat,VILLA SDANDING,3500000.0,Mamelles,5.0,5.0,220.0,0.0,0.0,0.0,https://www.expat-dakar.com/annonce/villa-sdanding-6577345,1,622633.1707317074
expat,Appartement moderne,500000.0,Mamelles,3.0,3.0,140.0,0.0,0.0,0.0,https://www.expat-dakar.com/annonce/appartement-moderne-6543546,1,622633.1707317074
expat,VILLA AUX ALMADIES,1300000.0,Ngor,4.0,4.0,180.0,0.0,0.0,0.0,https://www.expat-dakar.com/annonce/villa-aux-almadies-6550335,1,799681.1320754717
expat,F4 À LOUER,300000.0,Liberte 6,3.0,3.0,140.0,0.0,0.0,0.0,https://www.expat-dakar.com/annonce/f4-a-louer-6572875,1,449210.5263157895
expat,Appartement à louer à Fann Résidence avec vue sur mer,1900000.0,Fann,3.0,3.0,140.0,0.0,1.0,0.0,https://www.expat-dakar.com/annonce/appartement-a-louer-a-fann-residence-avec-vue-sur-mer-6554678,1,2078164.430379747
expat,Studio à louer zone recasement,235000.0,Almadies,1.0,1.0,60.0,0.0,0.0,0.0,https://www.expat-dakar.com/annonce/studio-a-louer-zone-recasement-6545719,1,1074463.5443349753
expat,À louer Appart sicap foire,325000.0,Sicap foire,2.0,2.0,100.0,0.0,0.0,0.0,https://www.expat-dakar.com/annonce/a-louer-appart-sicap-foire-6574136,1,412647.0588235294
expat,Appartement F4 à louer,1000000.0,Cité keur gorgui,3.0,3.0,140.0,0.0,0.0,0.0,https://www.expat-dakar.com/annonce/appartement-f4-a-louer-6557077,1,740577.7777777778
expat,Appartement a louer au Point E,800000.0,Point e,3.0,3.0,140.0,0.0,0.0,0.0,https://www.expat-dakar.com/annonce/appartement-a-louer-au-point-e-6575533,1,1134739.1304347827
expat,Appartement F4 à louer à Fann,1000000.0,Fann,3.0,3.0,140.0,0.0,0.0,0.0,https://www.expat-dakar.com/annonce/appartement-f4-a-louer-a-fann-6518374,1,2078164.430379747
expat,Appartemeng a louer,250000.0,Hann marinas,2.0,2.0,100.0,0.0,0.0,0.0,https://www.expat-dakar.com/annonce/appartemeng-a-louer-6575466,1,487500.0
expat,Appartement a louer,400000.0,Sicap Liberté,2.0,2.0,100.0,0.0,0.0,0.0,https://www.expat-dakar.com/annonce/appartement-a-louer-6575464,1,425714.28571428574
expat,Appartement F3 Meublé Ngor Virage,800000.0,Virage,2.0,2.0,100.0,1.0,0.0,0.0,https://www.expat-dakar.com/annonce/appartement-f3-meuble-ngor-virage-6575313,1,1043505.8823529412
expat,Appartement F3 à Mermoz,650000.0,Mermoz,3.0,3.0,140.0,0.0,0.0,0.0,https://www.expat-dakar.com/annonce/appartement-f3-a-mermoz-6554619,1,1032668.5082872928
expat,Studio a louer a Sicap Foire,275000.0,Sicap foire,1.0,1.0,60.0,0.0,0.0,0.0,https://www.expat-dakar.com/annonce/studio-a-louer-a-sicap-foire-6574532,1,412647.0588235294
expat,Appartement  a louer à Thies,350000.0,Thiès,3.0,3.0,140.0,0.0,0.0,0.0,https://www.expat-dakar.com/annonce/appartement-a-louer-a-thies-6547291,1,260625.0
expat,Ref_2903_SEY Appartements pour bureaux à louer à liberté 6,400000.0,Liberte 6,2.0,2.0,100.0,0.0,0.0,0.0,https://www.expat-dakar.com/annonce/ref-2903-sey-appartements-pour-bureaux-a-louer-a-liberte-6-6572846,1,449210.5263157895
expat,Studio à louer aux almadies,250000.0,Almadies,1.0,1.0,60.0,0.0,0.0,0.0,https://www.expat-dakar.com/annonce/studio-a-louer-aux-almadies-6574317,1,1074463.5443349753
expat,Grand studio à louer à Ngor Almadies,450000.0,Almadies,1.0,1.0,60.0,0.0,0.0,0.0,https://www.expat-dakar.com/annonce/grand-studio-a-louer-a-ngor-almadies-6513985,1,1074463.5443349753
expat,Appartement meublé  à louer à Fann Résidence,950000.0,Fann,2.0,2.0,100.0,1.0,0.0,0.0,https://www.expat-dakar.com/annonce/appartement-meuble-a-louer-a-fann-residence-6498635,1,2078164.430379747
expat,Appartement spacieux à la zone de recasement,350000.0,Yoff,2.0,2.0,100.0,0.0,0.0,0.0,https://www.expat-dakar.com/annonce/appartement-spacieux-a-la-zone-de-recasement-6568229,1,528798.4732824428
expat,Appartement à louer,500000.0,Liberte 6 extension,3.0,3.0,140.0,0.0,0.0,0.0,https://www.expat-dakar.com/annonce/appartement-a-louer-6573036,1,508500.0
expat,Bel appartement aux Almadies,350000.0,Almadies,2.0,2.0,100.0,0.0,0.0,0.0,https://www.expat-dakar.com/annonce/bel-appartement-aux-almadies-6573727,1,1074463.5443349753
expat,Bel appartement à Yoff aéroport,450000.0,Yoff,4.0,4.0,180.0,0.0,0.0,0.0,https://www.expat-dakar.com/annonce/bel-appartement-a-yoff-aeroport-6573714,1,528798.4732824428
expat,Appartement spacieux à la Cité Biagui,350000.0,Cité biagui,3.0,3.0,140.0,0.0,0.0,0.0,https://www.expat-dakar.com/annonce/appartement-spacieux-a-la-cite-biagui-6573709,1,550000.0
expat,Mermoz comico appart F4 a louer,350000.0,Mermoz,3.0,3.0,140.0,0.0,0.0,0.0,https://www.expat-dakar.com/annonce/mermoz-comico-appart-f4-a-louer-6572998,1,1032668.5082872928
expat,APPARTEMENT F4 MAMELLE MONUMENT DE LA RENAISSANCE,400000.0,Mamelles,3.0,3.0,140.0,0.0,0.0,0.0,https://www.expat-dakar.com/annonce/appartement-f4-mamelle-monument-de-la-renaissance-6573034,1,622633.1707317074
expat,Appartement à louer cité Africa,1500000.0,Ouakam,3.0,3.0,140.0,0.0,0.0,0.0,https://www.expat-dakar.com/annonce/appartement-a-louer-cite-africa-6269025,1,740800.0
expat,Appartement 2 chambres salon à louer à Ngor Almadies,750000.0,Almadies,2.0,2.0,100.0,0.0,0.0,0.0,https://www.expat-dakar.com/annonce/appartement-2-chambres-salon-a-louer-a-ngor-almadies-6572888,1,1074463.5443349753
expat,Ref_2900_PL Appartements à louer aux Almadies,500000.0,Almadies,2.0,2.0,100.0,0.0,0.0,0.0,https://www.expat-dakar.com/annonce/ref-2900-pl-appartements-a-louer-aux-almadies-6572829,1,1074463.5443349753
expat,Ref_2455_GL Appartement à louer à sacré cœur,550000.0,Sacré cœur,3.0,3.0,140.0,0.0,0.0,0.0,https://www.expat-dakar.com/annonce/ref-2455-gl-appartement-a-louer-a-sacre-coeur-6572803,1,561458.3333333334
expat,Appartement à louer au Point E,900000.0,Point e,3.0,3.0,140.0,0.0,0.0,0.0,https://www.expat-dakar.com/annonce/appartement-a-louer-au-point-e-6572774,1,1134739.1304347827
expat,Appartements à louer à Yenne - Toubab Dialaw,500000.0,Diamniadio,3.0,3.0,140.0,0.0,0.0,0.0,https://www.expat-dakar.com/annonce/appartements-a-louer-a-yenne-toubab-dialaw-6472977,1,230000.0
expat,À LOUER AUX MARISTES/DAKAR,250000.0,Hann maristes,2.0,2.0,100.0,0.0,0.0,0.0,https://www.expat-dakar.com/annonce/a-louer-aux-maristesdakar-6571227,1,354151.724137931
expat,Appartement 2 chambres salon,500000.0,Autre,2.0,2.0,100.0,0.0,0.0,0.0,https://www.expat-dakar.com/annonce/appartement-2-chambres-salon-6570961,1,639511.9856115108
expat,Très bel appartement de type F4 à Fann Mermoz,1000000.0,Mermoz,3.0,3.0,140.0,0.0,0.0,0.0,https://www.expat-dakar.com/annonce/tres-bel-appartement-de-type-f4-a-fann-mermoz-6571333,1,1032668.5082872928
expat,Appartement T5 vide à louer – Virage (côté Aéroport),600000.0,Virage,4.0,4.0,180.0,0.0,0.0,0.0,https://www.expat-dakar.com/annonce/appartement-t5-vide-a-louer-virage-cote-aeroport-6571261,1,1043505.8823529412
expat,*À LOUER –Villa +2 à Ouakam camps GAS*.,1200000.0,Ouakam,5.0,5.0,220.0,0.0,0.0,0.0,https://www.expat-dakar.com/annonce/a-louer-villa-2-a-ouakam-camps-gas-6571207,1,740800.0
expat,APPARTEMENT AUX MAMELLES,500000.0,Mamelles,3.0,3.0,140.0,0.0,0.0,0.0,https://www.expat-dakar.com/annonce/appartement-aux-mamelles-6571156,1,622633.1707317074
expat,Appartement 20m² lumineux calme et sécurisé,280000.0,Ouest foire,1.0,1.0,60.0,0.0,0.0,0.0,https://www.expat-dakar.com/annonce/appartement-20m2-lumineux-calme-et-securise-6551108,1,317380.95238095237
expat,Appartement F4 Virage vue mer - sport - piscine - parking,828800.0,Virage,3.0,3.0,140.0,0.0,1.0,0.0,https://www.expat-dakar.com/annonce/appartement-f4-virage-vue-mer-sport-piscine-parking-6570604,1,1043505.8823529412
expat,Appartement meublé à louer mamelles,400000.0,Mamelles,1.0,1.0,60.0,1.0,0.0,0.0,https://www.expat-dakar.com/annonce/appartement-meuble-a-louer-mamelles-6566460,1,622633.1707317074
expat,À louer - Appartement F4 à Fann-Mermoz,1500000.0,Mermoz,3.0,3.0,140.0,0.0,0.0,0.0,https://www.expat-dakar.com/annonce/a-louer-appartement-f4-a-fann-mermoz-6427972,1,1032668.5082872928
expat,À louer – Appartement F4 neuf aux Mamelles,500000.0,Mamelles,3.0,3.0,140.0,0.0,0.0,1.0,https://www.expat-dakar.com/annonce/a-louer-appartement-f4-neuf-aux-mamelles-6511333,1,622633.1707317074
expat,Appartement F4 à louer – Mermoz,1500000.0,Mermoz,3.0,3.0,140.0,0.0,0.0,0.0,https://www.expat-dakar.com/annonce/appartement-f4-a-louer-mermoz-6382112,1,1032668.5082872928
expat,"Appartement à louer – Résidence Opéra, Corniche des Almadies",1700000.0,Almadies,2.0,2.0,100.0,0.0,0.0,0.0,https://www.expat-dakar.com/annonce/appartement-a-louer-residence-opera-corniche-des-almadies-6473554,1,1074463.5443349753
expat,Appartement Duplex F4 à louer – Mermoz,2200000.0,Mermoz,3.0,3.0,140.0,0.0,0.0,0.0,https://www.expat-dakar.com/annonce/appartement-duplex-f4-a-louer-mermoz-6491793,1,1032668.5082872928
expat,F6 à louer sur la corniche ouakam 385 m² neuf,2500000.0,Ouakam,4.0,4.0,180.0,0.0,0.0,1.0,https://www.expat-dakar.com/annonce/f6-a-louer-sur-la-corniche-ouakam-385-m2-neuf-6570088,1,740800.0
expat,Appartement f4 neuf à louer au point e,1100000.0,Point e,3.0,3.0,140.0,0.0,0.0,1.0,https://www.expat-dakar.com/annonce/appartement-f4-neuf-a-louer-au-point-e-6352839,1,1134739.1304347827
expat,appartement f4 à louer à la cité Keur gorgui,700000.0,Cité keur gorgui,3.0,3.0,140.0,0.0,0.0,0.0,https://www.expat-dakar.com/annonce/appartement-f4-a-louer-a-la-cite-keur-gorgui-6280780,1,740577.7777777778
expat,appartement f3 à louer almadies,400000.0,Almadies,3.0,3.0,140.0,0.0,0.0,0.0,https://www.expat-dakar.com/annonce/appartement-f3-a-louer-almadies-6405216,1,1074463.5443349753
expat,VILLA R+2 A LOUER CITE ISRA 2,850000.0,Dakar,5.0,5.0,220.0,0.0,0.0,0.0,https://www.expat-dakar.com/annonce/villa-r2-a-louer-cite-isra-2-6569865,1,801875.0
expat,Appartement Virage vue sur Mer,550000.0,Virage,4.0,4.0,180.0,0.0,1.0,0.0,https://www.expat-dakar.com/annonce/appartement-virage-vue-sur-mer-6562787,1,1043505.8823529412
expat,Aux Almadies à deux pas de la Banque Mondiale F4 neuf,1346800.0,Almadies,3.0,3.0,140.0,0.0,0.0,1.0,https://www.expat-dakar.com/annonce/aux-almadies-a-deux-pas-de-la-banque-mondiale-f4-neuf-6521101,1,1074463.5443349753
expat,Grand et beau F5 sur la mer au plateau,3000000.0,Plateau,4.0,4.0,180.0,0.0,0.0,0.0,https://www.expat-dakar.com/annonce/grand-et-beau-f5-sur-la-mer-au-plateau-6307508,1,1921323.5294117648
expat,Bel appartement aux Almadies proche Casino Dakar City,1139600.0,Almadies,3.0,3.0,140.0,0.0,0.0,0.0,https://www.expat-dakar.com/annonce/bel-appartement-aux-almadies-proche-casino-dakar-city-6338712,1,1074463.5443349753
expat,Appartement de 3 chambres au Parcelles Assainies,275000.0,Parcelles Assainies,3.0,3.0,140.0,0.0,0.0,0.0,https://www.expat-dakar.com/annonce/appartement-de-3-chambres-au-parcelles-assainies-6569702,1,220357.14285714287
expat,APPARTEMENT AUX MAMELLES,350000.0,Mamelles,2.0,2.0,100.0,0.0,0.0,0.0,https://www.expat-dakar.com/annonce/appartement-aux-mamelles-6569691,1,622633.1707317074
expat,Magnifique Appartement F4 neuf de standing aux Almadies,1300000.0,Almadies,3.0,3.0,140.0,0.0,0.0,1.0,https://www.expat-dakar.com/annonce/magnifique-appartement-f4-neuf-de-standing-aux-almadies-6489221,1,1074463.5443349753
expat,Appartement neuf de 3 chambres à louer – Vue mer,650000.0,VDN,3.0,3.0,140.0,0.0,1.0,1.0,https://www.expat-dakar.com/annonce/appartement-neuf-de-3-chambres-a-louer-vue-mer-6521174,1,604847.2222222222
expat,F4 ultra moderne à louer avec les meubles,1500000.0,Liberte 6 extension,3.0,3.0,140.0,0.0,0.0,0.0,https://www.expat-dakar.com/annonce/f4-ultra-moderne-a-louer-avec-les-meubles-6110762,1,508500.0
expat,Appartement F4 à louer au Point E,800000.0,Point e,3.0,3.0,140.0,0.0,0.0,0.0,https://www.expat-dakar.com/annonce/appartement-f4-a-louer-au-point-e-6568502,1,1134739.1304347827
expat,APPART A LOUER MAMELLE,700000.0,Mamelles,3.0,3.0,140.0,0.0,0.0,0.0,https://www.expat-dakar.com/annonce/appart-a-louer-mamelle-6568406,1,622633.1707317074
expat,Magnifique appartement de type F4 à louer,450000.0,Ngor,3.0,3.0,140.0,0.0,0.0,0.0,https://www.expat-dakar.com/annonce/magnifique-appartement-de-type-f4-a-louer-6377700,1,799681.1320754717
expat,Ref_2898_SEY Appartement à louer à Mermoz,650000.0,Mermoz,3.0,3.0,140.0,0.0,0.0,0.0,https://www.expat-dakar.com/annonce/ref-2898-sey-appartement-a-louer-a-mermoz-6568443,1,1032668.5082872928
expat,Appartement 2 chambres + salon à louer – Ngor,300000.0,Ngor,2.0,2.0,100.0,0.0,0.0,0.0,https://www.expat-dakar.com/annonce/appartement-2-chambres-salon-a-louer-ngor-6568364,1,799681.1320754717
expat,Appartement spacieux à Pikine,225000.0,Autre,3.0,3.0,140.0,0.0,0.0,0.0,https://www.expat-dakar.com/annonce/appartement-spacieux-a-pikine-6568218,1,639511.9856115108
expat,Magnifique appartement NGOR Almadies,980000.0,Almadies,3.0,3.0,140.0,0.0,0.0,0.0,https://www.expat-dakar.com/annonce/magnifique-appartement-ngor-almadies-6455236,1,1074463.5443349753
expat,Studio à louer,400000.0,VDN,1.0,1.0,60.0,0.0,0.0,0.0,https://www.expat-dakar.com/annonce/studio-a-louer-6568041,1,604847.2222222222
expat,APPARTEMENT A LOUER GUEDIAWAYE,250000.0,Guediawaye,3.0,3.0,140.0,0.0,0.0,0.0,https://www.expat-dakar.com/annonce/appartement-a-louer-guediawaye-6565701,1,261000.0
expat,APPARTEMENT AUX MAMELLES,450000.0,Mamelles,3.0,3.0,140.0,0.0,0.0,0.0,https://www.expat-dakar.com/annonce/appartement-aux-mamelles-6562365,1,622633.1707317074
expat,APPARTEMENT AUX ALMADIES,550000.0,Almadies,3.0,3.0,140.0,0.0,0.0,0.0,https://www.expat-dakar.com/annonce/appartement-aux-almadies-6564976,1,1074463.5443349753
expat,APPARTEMENT NGOR ALMADIES,300000.0,Almadies,3.0,3.0,140.0,0.0,0.0,0.0,https://www.expat-dakar.com/annonce/appartement-ngor-almadies-6561522,1,1074463.5443349753
expat,APPARTEMENT AUX ALMADIES,600000.0,Almadies,3.0,3.0,140.0,0.0,0.0,0.0,https://www.expat-dakar.com/annonce/appartement-aux-almadies-6562361,1,1074463.5443349753
expat,APPARTEMENT NGOR ALMADIES,350000.0,Almadies,3.0,3.0,140.0,0.0,0.0,0.0,https://www.expat-dakar.com/annonce/appartement-ngor-almadies-6561520,1,1074463.5443349753
expat,APPARTEMENT AUX MAMELLES,550000.0,Mamelles,3.0,3.0,140.0,0.0,0.0,0.0,https://www.expat-dakar.com/annonce/appartement-aux-mamelles-6561643,1,622633.1707317074
expat,Appartement AUX ALMADIES,350000.0,Almadies,2.0,2.0,100.0,0.0,0.0,0.0,https://www.expat-dakar.com/annonce/appartement-aux-almadies-6566112,1,1074463.5443349753
expat,Appartement F4 à la Cité Keur Gorgui haut standing,800000.0,Cité keur gorgui,3.0,3.0,140.0,0.0,0.0,1.0,https://www.expat-dakar.com/annonce/appartement-f4-a-la-cite-keur-gorgui-haut-standing-6567319,1,740577.7777777778
expat,Appartement spacieux et lumineux,700000.0,Mamelles,3.0,3.0,140.0,0.0,0.0,0.0,https://www.expat-dakar.com/annonce/appartement-spacieux-et-lumineux-6567243,1,622633.1707317074
expat,APPARTEMENT F3 VIDE À LOUER AUX ALMADIES,600000.0,Almadies,2.0,2.0,100.0,0.0,0.0,0.0,https://www.expat-dakar.com/annonce/appartement-f3-vide-a-louer-aux-almadies-6567230,1,1074463.5443349753
expat,Magnifique appartenant de 300m2 a louer i,550000.0,Mamelles,3.0,3.0,140.0,0.0,0.0,0.0,https://www.expat-dakar.com/annonce/magnifique-appartenant-de-300m2-a-louer-i-6141830,1,622633.1707317074
expat,DUPLEX 5 PIÈCES À LOUER À FANN RÉSIDENCE,1100000.0,Fann,4.0,4.0,180.0,0.0,0.0,0.0,https://www.expat-dakar.com/annonce/duplex-5-pieces-a-louer-a-fann-residence-6567015,1,2078164.430379747
expat,Appartements F4 Cité Keur Gorgui,800000.0,Cité keur gorgui,3.0,3.0,140.0,0.0,0.0,0.0,https://www.expat-dakar.com/annonce/appartements-f4-cite-keur-gorgui-6566704,1,740577.7777777778
expat,Appartement à louer 2 chambres salon neuf aux Mamelles,500000.0,Mamelles,2.0,2.0,100.0,0.0,0.0,1.0,https://www.expat-dakar.com/annonce/appartement-a-louer-2-chambres-salon-neuf-aux-mamelles-6566928,1,622633.1707317074
expat,Duplex Grand Standing F5 à louer à Yoff Virage,1290000.0,Virage,4.0,4.0,180.0,0.0,0.0,1.0,https://www.expat-dakar.com/annonce/duplex-grand-standing-f5-a-louer-a-yoff-virage-6436805,1,1043505.8823529412
expat,Appartement Haut Standing (275m2) - Mamelles,870000.0,Mamelles,3.0,3.0,140.0,0.0,0.0,1.0,https://www.expat-dakar.com/annonce/appartement-haut-standing-275m2-mamelles-6566583,1,622633.1707317074
expat,À LOUER – F3 & F4 HAUT STANDING – CITÉ KEUR GORGUI,900000.0,Cité keur gorgui,3.0,3.0,140.0,0.0,0.0,1.0,https://www.expat-dakar.com/annonce/a-louer-f3-f4-haut-standing-cite-keur-gorgui-6564511,1,740577.7777777778
expat,A LOUER NGOR,580000.0,Dakar,3.0,3.0,140.0,0.0,0.0,0.0,https://www.expat-dakar.com/annonce/a-louer-ngor-6566640,1,801875.0
expat,Magnifique F4 à louer vue imprenable sur la mer,2000000.0,Ouakam,3.0,3.0,140.0,0.0,0.0,0.0,https://www.expat-dakar.com/annonce/magnifique-f4-a-louer-vue-imprenable-sur-la-mer-6406246,1,740800.0
expat,Penthouse de Luxe à Louer – Corniche des Mamelle,3500000.0,Corniche,5.0,5.0,220.0,0.0,0.0,1.0,https://www.expat-dakar.com/annonce/penthouse-de-luxe-a-louer-corniche-des-mamelle-6424199,1,1858333.3333333333
expat,Appartement à louer au 1er étage - Cité Keur Gorgui,950000.0,Cité keur gorgui,3.0,3.0,140.0,0.0,0.0,0.0,https://www.expat-dakar.com/annonce/appartement-a-louer-au-1er-etage-cite-keur-gorgui-6565817,1,740577.7777777778
expat,Appartement à louer Almadies,1400000.0,Almadies,3.0,3.0,140.0,0.0,0.0,0.0,https://www.expat-dakar.com/annonce/appartement-a-louer-almadies-6422096,1,1074463.5443349753
expat,Appartement F4 à louer à Fann Résidence,1300000.0,Fann,3.0,3.0,140.0,0.0,0.0,0.0,https://www.expat-dakar.com/annonce/appartement-f4-a-louer-a-fann-residence-6549458,1,2078164.430379747
expat,Appartement F4 vue mer à louer mamelles,1500000.0,Mamelles,3.0,3.0,140.0,0.0,1.0,0.0,https://www.expat-dakar.com/annonce/appartement-f4-vue-mer-a-louer-mamelles-6367166,1,622633.1707317074
expat,Mini haut standing à louer à Fass (près de point E),180000.0,Fass,1.0,1.0,60.0,0.0,0.0,1.0,https://www.expat-dakar.com/annonce/mini-haut-standing-a-louer-a-fass-pres-de-point-e-6274750,1,274285.71428571426
expat,Appartement 3 chambres point e R,1300000.0,Point e,3.0,3.0,140.0,0.0,0.0,0.0,https://www.expat-dakar.com/annonce/appartement-3-chambres-point-e-r-6566087,1,1134739.1304347827
expat,Studio meublé à louer au POINT E haut standing F2,800000.0,Point e,1.0,1.0,60.0,1.0,0.0,1.0,https://www.expat-dakar.com/annonce/studio-meuble-a-louer-au-point-e-haut-standing-f2-6566046,1,1134739.1304347827
expat,Appartement de 3 chambres a Nord foire apecsy,300000.0,Nord foire,3.0,3.0,140.0,0.0,0.0,0.0,https://www.expat-dakar.com/annonce/appartement-de-3-chambres-a-nord-foire-apecsy-6565927,1,309941.17647058825
expat,Appartement de 3 chambres a la Cité Damel,350000.0,Autre,3.0,3.0,140.0,0.0,0.0,0.0,https://www.expat-dakar.com/annonce/appartement-de-3-chambres-a-la-cite-damel-6565922,1,639511.9856115108
expat,Ref_2897_SEY Appartements à louer en centre-ville,1600000.0,Dakar,4.0,4.0,180.0,0.0,0.0,0.0,https://www.expat-dakar.com/annonce/ref-2897-sey-appartements-a-louer-en-centre-ville-6562851,1,801875.0
expat,F4 À LOUER,350000.0,Autre,3.0,3.0,140.0,0.0,0.0,0.0,https://www.expat-dakar.com/annonce/f4-a-louer-6565838,1,639511.9856115108
expat,APPARTEMENT LUMINEUX A LOUER A SACRÉ-COEUR 1,1000000.0,Sacré cœur,3.0,3.0,140.0,0.0,0.0,0.0,https://www.expat-dakar.com/annonce/appartement-lumineux-a-louer-a-sacre-coeur-1-6498627,1,561458.3333333334
expat,APPARTEMENTS AUX ALMADIES,500000.0,Almadies,2.0,2.0,100.0,0.0,0.0,0.0,https://www.expat-dakar.com/annonce/appartements-aux-almadies-6476987,1,1074463.5443349753
expat,APPARTEMENT AUX MAMELLES,750000.0,Mamelles,3.0,3.0,140.0,0.0,0.0,0.0,https://www.expat-dakar.com/annonce/appartement-aux-mamelles-6477338,1,622633.1707317074
expat,APPARTEMENT AUX MAMELLES,500000.0,Mamelles,3.0,3.0,140.0,0.0,0.0,0.0,https://www.expat-dakar.com/annonce/appartement-aux-mamelles-6562209,1,622633.1707317074
expat,APPARTEMENT AUX MAMELLES,400000.0,Mamelles,2.0,2.0,100.0,0.0,0.0,0.0,https://www.expat-dakar.com/annonce/appartement-aux-mamelles-6561537,1,622633.1707317074
expat,Ref_2766_SEY Appartements à louer au Point E,1000000.0,Point e,3.0,3.0,140.0,0.0,0.0,0.0,https://www.expat-dakar.com/annonce/ref-2766-sey-appartements-a-louer-au-point-e-6261688,1,1134739.1304347827
expat,Ref_2663_SEY Des appartements à louer  à Fann-Hock,1300000.0,Fann Hock,3.0,3.0,140.0,0.0,0.0,0.0,https://www.expat-dakar.com/annonce/ref-2663-sey-des-appartements-a-louer-a-fann-hock-6128551,1,1711111.111111111
expat,Appartement F4 à louer aux mamelles,700000.0,Mamelles,3.0,3.0,140.0,0.0,0.0,0.0,https://www.expat-dakar.com/annonce/appartement-f4-a-louer-aux-mamelles-6555820,1,622633.1707317074
expat,Ref_2855_SEY  Appartement F4 –  à louer  à Ngor,1500000.0,Ngor,3.0,3.0,140.0,0.0,0.0,0.0,https://www.expat-dakar.com/annonce/ref-2855-sey-appartement-f4-a-louer-a-ngor-6457232,1,799681.1320754717
expat,Appartements à louer à la cité keur gorgui,650000.0,Cité keur gorgui,3.0,3.0,140.0,0.0,0.0,0.0,https://www.expat-dakar.com/annonce/appartements-a-louer-a-la-cite-keur-gorgui-6564961,1,740577.7777777778
expat,Ref_2745_PL À Louer : Résidence aux Almadies –,4000000.0,Almadies,3.0,3.0,140.0,0.0,0.0,0.0,https://www.expat-dakar.com/annonce/ref-2745-pl-a-louer-residence-aux-almadies-6239599,1,1074463.5443349753
expat,Duplex vue sur mer à Fann hock,1600000.0,Fann Hock,3.0,3.0,140.0,0.0,1.0,0.0,https://www.expat-dakar.com/annonce/duplex-vue-sur-mer-a-fann-hock-6367798,1,1711111.111111111
expat,Appartement a louer,400000.0,Ngor,3.0,3.0,140.0,0.0,0.0,0.0,https://www.expat-dakar.com/annonce/appartement-a-louer-6564054,1,799681.1320754717
expat,Appartement a louer,275000.0,Almadies,1.0,1.0,60.0,0.0,0.0,0.0,https://www.expat-dakar.com/annonce/appartement-a-louer-6564049,1,1074463.5443349753
expat,Maison a louer,180000.0,Sicap Liberté,2.0,2.0,100.0,0.0,0.0,0.0,https://www.expat-dakar.com/annonce/maison-a-louer-6564045,1,425714.28571428574
expat,STUDIO MEUBLE A LOUÉ LONGUE DURÉE,600000.0,Hann maristes,1.0,1.0,60.0,0.0,0.0,0.0,https://www.expat-dakar.com/annonce/studio-meuble-a-loue-longue-duree-6529786,1,354151.724137931
expat,Appartement à louer à Mermoz,2200000.0,Mermoz,3.0,3.0,140.0,0.0,0.0,0.0,https://www.expat-dakar.com/annonce/appartement-a-louer-a-mermoz-6433610,1,1032668.5082872928
expat,Magnifique appartement à louer au Plateau,2500000.0,Plateau,3.0,3.0,140.0,0.0,0.0,0.0,https://www.expat-dakar.com/annonce/magnifique-appartement-a-louer-au-plateau-6563892,1,1921323.5294117648
expat,APPARTEMENT  CHAMBRE SALON A NGAPAROU,300000.0,Autre,2.0,2.0,100.0,0.0,0.0,0.0,https://www.expat-dakar.com/annonce/appartement-chambre-salon-a-ngaparou-6515339,1,639511.9856115108
expat,APPARTEMRNT A LOUER AU POINT E,1800000.0,Point e,3.0,3.0,140.0,0.0,0.0,0.0,https://www.expat-dakar.com/annonce/appartemrnt-a-louer-au-point-e-6551833,1,1134739.1304347827
expat,Appartements à louer à Ngor,300000.0,Hlm,3.0,3.0,140.0,0.0,0.0,0.0,https://www.expat-dakar.com/annonce/appartements-a-louer-a-ngor-6563698,1,303214.28571428574
expat,Appartement F3 tout neuf à louer à Fass coté BRT,300000.0,Fass,2.0,2.0,100.0,0.0,0.0,1.0,https://www.expat-dakar.com/annonce/appartement-f3-tout-neuf-a-louer-a-fass-cote-brt-6518471,1,274285.71428571426
expat,Ref_2520_PL Bel Appartement de type F3 à louer à Mermoz,900000.0,Mermoz,2.0,2.0,100.0,0.0,0.0,0.0,https://www.expat-dakar.com/annonce/ref-2520-pl-bel-appartement-de-type-f3-a-louer-a-mermoz-6521152,1,1032668.5082872928
expat,Standing appartement F4 à Exclusive VDN,700000.0,VDN,3.0,3.0,140.0,0.0,0.0,1.0,https://www.expat-dakar.com/annonce/standing-appartement-f4-a-exclusive-vdn-6529060,1,604847.2222222222
expat,APPARTEMENT F3 HAUT STANDING A LOUER AUX ALMADIES,500000.0,Almadies,2.0,2.0,100.0,0.0,0.0,1.0,https://www.expat-dakar.com/annonce/appartement-f3-haut-standing-a-louer-aux-almadies-6539998,1,1074463.5443349753
expat,Appart sympa aux Mamelles,400000.0,Mamelles,3.0,3.0,140.0,0.0,0.0,0.0,https://www.expat-dakar.com/annonce/appart-sympa-aux-mamelles-6563519,1,622633.1707317074
expat,Villa R+2 à Louer aux Maristes école Japonaise,900000.0,Hann maristes,3.0,3.0,140.0,0.0,0.0,0.0,https://www.expat-dakar.com/annonce/villa-r2-a-louer-aux-maristes-ecole-japonaise-6561133,1,354151.724137931
expat,APPARTEMENT F5 À NGOR-ALMADIES,500000.0,Ngor,3.0,3.0,140.0,0.0,0.0,0.0,https://www.expat-dakar.com/annonce/appartement-f5-a-ngor-almadies-6474019,1,799681.1320754717
expat,Appartement au Point E,1300000.0,Point e,3.0,3.0,140.0,0.0,0.0,0.0,https://www.expat-dakar.com/annonce/appartement-au-point-e-6561490,1,1134739.1304347827
expat,APPARTEMENT A LOUER SACRE COEUR 1,850000.0,Sacré cœur,3.0,3.0,140.0,0.0,0.0,0.0,https://www.expat-dakar.com/annonce/appartement-a-louer-sacre-coeur-1-6430336,1,561458.3333333334
expat,Appartement à Louer Nord Foire,220000.0,Nord foire,1.0,1.0,60.0,0.0,0.0,0.0,https://www.expat-dakar.com/annonce/appartement-a-louer-nord-foire-6562983,1,309941.17647058825
expat,Appartement f2 cité biagui,500000.0,Cité biagui,1.0,1.0,60.0,0.0,0.0,0.0,https://www.expat-dakar.com/annonce/appartement-f2-cite-biagui-6562790,1,550000.0
expat,DAKAR MERMOZ : Appartement 2 chambres à louer – MANDIEME,850000.0,Mermoz,2.0,2.0,100.0,0.0,0.0,0.0,https://www.expat-dakar.com/annonce/dakar-mermoz-appartement-2-chambres-a-louer-mandieme-6562175,1,1032668.5082872928
expat,Appartement au rez de chaussée à Keur Gorgui,300000.0,Cité keur gorgui,2.0,2.0,100.0,0.0,0.0,0.0,https://www.expat-dakar.com/annonce/appartement-au-rez-de-chaussee-a-keur-gorgui-6561501,1,740577.7777777778
expat,Appartement F3 à louer à Ngor,210000.0,Ngor,2.0,2.0,100.0,0.0,0.0,0.0,https://www.expat-dakar.com/annonce/appartement-f3-a-louer-a-ngor-6546344,1,799681.1320754717
expat,Appartement F3 à louer – Situé sur la VDN,474500.0,VDN,2.0,2.0,100.0,0.0,0.0,0.0,https://www.expat-dakar.com/annonce/appartement-f3-a-louer-situe-sur-la-vdn-6377838,1,604847.2222222222
expat,"Ref_2856_SEY  F3 à louer à la – Ngor, Route des Almadies",1300000.0,Ngor,2.0,2.0,100.0,0.0,0.0,0.0,https://www.expat-dakar.com/annonce/ref-2856-sey-f3-a-louer-a-la-ngor-route-des-almadies-6457368,1,799681.1320754717
expat,APPARTEMENT AUX MAMELLES EXTENSION,500000.0,Mamelles,3.0,3.0,140.0,0.0,0.0,0.0,https://www.expat-dakar.com/annonce/appartement-aux-mamelles-extension-6561531,1,622633.1707317074
expat,APPARTEMENT NGOR ALMADIES,550000.0,Almadies,3.0,3.0,140.0,0.0,0.0,0.0,https://www.expat-dakar.com/annonce/appartement-ngor-almadies-6561517,1,1074463.5443349753
expat,Appartement à louer a amitié 3,275000.0,Amitié,2.0,2.0,100.0,0.0,0.0,0.0,https://www.expat-dakar.com/annonce/appartement-a-louer-a-amitie-3-6524921,1,572500.0
expat,APPARTEMENT AUX MAMELLES,550000.0,Mamelles,3.0,3.0,140.0,0.0,0.0,0.0,https://www.expat-dakar.com/annonce/appartement-aux-mamelles-6433855,1,622633.1707317074
expat,Appartement à louer à Scat Urbam,280000.0,Grand Yoff,3.0,3.0,140.0,0.0,0.0,0.0,https://www.expat-dakar.com/annonce/appartement-a-louer-a-scat-urbam-6483857,1,238000.0
expat,Joli Appartement F4 à louer à Fann Mermoz,1200000.0,Fann,3.0,3.0,140.0,0.0,0.0,0.0,https://www.expat-dakar.com/annonce/joli-appartement-f4-a-louer-a-fann-mermoz-6212114,1,2078164.430379747
expat,Appartement moderne 3chambres salon disponible à liberté 1,550000.0,Autre,3.0,3.0,140.0,0.0,0.0,0.0,https://www.expat-dakar.com/annonce/appartement-moderne-3chambres-salon-disponible-a-liberte-1-6561226,1,639511.9856115108
expat,PPARTEMENT F4 HAUT STANDING À LOUER A LA CITE MBACKIYOU FAYE,750000.0,Mamelles,3.0,3.0,140.0,0.0,0.0,1.0,https://www.expat-dakar.com/annonce/ppartement-f4-haut-standing-a-louer-a-la-cite-mbackiyou-faye-6561331,1,622633.1707317074
expat,Appart F4 haut standing aux Almadies,1700000.0,Almadies,3.0,3.0,140.0,0.0,0.0,1.0,https://www.expat-dakar.com/annonce/appart-f4-haut-standing-aux-almadies-6171185,1,1074463.5443349753
expat,Appartement F3 à louer à la cite africa,800000.0,Point e,2.0,2.0,100.0,0.0,0.0,0.0,https://www.expat-dakar.com/annonce/appartement-f3-a-louer-a-la-cite-africa-6549074,1,1134739.1304347827
expat,Appartement F4 avec vue sur mer,400000.0,Yoff,3.0,3.0,140.0,0.0,1.0,0.0,https://www.expat-dakar.com/annonce/appartement-f4-avec-vue-sur-mer-6560559,1,528798.4732824428
expat,Appartement à  louer à la Cité Mbakiyou Faye Mamelles,250000.0,Mamelles,2.0,2.0,100.0,0.0,0.0,0.0,https://www.expat-dakar.com/annonce/appartement-a-louer-a-la-cite-mbakiyou-faye-mamelles-6540388,1,622633.1707317074
expat,Appartement à louer aux Almadies Corniche,2000000.0,Almadies,3.0,3.0,140.0,0.0,0.0,0.0,https://www.expat-dakar.com/annonce/appartement-a-louer-aux-almadies-corniche-6560381,1,1074463.5443349753
expat,Appartement à Louer aux point E,650000.0,Point e,3.0,3.0,140.0,0.0,0.0,0.0,https://www.expat-dakar.com/annonce/appartement-a-louer-aux-point-e-6540384,1,1134739.1304347827
expat,Appartement F3,210000.0,Ouakam,2.0,2.0,100.0,0.0,0.0,0.0,https://www.expat-dakar.com/annonce/appartement-f3-6535614,1,740800.0
expat,Duplex de Type F3 à louer,550000.0,Almadies,2.0,2.0,100.0,0.0,0.0,0.0,https://www.expat-dakar.com/annonce/duplex-de-type-f3-a-louer-6538139,1,1074463.5443349753
expat,Appartement F4 à louer à Sicap baobab,750000.0,Sicap baobab,3.0,3.0,140.0,0.0,0.0,0.0,https://www.expat-dakar.com/annonce/appartement-f4-a-louer-a-sicap-baobab-6560154,1,486000.0
expat,NEW APPARTEMENT RUFISQUE ( cité enseignant),175000.0,Rufisque,4.0,4.0,180.0,0.0,0.0,0.0,https://www.expat-dakar.com/annonce/new-appartement-rufisque-cite-enseignant-6559846,1,299583.3333333333
expat,Appartements meublés T4 grand standing à louer Saly Joseph,550000.0,Autre,3.0,3.0,140.0,1.0,0.0,1.0,https://www.expat-dakar.com/annonce/appartements-meubles-t4-grand-standing-a-louer-saly-joseph-6299374,1,639511.9856115108
expat,Appartement à louer 4 chambres aux Almadies,1500000.0,Almadies,4.0,4.0,180.0,0.0,0.0,0.0,https://www.expat-dakar.com/annonce/appartement-a-louer-4-chambres-aux-almadies-6145870,1,1074463.5443349753
expat,Appartement à louer à yoff,275000.0,Hlm,2.0,2.0,100.0,0.0,0.0,0.0,https://www.expat-dakar.com/annonce/appartement-a-louer-a-yoff-6558619,1,303214.28571428574
expat,Appartement à louer au point E,1000000.0,Point e,3.0,3.0,140.0,0.0,0.0,0.0,https://www.expat-dakar.com/annonce/appartement-a-louer-au-point-e-6558605,1,1134739.1304347827
expat,APPARTEMENT MERMOZ CITÉ SIPRES,750000.0,Mermoz,3.0,3.0,140.0,0.0,0.0,0.0,https://www.expat-dakar.com/annonce/appartement-mermoz-cite-sipres-6558954,1,1032668.5082872928
expat,Bel appartement F4 aux Maristes,430000.0,Hann maristes,3.0,3.0,140.0,0.0,0.0,0.0,https://www.expat-dakar.com/annonce/bel-appartement-f4-aux-maristes-6558867,1,354151.724137931
expat,DEUX GRANDS APPARTEMENTS F5 SPACIEUX A LOUER A YOFF VIRAGE,1500000.0,Fenêtre mermoz,3.0,3.0,140.0,0.0,0.0,0.0,https://www.expat-dakar.com/annonce/deux-grands-appartements-f5-spacieux-a-louer-a-yoff-virage-6558825,1,1814315.7894736843
expat,TRES JOLIE APPARTEMENT F4 A LOUER AUX ALMADIES,2000000.0,Fenêtre mermoz,3.0,3.0,140.0,0.0,0.0,0.0,https://www.expat-dakar.com/annonce/tres-jolie-appartement-f4-a-louer-aux-almadies-6558808,1,1814315.7894736843
expat,A LOUER APPARTEMENT F4 (LUXE & CONFORT) :,2000000.0,Fenêtre mermoz,3.0,3.0,140.0,0.0,0.0,1.0,https://www.expat-dakar.com/annonce/a-louer-appartement-f4-luxe-confort-6528348,1,1814315.7894736843
expat,Appartement F4 à Ngor-Almadies,1600000.0,Ngor,3.0,3.0,140.0,0.0,0.0,0.0,https://www.expat-dakar.com/annonce/appartement-f4-a-ngor-almadies-6547677,1,799681.1320754717
expat,Appartement F3 à louer au 2e étage à L6 extension,300000.0,Liberte 6 extension,3.0,3.0,140.0,0.0,0.0,0.0,https://www.expat-dakar.com/annonce/appartement-f3-a-louer-au-2e-etage-a-l6-extension-6558629,1,508500.0
expat,Appartement F3 tout neuf à louer à Yoff au 3e étage,250000.0,Yoff,2.0,2.0,100.0,0.0,0.0,1.0,https://www.expat-dakar.com/annonce/appartement-f3-tout-neuf-a-louer-a-yoff-au-3e-etage-6558618,1,528798.4732824428
expat,APPT F4 HAUT STANDING FANN RESIDENCE,3000000.0,Fann,3.0,3.0,140.0,0.0,0.0,1.0,https://www.expat-dakar.com/annonce/appt-f4-haut-standing-fann-residence-6470004,1,2078164.430379747
expat,PENTHOUSE 400 m2 F5 POINT E,2600000.0,Point e,4.0,4.0,180.0,0.0,0.0,0.0,https://www.expat-dakar.com/annonce/penthouse-400-m2-f5-point-e-6532865,1,1134739.1304347827
expat,APPARTEMENT LUXUEUX f5 (312 m2),1400000.0,Almadies,4.0,4.0,180.0,0.0,0.0,0.0,https://www.expat-dakar.com/annonce/appartement-luxueux-f5-312-m2-6385411,1,1074463.5443349753
expat,APPARTEMENT F4 HAUT STANDING  POINT E,1600000.0,Point e,3.0,3.0,140.0,0.0,0.0,1.0,https://www.expat-dakar.com/annonce/appartement-f4-haut-standing-point-e-6532863,1,1134739.1304347827
expat,APPARTEMENTS DE TYPE F3,400000.0,Mamelles,2.0,2.0,100.0,0.0,0.0,0.0,https://www.expat-dakar.com/annonce/appartements-de-type-f3-6439761,1,622633.1707317074
expat,F5 haut standing Résidence Dima300,1300000.0,Almadies,4.0,4.0,180.0,0.0,0.0,1.0,https://www.expat-dakar.com/annonce/f5-haut-standing-residence-dima300-6512238,1,1074463.5443349753
expat,Appartement 3 chambres à louer à Mermoz El Tonn,900000.0,Mermoz,3.0,3.0,140.0,0.0,0.0,0.0,https://www.expat-dakar.com/annonce/appartement-3-chambres-a-louer-a-mermoz-el-tonn-6523543,1,1032668.5082872928
expat,Appartement à Foire cices RDC,375000.0,Hlm,3.0,3.0,140.0,0.0,0.0,0.0,https://www.expat-dakar.com/annonce/appartement-a-foire-cices-rdc-6557972,1,303214.28571428574
expat,ALMADIES : Appartement 3 chambres à louer – Sande Marieme,1100000.0,Almadies,3.0,3.0,140.0,0.0,0.0,0.0,https://www.expat-dakar.com/annonce/almadies-appartement-3-chambres-a-louer-sande-marieme-6503335,1,1074463.5443349753
expat,DAKAR ALMADIES : Appartement à louer 3 chambres – Massamba,1100000.0,Almadies,3.0,3.0,140.0,0.0,0.0,0.0,https://www.expat-dakar.com/annonce/dakar-almadies-appartement-a-louer-3-chambres-massamba-6503303,1,1074463.5443349753
expat,PLATEAU : Appartement 3 chambres à louer – LES OLIVIERS,1700000.0,Plateau,3.0,3.0,140.0,0.0,0.0,0.0,https://www.expat-dakar.com/annonce/plateau-appartement-3-chambres-a-louer-les-oliviers-6503330,1,1921323.5294117648
expat,DAKAR POINT-E : Appartement 3 chambres à louer – PLANTA,1100000.0,Point e,3.0,3.0,140.0,0.0,0.0,0.0,https://www.expat-dakar.com/annonce/dakar-point-e-appartement-3-chambres-a-louer-planta-6503325,1,1134739.1304347827
expat,MERMOZ : Appartement à louer 3 chambres – Adja Louise,1100000.0,Mermoz,3.0,3.0,140.0,0.0,0.0,0.0,https://www.expat-dakar.com/annonce/mermoz-appartement-a-louer-3-chambres-adja-louise-6503339,1,1032668.5082872928
expat,POINT E : Appartement à louer – 3 chambres – 2HM,850000.0,Point e,3.0,3.0,140.0,0.0,0.0,0.0,https://www.expat-dakar.com/annonce/point-e-appartement-a-louer-3-chambres-2hm-6503413,1,1134739.1304347827
expat,ALMADIES : Appartement à louer 3 chambres + bureau,2750000.0,Almadies,3.0,3.0,140.0,0.0,0.0,0.0,https://www.expat-dakar.com/annonce/almadies-appartement-a-louer-3-chambres-bureau-6503424,1,1074463.5443349753
expat,DAKAR PLATEAU : Appartement à louer – 3 chambres,1300000.0,Plateau,3.0,3.0,140.0,0.0,0.0,0.0,https://www.expat-dakar.com/annonce/dakar-plateau-appartement-a-louer-3-chambres-6503599,1,1921323.5294117648
expat,Appartements neuf,600000.0,Mamelles,3.0,3.0,140.0,0.0,0.0,1.0,https://www.expat-dakar.com/annonce/appartements-neuf-6557191,1,622633.1707317074
expat,Appartement à louer à Sacré cœur,400000.0,Sacré cœur,3.0,3.0,140.0,0.0,0.0,0.0,https://www.expat-dakar.com/annonce/appartement-a-louer-a-sacre-coeur-6534905,1,561458.3333333334
expat,STUDIO à louer à NGOR,275000.0,Point e,3.0,3.0,140.0,0.0,0.0,0.0,https://www.expat-dakar.com/annonce/studio-a-louer-a-ngor-6554592,1,1134739.1304347827
expat,APPARTEMENT F5 - POINT E,1750000.0,Point e,4.0,4.0,180.0,0.0,0.0,0.0,https://www.expat-dakar.com/annonce/appartement-f5-point-e-6539922,1,1134739.1304347827
expat,A loué un jolis apartuman a cite batrain mermouz,350000.0,Mermoz,3.0,3.0,140.0,0.0,0.0,0.0,https://www.expat-dakar.com/annonce/a-loue-un-jolis-apartuman-a-cite-batrain-mermouz-6554741,1,1032668.5082872928
expat,Splendide Appartement F3 à louer à la Résidence Water front,2000000.0,Mermoz,3.0,3.0,140.0,0.0,0.0,0.0,https://www.expat-dakar.com/annonce/splendide-appartement-f3-a-louer-a-la-residence-water-front-6508005,1,1032668.5082872928
expat,F4 haut standing à louer à la cité biagui,750000.0,Cité biagui,3.0,3.0,140.0,0.0,0.0,1.0,https://www.expat-dakar.com/annonce/f4-haut-standing-a-louer-a-la-cite-biagui-6541655,1,550000.0
expat,Très beau F2 meublé à Mermoz,350000.0,Mermoz,1.0,1.0,60.0,1.0,0.0,0.0,https://www.expat-dakar.com/annonce/tres-beau-f2-meuble-a-mermoz-6536741,1,1032668.5082872928
expat,Appartement à louer à Apix,280000.0,Keur Massar,4.0,4.0,180.0,0.0,0.0,0.0,https://www.expat-dakar.com/annonce/appartement-a-louer-a-apix-6556227,1,192000.0
expat,APPARTEMENT  NGOR ALMADIES,700000.0,Almadies,4.0,4.0,180.0,0.0,0.0,0.0,https://www.expat-dakar.com/annonce/appartement-ngor-almadies-6556211,1,1074463.5443349753
expat,Bel Appartement F3à louer aux Almadies,900000.0,Almadies,3.0,3.0,140.0,0.0,0.0,0.0,https://www.expat-dakar.com/annonce/bel-appartement-f3a-louer-aux-almadies-6509700,1,1074463.5443349753
expat,Appartement F4 Haut Standing à Louer – Point E,1200000.0,Point e,3.0,3.0,140.0,0.0,0.0,1.0,https://www.expat-dakar.com/annonce/appartement-f4-haut-standing-a-louer-point-e-6434768,1,1134739.1304347827
expat,Appartements de type F4 à louer aux Almadies,1010000.0,Almadies,3.0,3.0,140.0,0.0,0.0,0.0,https://www.expat-dakar.com/annonce/appartements-de-type-f4-a-louer-aux-almadies-6229214,1,1074463.5443349753
expat,A louer à Virage Appartements F5 de standing,1100000.0,Virage,4.0,4.0,180.0,0.0,0.0,1.0,https://www.expat-dakar.com/annonce/a-louer-a-virage-appartements-f5-de-standing-6248483,1,1043505.8823529412
expat,Appartement F4 Moderne à louer aux Almadies,1200000.0,Almadies,3.0,3.0,140.0,0.0,0.0,0.0,https://www.expat-dakar.com/annonce/appartement-f4-moderne-a-louer-aux-almadies-6509596,1,1074463.5443349753
expat,Studio à Louer – Batrain (RDC),250000.0,Mermoz,1.0,1.0,60.0,0.0,0.0,0.0,https://www.expat-dakar.com/annonce/studio-a-louer-batrain-rdc-6540140,1,1032668.5082872928
expat,Appartement F4 Haut Standing à Louer – Point E,1250000.0,Point e,4.0,4.0,180.0,0.0,0.0,1.0,https://www.expat-dakar.com/annonce/appartement-f4-haut-standing-a-louer-point-e-6547666,1,1134739.1304347827
expat,Appartement F3 à Louer – Mermoz Batrain (RDC),300000.0,Mermoz,2.0,2.0,100.0,0.0,0.0,0.0,https://www.expat-dakar.com/annonce/appartement-f3-a-louer-mermoz-batrain-rdc-6551123,1,1032668.5082872928
expat,APPARTEMENT A LOUE F3 ou T3 MARISTE,275000.0,Hann maristes,2.0,2.0,100.0,0.0,0.0,0.0,https://www.expat-dakar.com/annonce/appartement-a-loue-f3-ou-t3-mariste-6130610,1,354151.724137931
expat,APPARTEMENT F3 A LOUER NGOR EXTENSION,550000.0,Ngor,2.0,2.0,100.0,0.0,0.0,0.0,https://www.expat-dakar.com/annonce/appartement-f3-a-louer-ngor-extension-6555754,1,799681.1320754717
expat,STUDIO A LOUER MAMELLES,259000.0,Mamelles,3.0,3.0,140.0,0.0,0.0,0.0,https://www.expat-dakar.com/annonce/studio-a-louer-mamelles-6555748,1,622633.1707317074
expat,Appartement F3 à louer Almadies,450000.0,Almadies,3.0,3.0,140.0,0.0,0.0,0.0,https://www.expat-dakar.com/annonce/appartement-f3-a-louer-almadies-6452165,1,1074463.5443349753
expat,APPARTEMENT F4 ALMADIES RECASEMENT,600000.0,Almadies,3.0,3.0,140.0,0.0,0.0,0.0,https://www.expat-dakar.com/annonce/appartement-f4-almadies-recasement-6491772,1,1074463.5443349753
expat,Studio a louer a la cite belvédère,250000.0,Autre,1.0,1.0,60.0,0.0,0.0,0.0,https://www.expat-dakar.com/annonce/studio-a-louer-a-la-cite-belvedere-6555696,1,639511.9856115108
expat,Penthouss à louer aux Almadie de 3 chambres,1500000.0,Almadies,3.0,3.0,140.0,0.0,0.0,0.0,https://www.expat-dakar.com/annonce/penthouss-a-louer-aux-almadie-de-3-chambres-6555539,1,1074463.5443349753
expat,Plateaux bureaux 125m² en face SEDIMA Sortie 9,400000.0,Almadies 2,3.0,3.0,140.0,0.0,0.0,0.0,https://www.expat-dakar.com/annonce/plateaux-bureaux-125m2-en-face-sedima-sortie-9-6555494,1,362500.0
expat,Appartement à louer au Point E,1300000.0,Point e,3.0,3.0,140.0,0.0,0.0,0.0,https://www.expat-dakar.com/annonce/appartement-a-louer-au-point-e-6555380,1,1134739.1304347827
expat,Des studios à louer à la cité Almadie 2,160000.0,Almadies 2,1.0,1.0,60.0,0.0,0.0,0.0,https://www.expat-dakar.com/annonce/des-studios-a-louer-a-la-cite-almadie-2-6240099,1,362500.0
expat,Des appartements à louer à la cité Apix Tivaouane peulh,180000.0,Autre,3.0,3.0,140.0,0.0,0.0,0.0,https://www.expat-dakar.com/annonce/des-appartements-a-louer-a-la-cite-apix-tivaouane-peulh-6555154,1,639511.9856115108
expat,Appartement a louer à ouest foire 4,250000.0,Hlm,2.0,2.0,100.0,0.0,0.0,0.0,https://www.expat-dakar.com/annonce/appartement-a-louer-a-ouest-foire-4-6552452,1,303214.28571428574
expat,Appartement F3 Sacré Cœur 3,290000.0,Sacré cœur,2.0,2.0,100.0,0.0,0.0,0.0,https://www.expat-dakar.com/annonce/appartement-f3-sacre-coeur-3-6518308,1,561458.3333333334
expat,Appartements F4 moderne vue sur mer,1400000.0,Almadies,3.0,3.0,140.0,0.0,1.0,0.0,https://www.expat-dakar.com/annonce/appartements-f4-moderne-vue-sur-mer-6429351,1,1074463.5443349753
expat,Appartement à louer aux Almadies au 5e étage,1600000.0,Almadies,3.0,3.0,140.0,0.0,0.0,0.0,https://www.expat-dakar.com/annonce/appartement-a-louer-aux-almadies-au-5e-etage-6554689,1,1074463.5443349753
expat,Appartement neuf aux mamelles,475000.0,Mamelles,3.0,3.0,140.0,0.0,0.0,1.0,https://www.expat-dakar.com/annonce/appartement-neuf-aux-mamelles-6550021,1,622633.1707317074
expat,Appartement F3 Sacré coeur 3 VDN,600000.0,Autre,2.0,2.0,100.0,0.0,0.0,0.0,https://www.expat-dakar.com/annonce/appartement-f3-sacre-coeur-3-vdn-6554547,1,639511.9856115108
expat,Appartement A LOUER aux Mamelles,850000.0,Mamelles,3.0,3.0,140.0,0.0,0.0,0.0,https://www.expat-dakar.com/annonce/appartement-a-louer-aux-mamelles-6554423,1,622633.1707317074
expat,Appartement à louer au virage F4,800000.0,Virage,3.0,3.0,140.0,0.0,0.0,0.0,https://www.expat-dakar.com/annonce/appartement-a-louer-au-virage-f4-6490779,1,1043505.8823529412
expat,Appartement à louer (250m2) aux Almadies (école américaine),700000.0,Almadies,3.0,3.0,140.0,0.0,0.0,0.0,https://www.expat-dakar.com/annonce/appartement-a-louer-250m2-aux-almadies-ecole-americaine-6488919,1,1074463.5443349753
expat,Apt F4 jamais habité au point E,850000.0,Point e,3.0,3.0,140.0,0.0,0.0,0.0,https://www.expat-dakar.com/annonce/apt-f4-jamais-habite-au-point-e-6276637,1,1134739.1304347827
expat,Très joli F3 à Ngor Almadies,750000.0,Ngor,2.0,2.0,100.0,0.0,0.0,0.0,https://www.expat-dakar.com/annonce/tres-joli-f3-a-ngor-almadies-6288666,1,799681.1320754717
expat,Ref_2088_GL  Appartement de 225 m² à louer au point E,1500000.0,Point e,3.0,3.0,140.0,0.0,0.0,0.0,https://www.expat-dakar.com/annonce/ref-2088-gl-appartement-de-225-m2-a-louer-au-point-e-6293407,1,1134739.1304347827
expat,Appartement Epuré,800000.0,Mermoz,3.0,3.0,140.0,0.0,0.0,0.0,https://www.expat-dakar.com/annonce/appartement-epure-6554129,1,1032668.5082872928
expat,Magnifique appartement au MAMEL,475000.0,Mamelles,3.0,3.0,140.0,0.0,0.0,0.0,https://www.expat-dakar.com/annonce/magnifique-appartement-au-mamel-6538718,1,622633.1707317074
expat,Appartement meublé Mermoz,550000.0,Mermoz,1.0,1.0,60.0,1.0,0.0,0.0,https://www.expat-dakar.com/annonce/appartement-meuble-mermoz-6553960,1,1032668.5082872928
expat,Bel appartement a louer au Point E,900000.0,Point e,3.0,3.0,140.0,0.0,0.0,0.0,https://www.expat-dakar.com/annonce/bel-appartement-a-louer-au-point-e-6541617,1,1134739.1304347827
expat,STUDIO T2 NEUF A LOUER ( ZONE DE RECASEMENT),150000.0,Virage,1.0,1.0,60.0,0.0,0.0,1.0,https://www.expat-dakar.com/annonce/studio-t2-neuf-a-louer-zone-de-recasement-6553903,1,1043505.8823529412
expat,Ref_2896_SEY Appartement à louer à Mermoz,900000.0,Mermoz,3.0,3.0,140.0,0.0,0.0,0.0,https://www.expat-dakar.com/annonce/ref-2896-sey-appartement-a-louer-a-mermoz-6551828,1,1032668.5082872928
expat,Magnifique Appartement au Almadie  près du brioche dorée,900000.0,Almadies,3.0,3.0,140.0,0.0,0.0,0.0,https://www.expat-dakar.com/annonce/magnifique-appartement-au-almadie-pres-du-brioche-doree-6432872,1,1074463.5443349753
expat,APPARTEMENT F4 À NGOR VIRAGE,800000.0,Ngor,3.0,3.0,140.0,0.0,0.0,0.0,https://www.expat-dakar.com/annonce/appartement-f4-a-ngor-virage-6553446,1,799681.1320754717
expat,APPARTEMENT OUAKAM MONUMENT,400000.0,Mamelles,3.0,3.0,140.0,0.0,0.0,0.0,https://www.expat-dakar.com/annonce/appartement-ouakam-monument-6553444,1,622633.1707317074
expat,Studio vue sur Mer à Louer à Mermoz,850000.0,Mermoz,1.0,1.0,60.0,0.0,1.0,0.0,https://www.expat-dakar.com/annonce/studio-vue-sur-mer-a-louer-a-mermoz-6473784,1,1032668.5082872928
expat,Appartement F3 à louer aux Almadies,362600.0,Almadies,3.0,3.0,140.0,0.0,0.0,0.0,https://www.expat-dakar.com/annonce/appartement-f3-a-louer-aux-almadies-6552189,1,1074463.5443349753
expat,Appartement Duplex F4 Mamelles,621600.0,Mamelles,3.0,3.0,140.0,0.0,0.0,0.0,https://www.expat-dakar.com/annonce/appartement-duplex-f4-mamelles-6536448,1,622633.1707317074
expat,Appartement de 4 chambre à louer à Malicounda,250000.0,Autre,4.0,4.0,180.0,0.0,0.0,0.0,https://www.expat-dakar.com/annonce/appartement-de-4-chambre-a-louer-a-malicounda-6541895,1,639511.9856115108
expat,Appartement 02 chambres à louer à Nord Foire,300000.0,Nord foire,3.0,3.0,140.0,0.0,0.0,0.0,https://www.expat-dakar.com/annonce/appartement-02-chambres-a-louer-a-nord-foire-6552672,1,309941.17647058825
expat,Appartement à louer au plateau,1100000.0,Plateau,3.0,3.0,140.0,0.0,0.0,0.0,https://www.expat-dakar.com/annonce/appartement-a-louer-au-plateau-6435547,1,1921323.5294117648
expat,Appartement F3 salon à louer au plateau,800000.0,Plateau,3.0,3.0,140.0,0.0,0.0,0.0,https://www.expat-dakar.com/annonce/appartement-f3-salon-a-louer-au-plateau-6479159,1,1921323.5294117648
expat,Ref_2406_GL Bel appartement  à louer à Karak-école police,800000.0,Point e,4.0,4.0,180.0,0.0,0.0,0.0,https://www.expat-dakar.com/annonce/ref-2406-gl-bel-appartement-a-louer-a-karak-ecole-police-6416021,1,1134739.1304347827
expat,Ref_2690_GL Penthouse neuf à louer aux Almadies,4500000.0,Almadies,5.0,5.0,220.0,0.0,0.0,1.0,https://www.expat-dakar.com/annonce/ref-2690-gl-penthouse-neuf-a-louer-aux-almadies-6199484,1,1074463.5443349753
expat,APPARTEMENT,1000000.0,Mermoz,3.0,3.0,140.0,0.0,0.0,0.0,https://www.expat-dakar.com/annonce/appartement-6552020,1,1032668.5082872928
expat,APPARTEMENT TYPE F4,550000.0,Mamelles,3.0,3.0,140.0,0.0,0.0,0.0,https://www.expat-dakar.com/annonce/appartement-type-f4-6551832,1,622633.1707317074
expat,Appartement moderne,1000000.0,Almadies,3.0,3.0,140.0,0.0,0.0,0.0,https://www.expat-dakar.com/annonce/appartement-moderne-6543493,1,1074463.5443349753
expat,Appartement à louer à liberté 6,650000.0,Liberte 6,3.0,3.0,140.0,0.0,0.0,0.0,https://www.expat-dakar.com/annonce/appartement-a-louer-a-liberte-6-6551848,1,449210.5263157895
expat,Appartement à louer au point E,1200000.0,Point e,3.0,3.0,140.0,0.0,0.0,0.0,https://www.expat-dakar.com/annonce/appartement-a-louer-au-point-e-6551846,1,1134739.1304347827
expat,APPARTEMENT A LOUER AU POINT E,1000000.0,Point e,3.0,3.0,140.0,0.0,0.0,0.0,https://www.expat-dakar.com/annonce/appartement-a-louer-au-point-e-6551826,1,1134739.1304347827
expat,Appartement de deux chambres à louer à jaxaay,120000.0,Keur Massar,2.0,2.0,100.0,0.0,0.0,0.0,https://www.expat-dakar.com/annonce/appartement-de-deux-chambres-a-louer-a-jaxaay-6481209,1,192000.0
expat,Luxueux et lumineux studio Hann Marinas,350000.0,Hann marinas,1.0,1.0,60.0,0.0,0.0,0.0,https://www.expat-dakar.com/annonce/luxueux-et-lumineux-studio-hann-marinas-6334468,1,487500.0
expat,Joli appartement ngor almadies en face école bilingue,450000.0,Almadies,3.0,3.0,140.0,0.0,0.0,0.0,https://www.expat-dakar.com/annonce/joli-appartement-ngor-almadies-en-face-ecole-bilingue-6278406,1,1074463.5443349753
expat,Appartements pieds dans l’eau à louer au Virage,1700000.0,Virage,3.0,3.0,140.0,0.0,0.0,0.0,https://www.expat-dakar.com/annonce/appartements-pieds-dans-leau-a-louer-au-virage-6548794,1,1043505.8823529412
expat,Appartement à louer à Mermoz,650000.0,Mermoz,3.0,3.0,140.0,0.0,0.0,0.0,https://www.expat-dakar.com/annonce/appartement-a-louer-a-mermoz-6549846,1,1032668.5082872928
expat,DUPLEX DE 4 CHAMBRES A FANN RÉSIDENCE,2500000.0,Fann,4.0,4.0,180.0,0.0,0.0,0.0,https://www.expat-dakar.com/annonce/duplex-de-4-chambres-a-fann-residence-6273273,1,2078164.430379747
expat,Appartement Aéré,450000.0,Sicap Liberté,2.0,2.0,100.0,0.0,0.0,0.0,https://www.expat-dakar.com/annonce/appartement-aere-6551026,1,425714.28571428574
expat,Studio à louer à Tivaouane Peulh cité Rose,120000.0,Hlm,2.0,2.0,100.0,0.0,0.0,0.0,https://www.expat-dakar.com/annonce/studio-a-louer-a-tivaouane-peulh-cite-rose-6550739,1,303214.28571428574
expat,APPARTEMENT NEUF STANDING À LOUER LIBERTÉ 5,800000.0,Autre,3.0,3.0,140.0,0.0,0.0,1.0,https://www.expat-dakar.com/annonce/appartement-neuf-standing-a-louer-liberte-5-6452847,1,639511.9856115108
expat,Magnifique Appartement F4 à Sacré Cœur 1,650000.0,Sacré cœur,3.0,3.0,140.0,0.0,0.0,0.0,https://www.expat-dakar.com/annonce/magnifique-appartement-f4-a-sacre-coeur-1-6550797,1,561458.3333333334
expat,Appartement F5 à louer Corniche fenêtre mermoz,1400000.0,Mermoz,3.0,3.0,140.0,0.0,0.0,0.0,https://www.expat-dakar.com/annonce/appartement-f5-a-louer-corniche-fenetre-mermoz-6550711,1,1032668.5082872928
expat,APPARTEMENT F4 AUX MAMELLES,600000.0,Mamelles,3.0,3.0,140.0,0.0,0.0,0.0,https://www.expat-dakar.com/annonce/appartement-f4-aux-mamelles-6550341,1,622633.1707317074
expat,Appartement  meublé avec piscine – Almadies,1500000.0,Almadies,1.0,1.0,60.0,1.0,0.0,0.0,https://www.expat-dakar.com/annonce/appartement-meuble-avec-piscine-almadies-6550228,1,1074463.5443349753
expat,Jolis appartements F4 au Point E,1000000.0,Point e,3.0,3.0,140.0,0.0,0.0,0.0,https://www.expat-dakar.com/annonce/jolis-appartements-f4-au-point-e-6426915,1,1134739.1304347827
expat,F4 à louer Almadi,1700000.0,Sacré cœur,3.0,3.0,140.0,0.0,0.0,0.0,https://www.expat-dakar.com/annonce/f4-a-louer-almadi-6550047,1,561458.3333333334
expat,Appartement F4 à louer à la Cite Marine Dalifort,300000.0,Autre,3.0,3.0,140.0,0.0,0.0,0.0,https://www.expat-dakar.com/annonce/appartement-f4-a-louer-a-la-cite-marine-dalifort-6549909,1,639511.9856115108
expat,Appartements à louer à Ngor,350000.0,Hlm,3.0,3.0,140.0,0.0,0.0,0.0,https://www.expat-dakar.com/annonce/appartements-a-louer-a-ngor-6547074,1,303214.28571428574
expat,Appartements à louer ouakam P7,300000.0,Hlm,2.0,2.0,100.0,0.0,0.0,0.0,https://www.expat-dakar.com/annonce/appartements-a-louer-ouakam-p7-6549835,1,303214.28571428574
expat,Duplex à louer à fann résidence,2500000.0,Fann,3.0,3.0,140.0,0.0,0.0,0.0,https://www.expat-dakar.com/annonce/duplex-a-louer-a-fann-residence-6549847,1,2078164.430379747
expat,A loué un grande apartuman de 3chambrsalon  2balcon,350000.0,Ouakam,3.0,3.0,140.0,0.0,0.0,0.0,https://www.expat-dakar.com/annonce/a-loue-un-grande-apartuman-de-3chambrsalon-2balcon-6537342,1,740800.0
expat,Appartement F2 à la Cité Africa - Corniche,600000.0,Corniche,1.0,1.0,60.0,0.0,0.0,0.0,https://www.expat-dakar.com/annonce/appartement-f2-a-la-cite-africa-corniche-6527079,1,1858333.3333333333
expat,Ref_2745_PL À Louer : Résidence aux Almadies,1350000.0,Almadies,1.0,1.0,60.0,0.0,0.0,0.0,https://www.expat-dakar.com/annonce/ref-2745-pl-a-louer-residence-aux-almadies-6239620,1,1074463.5443349753
expat,Appartement de type F5 à louer,350000.0,Nord foire,4.0,4.0,180.0,0.0,0.0,0.0,https://www.expat-dakar.com/annonce/appartement-de-type-f5-a-louer-6493495,1,309941.17647058825
expat,Ref_2832_PL Appartement à louer à  Fann Résidence,2500000.0,Fann,3.0,3.0,140.0,0.0,0.0,0.0,https://www.expat-dakar.com/annonce/ref-2832-pl-appartement-a-louer-a-fann-residence-6382524,1,2078164.430379747
expat,Appartement grand Standing,1400000.0,Fenêtre mermoz,3.0,3.0,140.0,0.0,0.0,1.0,https://www.expat-dakar.com/annonce/appartement-grand-standing-6433296,1,1814315.7894736843
expat,Studio moderne à NAFAÏA – RDC avec grande terrasse,1550000.0,Fann,1.0,1.0,60.0,0.0,0.0,0.0,https://www.expat-dakar.com/annonce/studio-moderne-a-nafaia-rdc-avec-grande-terrasse-6523661,1,2078164.430379747
expat,Appartement haut standing 4 pièces Ngor Almadies,1000000.0,Almadies,3.0,3.0,140.0,0.0,0.0,1.0,https://www.expat-dakar.com/annonce/appartement-haut-standing-4-pieces-ngor-almadies-6548627,1,1074463.5443349753
expat,Appartement F3 de 120 m² avec terrasse à louer – Ngor,700000.0,Ngor,2.0,2.0,100.0,0.0,0.0,0.0,https://www.expat-dakar.com/annonce/appartement-f3-de-120-m2-avec-terrasse-a-louer-ngor-6365297,1,799681.1320754717
expat,Appartement F4 à louer – Sicap Liberté,800000.0,Sicap Liberté,3.0,3.0,140.0,0.0,0.0,0.0,https://www.expat-dakar.com/annonce/appartement-f4-a-louer-sicap-liberte-6478839,1,425714.28571428574
expat,Appartement F4 à louer – Mamelles,950000.0,Mamelles,3.0,3.0,140.0,0.0,0.0,0.0,https://www.expat-dakar.com/annonce/appartement-f4-a-louer-mamelles-6489729,1,622633.1707317074
expat,Appartement haut standing avec vue mer à louer  aux Almadies,2200000.0,Almadies,3.0,3.0,140.0,0.0,1.0,1.0,https://www.expat-dakar.com/annonce/appartement-haut-standing-avec-vue-mer-a-louer-aux-almadies-6482463,1,1074463.5443349753
expat,Appartement F4 avec vue/mer à Ngor almadies,1300000.0,Almadies,3.0,3.0,140.0,0.0,0.0,0.0,https://www.expat-dakar.com/annonce/appartement-f4-avec-vuemer-a-ngor-almadies-6051473,1,1074463.5443349753
expat,studio moderne,325000.0,Almadies,1.0,1.0,60.0,0.0,0.0,0.0,https://www.expat-dakar.com/annonce/studio-moderne-6547998,1,1074463.5443349753
expat,Plateau corniche cap manuel appartement à louer,2300000.0,Plateau,3.0,3.0,140.0,0.0,0.0,0.0,https://www.expat-dakar.com/annonce/plateau-corniche-cap-manuel-appartement-a-louer-6310539,1,1921323.5294117648
expat,Appartement neuf lumineux avec balcon et climatisation,850000.0,Yoff,3.0,3.0,140.0,0.0,0.0,1.0,https://www.expat-dakar.com/annonce/appartement-neuf-lumineux-avec-balcon-et-climatisation-6547845,1,528798.4732824428
expat,Appartements 2 chambres + Salon,120000.0,Autre,2.0,2.0,100.0,0.0,0.0,0.0,https://www.expat-dakar.com/annonce/appartements-2-chambres-salon-6545268,1,639511.9856115108
expat,Appartement F3 à louer aux Mamelles Cité Magistral,300000.0,Mamelles,2.0,2.0,100.0,0.0,0.0,0.0,https://www.expat-dakar.com/annonce/appartement-f3-a-louer-aux-mamelles-cite-magistral-6545764,1,622633.1707317074
expat,Appartement F4 de 200 m2 à louer au Point E,1200000.0,Point e,3.0,3.0,140.0,0.0,0.0,0.0,https://www.expat-dakar.com/annonce/appartement-f4-de-200-m2-a-louer-au-point-e-6105332,1,1134739.1304347827
expat,Appartement Haut Standing à la Fenêtre Mermoz,1800000.0,Fenêtre mermoz,4.0,4.0,180.0,0.0,0.0,1.0,https://www.expat-dakar.com/annonce/appartement-haut-standing-a-la-fenetre-mermoz-6529541,1,1814315.7894736843
expat,Appartement deux chambres salon à louer à zac mbao,140000.0,Zac Mbao,2.0,2.0,100.0,0.0,0.0,0.0,https://www.expat-dakar.com/annonce/appartement-deux-chambres-salon-a-louer-a-zac-mbao-6538796,1,185714.2857142857
expat,F3 à louer au virage,425000.0,Virage,2.0,2.0,100.0,0.0,0.0,0.0,https://www.expat-dakar.com/annonce/f3-a-louer-au-virage-6532174,1,1043505.8823529412
expat,Villa F8 R+2 à louer – Sacré-Cœur 1,850000.0,Autre,6.0,6.0,260.0,0.0,0.0,0.0,https://www.expat-dakar.com/annonce/villa-f8-r2-a-louer-sacre-coeur-1-6538436,1,639511.9856115108
expat,Appartement à louer,400000.0,Almadies 2,3.0,3.0,140.0,0.0,0.0,0.0,https://www.expat-dakar.com/annonce/appartement-a-louer-6541578,1,362500.0
expat,Studio à louer,200000.0,Almadies 2,1.0,1.0,60.0,0.0,0.0,0.0,https://www.expat-dakar.com/annonce/studio-a-louer-6541551,1,362500.0
expat,Appartement à louer,275000.0,Almadies 2,2.0,2.0,100.0,0.0,0.0,0.0,https://www.expat-dakar.com/annonce/appartement-a-louer-6541133,1,362500.0
expat,Appartement F3 à louer au centre ville,800000.0,Plateau,3.0,3.0,140.0,0.0,0.0,0.0,https://www.expat-dakar.com/annonce/appartement-f3-a-louer-au-centre-ville-6468798,1,1921323.5294117648
expat,Appartement F4 à louer au centre ville,1000000.0,Plateau,3.0,3.0,140.0,0.0,0.0,0.0,https://www.expat-dakar.com/annonce/appartement-f4-a-louer-au-centre-ville-6468832,1,1921323.5294117648
expat,Appartement à Mermoz,300000.0,Mermoz,2.0,2.0,100.0,0.0,0.0,0.0,https://www.expat-dakar.com/annonce/appartement-a-mermoz-6547325,1,1032668.5082872928
expat,Appartement de type F3 et F4 à louer en ville,550000.0,Plateau,2.0,2.0,100.0,0.0,0.0,0.0,https://www.expat-dakar.com/annonce/appartement-de-type-f3-et-f4-a-louer-en-ville-6547321,1,1921323.5294117648
expat,Appartement 4 chambres salon à louer aux points e,1500000.0,Point e,4.0,4.0,180.0,0.0,0.0,0.0,https://www.expat-dakar.com/annonce/appartement-4-chambres-salon-a-louer-aux-points-e-6529439,1,1134739.1304347827
expat,Appartement de 5 chambres,500000.0,Autre,5.0,5.0,220.0,0.0,0.0,0.0,https://www.expat-dakar.com/annonce/appartement-de-5-chambres-6546745,1,639511.9856115108
expat,2 chambres salon à louer à Yoff aeroport,450000.0,Yoff,2.0,2.0,100.0,0.0,0.0,0.0,https://www.expat-dakar.com/annonce/2-chambres-salon-a-louer-a-yoff-aeroport-6329512,1,528798.4732824428
expat,Appartement à louer à Yoff ocean,850000.0,Virage,3.0,3.0,140.0,0.0,0.0,0.0,https://www.expat-dakar.com/annonce/appartement-a-louer-a-yoff-ocean-6513347,1,1043505.8823529412
expat,Appartement haut standing F4 aux Almadies non loin du casino,1000000.0,Almadies,3.0,3.0,140.0,0.0,0.0,1.0,https://www.expat-dakar.com/annonce/appartement-haut-standing-f4-aux-almadies-non-loin-du-casino-6546684,1,1074463.5443349753
expat,Appartement F3 neuf et climatisé Almadies 2,200000.0,Rufisque,2.0,2.0,100.0,0.0,0.0,1.0,https://www.expat-dakar.com/annonce/appartement-f3-neuf-et-climatise-almadies-2-6546616,1,299583.3333333333
expat,Penthouse Non Meublé à louer,800000.0,Zone de captage,3.0,3.0,140.0,1.0,0.0,0.0,https://www.expat-dakar.com/annonce/penthouse-non-meuble-a-louer-6540868,1,421428.5714285714
expat,Magnifique Duplex a louer aux Mamelles,800000.0,Mamelles,4.0,4.0,180.0,0.0,0.0,0.0,https://www.expat-dakar.com/annonce/magnifique-duplex-a-louer-aux-mamelles-6546592,1,622633.1707317074
expat,Magnifique F3 a louer,800000.0,Ouakam,2.0,2.0,100.0,0.0,0.0,0.0,https://www.expat-dakar.com/annonce/magnifique-f3-a-louer-6546578,1,740800.0
expat,F4 Haut Standing,1000000.0,Ouakam,3.0,3.0,140.0,0.0,0.0,1.0,https://www.expat-dakar.com/annonce/f4-haut-standing-6546557,1,740800.0
expat,Appartement Neuf et Spacieux à Vdn Mourtada,650000.0,VDN,3.0,3.0,140.0,0.0,0.0,1.0,https://www.expat-dakar.com/annonce/appartement-neuf-et-spacieux-a-vdn-mourtada-6546455,1,604847.2222222222
expat,Appartement neuf à louer à Mermoz El Tonn 3 chambres,900000.0,Mermoz,3.0,3.0,140.0,0.0,0.0,1.0,https://www.expat-dakar.com/annonce/appartement-neuf-a-louer-a-mermoz-el-tonn-3-chambres-6546333,1,1032668.5082872928
expat,Mermoz deux chambres salon à louer,400000.0,Sacré cœur,2.0,2.0,100.0,0.0,0.0,0.0,https://www.expat-dakar.com/annonce/mermoz-deux-chambres-salon-a-louer-6545362,1,561458.3333333334
expat,Appartement aux Almadies,850000.0,Almadies,3.0,3.0,140.0,0.0,0.0,0.0,https://www.expat-dakar.com/annonce/appartement-aux-almadies-6545819,1,1074463.5443349753
expat,Appartement 4 chambres 2 salon corniche Ouakan,2000000.0,Ouakam,4.0,4.0,180.0,0.0,0.0,0.0,https://www.expat-dakar.com/annonce/appartement-4-chambres-2-salon-corniche-ouakan-6545741,1,740800.0
expat,Appartement de 2 chambres,300000.0,Nord foire,2.0,2.0,100.0,0.0,0.0,0.0,https://www.expat-dakar.com/annonce/appartement-de-2-chambres-6545623,1,309941.17647058825
expat,Appartement à Louer à Saint-Louis,600000.0,Autre,2.0,2.0,100.0,0.0,0.0,0.0,https://www.expat-dakar.com/annonce/appartement-a-louer-a-saint-louis-6545603,1,639511.9856115108
expat,Studio à louer à la cité LSS,185000.0,Parcelles Assainies,1.0,1.0,60.0,0.0,0.0,0.0,https://www.expat-dakar.com/annonce/studio-a-louer-a-la-cite-lss-6318688,1,220357.14285714287
expat,Appartements Cité Djily Mbaye Diamalaye,450000.0,Autre,3.0,3.0,140.0,0.0,0.0,0.0,https://www.expat-dakar.com/annonce/appartements-cite-djily-mbaye-diamalaye-6535933,1,639511.9856115108
expat,Appartements Haut standing Liberté 6 - 2 voies,725000.0,Liberte 6,3.0,3.0,140.0,0.0,0.0,1.0,https://www.expat-dakar.com/annonce/appartements-haut-standing-liberte-6-2-voies-6532281,1,449210.5263157895
expat,Villa de haut standing à louer aux Mamelles,1800000.0,Mamelles,7.0,7.0,300.0,0.0,0.0,1.0,https://www.expat-dakar.com/annonce/villa-de-haut-standing-a-louer-aux-mamelles-6396079,1,622633.1707317074
expat,Appartement à louer,400000.0,Hlm,3.0,3.0,140.0,0.0,0.0,0.0,https://www.expat-dakar.com/annonce/appartement-a-louer-6544601,1,303214.28571428574
expat,Studio à Ouest Foire,210000.0,Ouest foire,1.0,1.0,60.0,0.0,0.0,0.0,https://www.expat-dakar.com/annonce/studio-a-ouest-foire-6544661,1,317380.95238095237
expat,Bel appartement F4 a Sacré cœur derrière GOOD RED,425000.0,Sacré cœur,3.0,3.0,140.0,0.0,0.0,0.0,https://www.expat-dakar.com/annonce/bel-appartement-f4-a-sacre-coeur-derriere-good-red-6544625,1,561458.3333333334
expat,Bel appartement sur la corniche  de Fann,2800000.0,Fann,3.0,3.0,140.0,0.0,0.0,0.0,https://www.expat-dakar.com/annonce/bel-appartement-sur-la-corniche-de-fann-6403311,1,2078164.430379747
expat,Appartement meublé de type F2 à louer à Ngor almadies,850000.0,Almadies,1.0,1.0,60.0,1.0,0.0,0.0,https://www.expat-dakar.com/annonce/appartement-meuble-de-type-f2-a-louer-a-ngor-almadies-6544239,1,1074463.5443349753
expat,APPARTEMENT À LOUER MAMELLES MONUMENT,280000.0,Mamelles,2.0,2.0,100.0,0.0,0.0,0.0,https://www.expat-dakar.com/annonce/appartement-a-louer-mamelles-monument-6506907,1,622633.1707317074
expat,Appartement neuf,700000.0,Dakar,3.0,3.0,140.0,0.0,0.0,1.0,https://www.expat-dakar.com/annonce/appartement-neuf-6543743,1,801875.0
expat,Appartement F3 à louer Mamelles,275000.0,Mamelles,2.0,2.0,100.0,0.0,0.0,0.0,https://www.expat-dakar.com/annonce/appartement-f3-a-louer-mamelles-6543716,1,622633.1707317074
expat,Appartements Triplexe Virage,1150000.0,Virage,3.0,3.0,140.0,0.0,0.0,0.0,https://www.expat-dakar.com/annonce/appartements-triplexe-virage-6471979,1,1043505.8823529412
expat,Appartement RDC de standing à louer – Fann Résidence,1800000.0,Fann,3.0,3.0,140.0,0.0,0.0,1.0,https://www.expat-dakar.com/annonce/appartement-rdc-de-standing-a-louer-fann-residence-6539769,1,2078164.430379747
expat,Appartement spacieux à Golf,200000.0,Autre,2.0,2.0,100.0,0.0,0.0,0.0,https://www.expat-dakar.com/annonce/appartement-spacieux-a-golf-6540754,1,639511.9856115108
expat,Appartement spécieux et de standing à louer,932400.0,Ngor,3.0,3.0,140.0,0.0,0.0,1.0,https://www.expat-dakar.com/annonce/appartement-specieux-et-de-standing-a-louer-6528025,1,799681.1320754717
expat,Appartements à Louer - Ouakam,300000.0,Ouakam,2.0,2.0,100.0,0.0,0.0,0.0,https://www.expat-dakar.com/annonce/appartements-a-louer-ouakam-6543268,1,740800.0
expat,Appartement Triplex à louer au Virage,1200000.0,Virage,3.0,3.0,140.0,0.0,0.0,0.0,https://www.expat-dakar.com/annonce/appartement-triplex-a-louer-au-virage-6543236,1,1043505.8823529412
expat,Appartements neufs à louer aux Almadies,1500000.0,Almadies,3.0,3.0,140.0,0.0,0.0,1.0,https://www.expat-dakar.com/annonce/appartements-neufs-a-louer-aux-almadies-6543251,1,1074463.5443349753
expat,Superbe F3 à louer au Point E,1200000.0,Point e,3.0,3.0,140.0,0.0,0.0,0.0,https://www.expat-dakar.com/annonce/superbe-f3-a-louer-au-point-e-6434735,1,1134739.1304347827
expat,Appartement F4 meublé à louer aux Almadies,2000000.0,Almadies,3.0,3.0,140.0,1.0,0.0,0.0,https://www.expat-dakar.com/annonce/appartement-f4-meuble-a-louer-aux-almadies-6480230,1,1074463.5443349753
expat,Appartement à louer a Mermoz,600000.0,Mermoz,3.0,3.0,140.0,0.0,0.0,0.0,https://www.expat-dakar.com/annonce/appartement-a-louer-a-mermoz-6456972,1,1032668.5082872928
expat,F4 cité keur gorgui,700000.0,Cité keur gorgui,3.0,3.0,140.0,0.0,0.0,0.0,https://www.expat-dakar.com/annonce/f4-cite-keur-gorgui-6542910,1,740577.7777777778
expat,Duplex vue mer virage,2000000.0,Virage,3.0,3.0,140.0,0.0,1.0,0.0,https://www.expat-dakar.com/annonce/duplex-vue-mer-virage-6284030,1,1043505.8823529412
expat,À louer un appart RDC aux mamelles,500000.0,Mamelles,3.0,3.0,140.0,0.0,0.0,0.0,https://www.expat-dakar.com/annonce/a-louer-un-appart-rdc-aux-mamelles-6529364,1,622633.1707317074
expat,Appartement Meublé à louer,350000.0,Zac Mbao,2.0,2.0,100.0,1.0,0.0,0.0,https://www.expat-dakar.com/annonce/appartement-meuble-a-louer-6541980,1,185714.2857142857
expat,Appartement à louer pres du lycee Mermoz,320000.0,Ouakam,2.0,2.0,100.0,0.0,0.0,0.0,https://www.expat-dakar.com/annonce/appartement-a-louer-pres-du-lycee-mermoz-6535851,1,740800.0
expat,Almadie Magnifiques à appartement vue sur mer,1700000.0,Almadies,3.0,3.0,140.0,0.0,1.0,0.0,https://www.expat-dakar.com/annonce/almadie-magnifiques-a-appartement-vue-sur-mer-6276454,1,1074463.5443349753
expat,Appartement penthouse F5 à louer au point e,3000000.0,Point e,4.0,4.0,180.0,0.0,0.0,0.0,https://www.expat-dakar.com/annonce/appartement-penthouse-f5-a-louer-au-point-e-6541994,1,1134739.1304347827
expat,Corniche fan résidence 4 chambres 2 em étage,2800000.0,Fann,4.0,4.0,180.0,0.0,0.0,0.0,https://www.expat-dakar.com/annonce/corniche-fan-residence-4-chambres-2-em-etage-6532981,1,2078164.430379747
expat,Bel appartement a louer a Sicap Dieupeul,550000.0,Autre,3.0,3.0,140.0,0.0,0.0,0.0,https://www.expat-dakar.com/annonce/bel-appartement-a-louer-a-sicap-dieupeul-6535824,1,639511.9856115108
expat,Bel appartement à louer,900000.0,Mermoz,3.0,3.0,140.0,0.0,0.0,0.0,https://www.expat-dakar.com/annonce/bel-appartement-a-louer-6541675,1,1032668.5082872928
expat,Appartement F5 à louer aux Almadies,1200000.0,Almadies,3.0,3.0,140.0,0.0,0.0,0.0,https://www.expat-dakar.com/annonce/appartement-f5-a-louer-aux-almadies-6511199,1,1074463.5443349753
expat,Appartements à louer aux Almadies,1500000.0,Almadies,3.0,3.0,140.0,0.0,0.0,0.0,https://www.expat-dakar.com/annonce/appartements-a-louer-aux-almadies-6507451,1,1074463.5443349753
expat,Magasin à louer,400000.0,Almadies 2,3.0,3.0,140.0,0.0,0.0,0.0,https://www.expat-dakar.com/annonce/magasin-a-louer-6541548,1,362500.0
expat,Appartement F3 à louer à la cité Biagui Yoff virage,300000.0,Yoff,2.0,2.0,100.0,0.0,0.0,0.0,https://www.expat-dakar.com/annonce/appartement-f3-a-louer-a-la-cite-biagui-yoff-virage-6528677,1,528798.4732824428
expat,Ref_2893_PL Bel appartement à louer à Mermoz,2500000.0,Mermoz,3.0,3.0,140.0,0.0,0.0,0.0,https://www.expat-dakar.com/annonce/ref-2893-pl-bel-appartement-a-louer-a-mermoz-6541077,1,1032668.5082872928
expat,Propriété commerciale à Sipres (bordure de route),466000.0,VDN,3.0,3.0,140.0,0.0,0.0,0.0,https://www.expat-dakar.com/annonce/propriete-commerciale-a-sipres-bordure-de-route-6540949,1,604847.2222222222
expat,Ref_2891_SEY Appartement à louer au Point E,1000000.0,Point e,3.0,3.0,140.0,0.0,0.0,0.0,https://www.expat-dakar.com/annonce/ref-2891-sey-appartement-a-louer-au-point-e-6535054,1,1134739.1304347827
expat,Penthouss 5 chambres louer à fan hock vue mer,3000000.0,Fann Hock,5.0,5.0,220.0,0.0,1.0,0.0,https://www.expat-dakar.com/annonce/penthouss-5-chambres-louer-a-fan-hock-vue-mer-6540738,1,1711111.111111111
expat,Studio spacieux aux Parcelles Assainies (unité 8),185000.0,Parcelles Assainies,1.0,1.0,60.0,0.0,0.0,0.0,https://www.expat-dakar.com/annonce/studio-spacieux-aux-parcelles-assainies-unite-8-6540745,1,220357.14285714287
expat,Appartement à louer vue sur mer,1500000.0,Corniche,4.0,4.0,180.0,0.0,1.0,0.0,https://www.expat-dakar.com/annonce/appartement-a-louer-vue-sur-mer-6485113,1,1858333.3333333333
expat,Appartement  à louer à Hann Marinass,900000.0,Hann marinas,3.0,3.0,140.0,0.0,0.0,0.0,https://www.expat-dakar.com/annonce/appartement-a-louer-a-hann-marinass-6540062,1,487500.0
expat,APPARTEMENT à LOUER à YOFF BIAGUI,500000.0,Yoff,3.0,3.0,140.0,0.0,0.0,0.0,https://www.expat-dakar.com/annonce/appartement-a-louer-a-yoff-biagui-6540040,1,528798.4732824428
expat,Appartement de 04 chambres + salon à Mermoz,750000.0,Mermoz,3.0,3.0,140.0,0.0,0.0,0.0,https://www.expat-dakar.com/annonce/appartement-de-04-chambres-salon-a-mermoz-6540086,1,1032668.5082872928
expat,Lumineux F3 vue mer Waterfront,1500000.0,Mermoz,2.0,2.0,100.0,0.0,1.0,0.0,https://www.expat-dakar.com/annonce/lumineux-f3-vue-mer-waterfront-6476943,1,1032668.5082872928
expat,Appertement à louer à la cité ataya,550000.0,Cite Mixta,4.0,4.0,180.0,0.0,0.0,0.0,https://www.expat-dakar.com/annonce/appertement-a-louer-a-la-cite-ataya-6540026,1,352000.0
expat,VILLA R+1 A MBAO VILLENEUVE,500000.0,Mbao,3.0,3.0,140.0,0.0,0.0,1.0,https://www.expat-dakar.com/annonce/villa-r1-a-mbao-villeneuve-6538294,1,247775.0
expat,🌟 APPARTEMENT F4 HAUT STANDING – ALMADIES 🌟,750000.0,Almadies,3.0,3.0,140.0,0.0,0.0,1.0,https://www.expat-dakar.com/annonce/appartement-f4-haut-standing-almadies-6540003,1,1074463.5443349753
expat,Appartement aux hlm grand yoff,280000.0,Hlm grand yoff,2.0,2.0,100.0,0.0,0.0,0.0,https://www.expat-dakar.com/annonce/appartement-aux-hlm-grand-yoff-6539975,1,223333.33333333334
expat,Appartement à ouest foire,350000.0,Ouest foire,3.0,3.0,140.0,0.0,0.0,0.0,https://www.expat-dakar.com/annonce/appartement-a-ouest-foire-6539959,1,317380.95238095237
expat,APPARTEMENT F3 - MERMOZ SOTRAC,500000.0,Mermoz,2.0,2.0,100.0,0.0,0.0,0.0,https://www.expat-dakar.com/annonce/appartement-f3-mermoz-sotrac-6539926,1,1032668.5082872928
expat,Ref_2706_GL F4 avec une vue dégagée à louer aux Almadies,1300000.0,Almadies,3.0,3.0,140.0,0.0,0.0,0.0,https://www.expat-dakar.com/annonce/ref-2706-gl-f4-avec-une-vue-degagee-a-louer-aux-almadies-6538356,1,1074463.5443349753
expat,Appartement F3 a louer Mamelles,500000.0,Mamelles,2.0,2.0,100.0,0.0,0.0,0.0,https://www.expat-dakar.com/annonce/appartement-f3-a-louer-mamelles-6530695,1,622633.1707317074
expat,APPAT F4 A LOUER MAMELLES,500000.0,Mamelles,3.0,3.0,140.0,0.0,0.0,0.0,https://www.expat-dakar.com/annonce/appat-f4-a-louer-mamelles-6539415,1,622633.1707317074
expat,Appartement F3 à louer au point e,850000.0,Point e,2.0,2.0,100.0,0.0,0.0,0.0,https://www.expat-dakar.com/annonce/appartement-f3-a-louer-au-point-e-6539310,1,1134739.1304347827
expat,Appartement à Scat Urbam coté Koromak Faye,300000.0,Grand Yoff,2.0,2.0,100.0,0.0,0.0,0.0,https://www.expat-dakar.com/annonce/appartement-a-scat-urbam-cote-koromak-faye-6530595,1,238000.0
expat,APPARTEMENT SACRÉ COEUR 3,450000.0,Sacré cœur,4.0,4.0,180.0,0.0,0.0,0.0,https://www.expat-dakar.com/annonce/appartement-sacre-coeur-3-6539163,1,561458.3333333334
expat,APPARTEMENT GRAND STANDING À LOUER ALMADIES,1000000.0,Almadies,3.0,3.0,140.0,0.0,0.0,1.0,https://www.expat-dakar.com/annonce/appartement-grand-standing-a-louer-almadies-6512262,1,1074463.5443349753
expat,Appartement Sipres VDN,280000.0,VDN,2.0,2.0,100.0,0.0,0.0,0.0,https://www.expat-dakar.com/annonce/appartement-sipres-vdn-6512292,1,604847.2222222222
expat,F4 Haut Standing aux Almadies,1000000.0,Sicap foire,3.0,3.0,140.0,0.0,0.0,1.0,https://www.expat-dakar.com/annonce/f4-haut-standing-aux-almadies-6538145,1,412647.0588235294
expat,Appartement grand standing à louer à Fann Résidence,2000000.0,Fann,3.0,3.0,140.0,0.0,0.0,1.0,https://www.expat-dakar.com/annonce/appartement-grand-standing-a-louer-a-fann-residence-6394915,1,2078164.430379747
expat,Appartement à louer Dakar Yoff,350000.0,Yoff,3.0,3.0,140.0,0.0,0.0,0.0,https://www.expat-dakar.com/annonce/appartement-a-louer-dakar-yoff-6538482,1,528798.4732824428
expat,Appartement neuf de 3 chambres à louer – 2ᵉ étage,650000.0,Liberte 6 extension,3.0,3.0,140.0,0.0,0.0,1.0,https://www.expat-dakar.com/annonce/appartement-neuf-de-3-chambres-a-louer-2-etage-6538396,1,508500.0
expat,Appartement à louer sur Mermoz,1600000.0,Mermoz,3.0,3.0,140.0,0.0,0.0,0.0,https://www.expat-dakar.com/annonce/appartement-a-louer-sur-mermoz-6538394,1,1032668.5082872928
expat,Appartement à louer à Mermoz,1500000.0,Mermoz,3.0,3.0,140.0,0.0,0.0,0.0,https://www.expat-dakar.com/annonce/appartement-a-louer-a-mermoz-6538377,1,1032668.5082872928
expat,Ref_2849_PL  Appartement à louer à Dakar plateau,1000000.0,Plateau,3.0,3.0,140.0,0.0,0.0,0.0,https://www.expat-dakar.com/annonce/ref-2849-pl-appartement-a-louer-a-dakar-plateau-6508353,1,1921323.5294117648
expat,Appartements à louer au Virage,1500000.0,Virage,3.0,3.0,140.0,0.0,0.0,0.0,https://www.expat-dakar.com/annonce/appartements-a-louer-au-virage-6538348,1,1043505.8823529412
expat,Appartement à louer aux mamelles,250000.0,Mamelles,2.0,2.0,100.0,0.0,0.0,0.0,https://www.expat-dakar.com/annonce/appartement-a-louer-aux-mamelles-6535874,1,622633.1707317074
expat,Bel appartement neuf aux Almadies Socabeg,425000.0,Almadies,2.0,2.0,100.0,0.0,0.0,1.0,https://www.expat-dakar.com/annonce/bel-appartement-neuf-aux-almadies-socabeg-6538219,1,1074463.5443349753
expat,APPARTEMENT F3 A LOUER EN CENTRE VILLE,1000000.0,Plateau,3.0,3.0,140.0,0.0,0.0,0.0,https://www.expat-dakar.com/annonce/appartement-f3-a-louer-en-centre-ville-6519337,1,1921323.5294117648
expat,Appartement à louer à la cité Mixa,230000.0,Cite Mixta,3.0,3.0,140.0,0.0,0.0,0.0,https://www.expat-dakar.com/annonce/appartement-a-louer-a-la-cite-mixa-6445621,1,352000.0
expat,Appartement 03 chambres + salon à Sacré Cœur 3,400000.0,Sacré cœur,3.0,3.0,140.0,0.0,0.0,0.0,https://www.expat-dakar.com/annonce/appartement-03-chambres-salon-a-sacre-coeur-3-6538005,1,561458.3333333334
expat,A LOUER UN APPT DE 04 CH SALON,450000.0,Cité keur gorgui,4.0,4.0,180.0,0.0,0.0,0.0,https://www.expat-dakar.com/annonce/a-louer-un-appt-de-04-ch-salon-6537957,1,740577.7777777778
expat,Appartement F5 à louer aux almadies route du King Fahd,2000000.0,Almadies,4.0,4.0,180.0,0.0,0.0,0.0,https://www.expat-dakar.com/annonce/appartement-f5-a-louer-aux-almadies-route-du-king-fahd-6429923,1,1074463.5443349753
expat,Somptueux studio F2 séparé haut standing à louer à Fass,265000.0,Fass,1.0,1.0,60.0,0.0,0.0,1.0,https://www.expat-dakar.com/annonce/somptueux-studio-f2-separe-haut-standing-a-louer-a-fass-6536762,1,274285.71428571426
expat,À louer 2 apparts aux Mamelles,375000.0,Mamelles,2.0,2.0,100.0,0.0,0.0,0.0,https://www.expat-dakar.com/annonce/a-louer-2-apparts-aux-mamelles-6537578,1,622633.1707317074
expat,Apparemment à louer a fan résidence 4 chambres,3300000.0,Fann,4.0,4.0,180.0,0.0,0.0,0.0,https://www.expat-dakar.com/annonce/apparemment-a-louer-a-fan-residence-4-chambres-6341819,1,2078164.430379747
expat,Appartement F6 terrasse privé à Louer Fann Residence,2500000.0,Fann,4.0,4.0,180.0,0.0,0.0,0.0,https://www.expat-dakar.com/annonce/appartement-f6-terrasse-prive-a-louer-fann-residence-6537226,1,2078164.430379747
expat,"Appartement meublé à louer, longue durée",1100000.0,Point e,3.0,3.0,140.0,1.0,0.0,0.0,https://www.expat-dakar.com/annonce/appartement-meuble-a-louer-longue-duree-6537155,1,1134739.1304347827
expat,Appartements à louer  aux Maristes,325000.0,Hann maristes,3.0,3.0,140.0,0.0,0.0,0.0,https://www.expat-dakar.com/annonce/appartements-a-louer-aux-maristes-6492127,1,354151.724137931
expat,APPARTEMENT F4 VUE SUR MER AUX ALMADIES,1400000.0,Almadies,3.0,3.0,140.0,0.0,1.0,0.0,https://www.expat-dakar.com/annonce/appartement-f4-vue-sur-mer-aux-almadies-5950261,1,1074463.5443349753
expat,Corniche appartement à louer a fan résidence,3000000.0,Fann,3.0,3.0,140.0,0.0,0.0,0.0,https://www.expat-dakar.com/annonce/corniche-appartement-a-louer-a-fan-residence-6307453,1,2078164.430379747
expat,Magnifique duplex vue mer corniche Almadies,2300000.0,Almadies,3.0,3.0,140.0,0.0,1.0,0.0,https://www.expat-dakar.com/annonce/magnifique-duplex-vue-mer-corniche-almadies-6536810,1,1074463.5443349753
expat,Appartement  F4 à louer Aux Mamelles,850000.0,Mamelles,3.0,3.0,140.0,0.0,0.0,0.0,https://www.expat-dakar.com/annonce/appartement-f4-a-louer-aux-mamelles-6536706,1,622633.1707317074
expat,Joli appartement en ville,500000.0,Plateau,2.0,2.0,100.0,0.0,0.0,0.0,https://www.expat-dakar.com/annonce/joli-appartement-en-ville-6530560,1,1921323.5294117648
expat,Appartement spacieux de 4 chambres à louer – 2ᵉ étage,850000.0,Sacré cœur,4.0,4.0,180.0,0.0,0.0,0.0,https://www.expat-dakar.com/annonce/appartement-spacieux-de-4-chambres-a-louer-2-etage-6521158,1,561458.3333333334
expat,Appartement de 2 chambres salon à Keur Ndiaye Lo,160000.0,Autre,2.0,2.0,100.0,0.0,0.0,0.0,https://www.expat-dakar.com/annonce/appartement-de-2-chambres-salon-a-keur-ndiaye-lo-6326124,1,639511.9856115108
expat,Studio à louer – Ouest Foire,270000.0,Ouest foire,1.0,1.0,60.0,0.0,0.0,0.0,https://www.expat-dakar.com/annonce/studio-a-louer-ouest-foire-6439726,1,317380.95238095237
expat,Appartement à louer aux Almadies Zone de recasement,750000.0,Almadies,3.0,3.0,140.0,0.0,0.0,0.0,https://www.expat-dakar.com/annonce/appartement-a-louer-aux-almadies-zone-de-recasement-6536644,1,1074463.5443349753
expat,Superbe appartement F4 semi équipée a louer wakam,400000.0,Ouakam,4.0,4.0,180.0,0.0,0.0,0.0,https://www.expat-dakar.com/annonce/superbe-appartement-f4-semi-equipee-a-louer-wakam-6522211,1,740800.0
expat,Appartement F3 / 2 chambres salon à louer,600000.0,Cité keur gorgui,2.0,2.0,100.0,0.0,0.0,0.0,https://www.expat-dakar.com/annonce/appartement-f3-2-chambres-salon-a-louer-6535551,1,740577.7777777778
expat,Très beau F3 meublé au Point E,1200000.0,Point e,2.0,2.0,100.0,1.0,0.0,0.0,https://www.expat-dakar.com/annonce/tres-beau-f3-meuble-au-point-e-6536524,1,1134739.1304347827
expat,Appartement à louer aux Almadies,600000.0,Almadies,3.0,3.0,140.0,0.0,0.0,0.0,https://www.expat-dakar.com/annonce/appartement-a-louer-aux-almadies-6536519,1,1074463.5443349753
expat,Très bel appartement meublé au Plateau,850000.0,Plateau,2.0,2.0,100.0,1.0,0.0,0.0,https://www.expat-dakar.com/annonce/tres-bel-appartement-meuble-au-plateau-6536518,1,1921323.5294117648
expat,Appartement à louer à Mermoz derrière Elton,900000.0,Mermoz,3.0,3.0,140.0,0.0,0.0,0.0,https://www.expat-dakar.com/annonce/appartement-a-louer-a-mermoz-derriere-elton-5517557,1,1032668.5082872928
expat,Appartement à louer au Virage,550000.0,Virage,3.0,3.0,140.0,0.0,0.0,0.0,https://www.expat-dakar.com/annonce/appartement-a-louer-au-virage-6536396,1,1043505.8823529412
expat,Appartement à louer Dakar Virage,700000.0,Virage,3.0,3.0,140.0,0.0,0.0,0.0,https://www.expat-dakar.com/annonce/appartement-a-louer-dakar-virage-6536021,1,1043505.8823529412
expat,Sacré cœur 3 appartements à louer derrière pape diob,650000.0,Sacré cœur,3.0,3.0,140.0,0.0,0.0,0.0,https://www.expat-dakar.com/annonce/sacre-coeur-3-appartements-a-louer-derriere-pape-diob-6370206,1,561458.3333333334
expat,Appartement F4 dans un immeuble de grand standing,650000.0,Mamelles,3.0,3.0,140.0,0.0,0.0,1.0,https://www.expat-dakar.com/annonce/appartement-f4-dans-un-immeuble-de-grand-standing-6429788,1,622633.1707317074
expat,Superbe appartements de Type F4 et F3 à louer,650000.0,Cité keur gorgui,3.0,3.0,140.0,0.0,0.0,0.0,https://www.expat-dakar.com/annonce/superbe-appartements-de-type-f4-et-f3-a-louer-6498561,1,740577.7777777778
expat,Appartement à louer,300000.0,Ngor,3.0,3.0,140.0,0.0,0.0,0.0,https://www.expat-dakar.com/annonce/appartement-a-louer-6514811,1,799681.1320754717
expat,Bon standing fonctionnel bien situé 3 chambres,350000.0,Mamelles,3.0,3.0,140.0,0.0,0.0,1.0,https://www.expat-dakar.com/annonce/bon-standing-fonctionnel-bien-situe-3-chambres-6534570,1,622633.1707317074
expat,Appartement 3 chambres salon Mamelles Extension,400000.0,Mamelles,3.0,3.0,140.0,0.0,0.0,0.0,https://www.expat-dakar.com/annonce/appartement-3-chambres-salon-mamelles-extension-6535910,1,622633.1707317074
expat,Appartement 2 chambres salon Mamelles Extension,300000.0,Mamelles,2.0,2.0,100.0,0.0,0.0,0.0,https://www.expat-dakar.com/annonce/appartement-2-chambres-salon-mamelles-extension-6535907,1,622633.1707317074
expat,F3 A LOUER AUX ALMADIES SUR LA ROUTE DU KING FAHD,1500000.0,Almadies,3.0,3.0,140.0,0.0,0.0,0.0,https://www.expat-dakar.com/annonce/f3-a-louer-aux-almadies-sur-la-route-du-king-fahd-6298794,1,1074463.5443349753
expat,Appartement à louer au Virage,750000.0,Virage,3.0,3.0,140.0,0.0,0.0,0.0,https://www.expat-dakar.com/annonce/appartement-a-louer-au-virage-6535764,1,1043505.8823529412
expat,Appartement neuf haut standing à louer – Fann Mermoz,1500000.0,Fann,3.0,3.0,140.0,0.0,0.0,1.0,https://www.expat-dakar.com/annonce/appartement-neuf-haut-standing-a-louer-fann-mermoz-6535736,1,2078164.430379747
expat,Appartement à louer au Point E,1100000.0,Point e,3.0,3.0,140.0,0.0,0.0,0.0,https://www.expat-dakar.com/annonce/appartement-a-louer-au-point-e-6535727,1,1134739.1304347827
expat,STUDIO NEUF À LOUER,185000.0,Liberte 6,1.0,1.0,60.0,0.0,0.0,1.0,https://www.expat-dakar.com/annonce/studio-neuf-a-louer-6308648,1,449210.5263157895
expat,Studios à louer ouest foire,180000.0,Ouest foire,1.0,1.0,60.0,0.0,0.0,0.0,https://www.expat-dakar.com/annonce/studios-a-louer-ouest-foire-6535304,1,317380.95238095237
expat,APPARTEMENT DE 2 CHAMBRES SALON A LOUER,650000.0,Cité keur gorgui,2.0,2.0,100.0,0.0,0.0,0.0,https://www.expat-dakar.com/annonce/appartement-de-2-chambres-salon-a-louer-6523727,1,740577.7777777778
expat,"Appartement F4 – Mamelles, Cité Mbackyou Faye",500000.0,Mamelles,3.0,3.0,140.0,0.0,0.0,0.0,https://www.expat-dakar.com/annonce/appartement-f4-mamelles-cite-mbackyou-faye-6535354,1,622633.1707317074
expat,Appartement F4 à louer au Point E,1350000.0,Point e,3.0,3.0,140.0,0.0,0.0,0.0,https://www.expat-dakar.com/annonce/appartement-f4-a-louer-au-point-e-6535249,1,1134739.1304347827
expat,Bel appartement vue mer ngor virage,1300000.0,Ngor,3.0,3.0,140.0,0.0,1.0,0.0,https://www.expat-dakar.com/annonce/bel-appartement-vue-mer-ngor-virage-6535245,1,799681.1320754717
expat,F3 A LOUER,160000.0,Zac Mbao,2.0,2.0,100.0,0.0,0.0,0.0,https://www.expat-dakar.com/annonce/f3-a-louer-6525660,1,185714.2857142857
expat,Plateaux De Bureaux à Louer Avenue Bourguiba,2000000.0,Autre,6.0,6.0,260.0,0.0,0.0,0.0,https://www.expat-dakar.com/annonce/plateaux-de-bureaux-a-louer-avenue-bourguiba-6535196,1,639511.9856115108
expat,STUDIO A LOUER,150000.0,VDN,1.0,1.0,60.0,0.0,0.0,0.0,https://www.expat-dakar.com/annonce/studio-a-louer-6482431,1,604847.2222222222
expat,Ref_2881_PL Plateaux de Bureau à louer sur la VDN,1760000.0,VDN,3.0,3.0,140.0,0.0,0.0,0.0,https://www.expat-dakar.com/annonce/ref-2881-pl-plateaux-de-bureau-a-louer-sur-la-vdn-6522869,1,604847.2222222222
expat,Appartement F4 à louer à Mermoz,1300000.0,Mermoz,3.0,3.0,140.0,0.0,0.0,0.0,https://www.expat-dakar.com/annonce/appartement-f4-a-louer-a-mermoz-6535022,1,1032668.5082872928
expat,Ref_2889_GL Appartement à louer au Point E,1800000.0,Point e,3.0,3.0,140.0,0.0,0.0,0.0,https://www.expat-dakar.com/annonce/ref-2889-gl-appartement-a-louer-au-point-e-6535042,1,1134739.1304347827
expat,Ref_2887_SEY Appartements à louer au Point E,1200000.0,Point e,3.0,3.0,140.0,0.0,0.0,0.0,https://www.expat-dakar.com/annonce/ref-2887-sey-appartements-a-louer-au-point-e-6535018,1,1134739.1304347827
expat,Ref_2888_SEY Appartement à louer au Point E,1200000.0,Point e,3.0,3.0,140.0,0.0,0.0,0.0,https://www.expat-dakar.com/annonce/ref-2888-sey-appartement-a-louer-au-point-e-6531274,1,1134739.1304347827
expat,Appartement à louer à baobab en face  du BRT,450000.0,Sicap baobab,3.0,3.0,140.0,0.0,0.0,0.0,https://www.expat-dakar.com/annonce/appartement-a-louer-a-baobab-en-face-du-brt-6529762,1,486000.0
expat,TRES BELLE APPARTEMENT À LOUÉ F4 T4 HANN MARISTE,500000.0,Hann maristes,3.0,3.0,140.0,0.0,0.0,0.0,https://www.expat-dakar.com/annonce/tres-belle-appartement-a-loue-f4-t4-hann-mariste-6531534,1,354151.724137931
expat,Apt F4 vue mer jamais habité à Ngor Almadies,1200000.0,Ngor,3.0,3.0,140.0,0.0,1.0,0.0,https://www.expat-dakar.com/annonce/apt-f4-vue-mer-jamais-habite-a-ngor-almadies-6455455,1,799681.1320754717
expat,Appartement à louer,950000.0,Virage,3.0,3.0,140.0,0.0,0.0,0.0,https://www.expat-dakar.com/annonce/appartement-a-louer-6361437,1,1043505.8823529412
expat,Duplex à louer à Fann Mermoz avec vue sur mer,3500000.0,Fann,4.0,4.0,180.0,0.0,1.0,0.0,https://www.expat-dakar.com/annonce/duplex-a-louer-a-fann-mermoz-avec-vue-sur-mer-6534657,1,2078164.430379747
expat,Appartement F5 à louer àMermoz Pyrotechnie,1200000.0,Mermoz,4.0,4.0,180.0,0.0,0.0,0.0,https://www.expat-dakar.com/annonce/appartement-f5-a-louer-amermoz-pyrotechnie-6534603,1,1032668.5082872928
expat,Magnifique F4 à Mermoz,1000000.0,Mermoz,3.0,3.0,140.0,0.0,0.0,0.0,https://www.expat-dakar.com/annonce/magnifique-f4-a-mermoz-6534552,1,1032668.5082872928
expat,Appartement F3 au 1er étage à Ouagouniaye 2,275000.0,Hlm,2.0,2.0,100.0,0.0,0.0,0.0,https://www.expat-dakar.com/annonce/appartement-f3-au-1er-etage-a-ouagouniaye-2-6534502,1,303214.28571428574
expat,Des appartements haut standing sis mamelles,900000.0,Mamelles,3.0,3.0,140.0,0.0,0.0,1.0,https://www.expat-dakar.com/annonce/des-appartements-haut-standing-sis-mamelles-6435756,1,622633.1707317074
expat,2 studios neufs à louer – Cité CPI/VDN,280000.0,Liberte 6 extension,1.0,1.0,60.0,0.0,0.0,1.0,https://www.expat-dakar.com/annonce/2-studios-neufs-a-louer-cite-cpivdn-6519774,1,508500.0
expat,Appartement à louer à la cité Afri,900000.0,Ouakam,3.0,3.0,140.0,0.0,0.0,0.0,https://www.expat-dakar.com/annonce/appartement-a-louer-a-la-cite-afri-6534383,1,740800.0
expat,Appartement à louer à nord foire,225000.0,Nord foire,3.0,3.0,140.0,0.0,0.0,0.0,https://www.expat-dakar.com/annonce/appartement-a-louer-a-nord-foire-6530553,1,309941.17647058825
expat,F8 à louer à sacré cœur 1 pour usage habitation ou bureaux,850000.0,Sacré cœur,6.0,6.0,260.0,0.0,0.0,0.0,https://www.expat-dakar.com/annonce/f8-a-louer-a-sacre-coeur-1-pour-usage-habitation-ou-bureaux-6533872,1,561458.3333333334
expat,"T4 aux Mamelles, immeuble neuf, bien placé, très accessible",600000.0,Mamelles,3.0,3.0,140.0,0.0,0.0,1.0,https://www.expat-dakar.com/annonce/t4-aux-mamelles-immeuble-neuf-bien-place-tres-accessible-6438695,1,622633.1707317074
expat,Appartement a louer corniche plateau,2300000.0,Plateau,3.0,3.0,140.0,0.0,0.0,0.0,https://www.expat-dakar.com/annonce/appartement-a-louer-corniche-plateau-6159045,1,1921323.5294117648
expat,Appartement 210 M2 à louer,1800000.0,Almadies,3.0,3.0,140.0,0.0,0.0,0.0,https://www.expat-dakar.com/annonce/appartement-210-m2-a-louer-6512055,1,1074463.5443349753
expat,Appartement à louer,400000.0,Autre,3.0,3.0,140.0,0.0,0.0,0.0,https://www.expat-dakar.com/annonce/appartement-a-louer-6533651,1,639511.9856115108
expat,Appartement à louer à ouest foire,200000.0,Ouest foire,2.0,2.0,100.0,0.0,0.0,0.0,https://www.expat-dakar.com/annonce/appartement-a-louer-a-ouest-foire-6531284,1,317380.95238095237
expat,Appartement F4 Point E,700000.0,Point e,3.0,3.0,140.0,0.0,0.0,0.0,https://www.expat-dakar.com/annonce/appartement-f4-point-e-6533212,1,1134739.1304347827
expat,Bureau standing à louer Liberte 6- 200m2,950000.0,Liberte 6,3.0,3.0,140.0,0.0,0.0,1.0,https://www.expat-dakar.com/annonce/bureau-standing-a-louer-liberte-6-200m2-6533106,1,449210.5263157895
expat,Bureau à louer - 200 m2,950000.0,Liberte 6,3.0,3.0,140.0,0.0,0.0,0.0,https://www.expat-dakar.com/annonce/bureau-a-louer-200-m2-6533099,1,449210.5263157895
expat,Appartement Spacieux à Mbao,175000.0,Mbao,3.0,3.0,140.0,0.0,0.0,0.0,https://www.expat-dakar.com/annonce/appartement-spacieux-a-mbao-6533036,1,247775.0
expat,APPARTEMENT DE TROIS CHAMBRES,500000.0,Almadies,3.0,3.0,140.0,0.0,0.0,0.0,https://www.expat-dakar.com/annonce/appartement-de-trois-chambres-6523136,1,1074463.5443349753
expat,Appartement F3 à louer – Mamelles (Dakar),500000.0,Mamelles,3.0,3.0,140.0,0.0,0.0,0.0,https://www.expat-dakar.com/annonce/appartement-f3-a-louer-mamelles-dakar-6532864,1,622633.1707317074
expat,Appartement haut standing f4 ALMADIE,1700000.0,Almadies,3.0,3.0,140.0,0.0,0.0,1.0,https://www.expat-dakar.com/annonce/appartement-haut-standing-f4-almadie-6532877,1,1074463.5443349753
expat,F3 A LOUER,300000.0,Ouest foire,2.0,2.0,100.0,0.0,0.0,0.0,https://www.expat-dakar.com/annonce/f3-a-louer-6532756,1,317380.95238095237
expat,Superbe Appartement avec prestations haut de gamme,800000.0,Cité keur gorgui,3.0,3.0,140.0,0.0,0.0,0.0,https://www.expat-dakar.com/annonce/superbe-appartement-avec-prestations-haut-de-gamme-6516816,1,740577.7777777778
expat,Appartement F4 à la Corniche Fann Résidence,1700000.0,Fann,3.0,3.0,140.0,0.0,0.0,0.0,https://www.expat-dakar.com/annonce/appartement-f4-a-la-corniche-fann-residence-6532584,1,2078164.430379747
expat,APPARTEMENTS HAUT STANDING À NGOR-ALMADIES F4,450000.0,Almadies,3.0,3.0,140.0,0.0,0.0,1.0,https://www.expat-dakar.com/annonce/appartements-haut-standing-a-ngor-almadies-f4-6438765,1,1074463.5443349753
expat,Grand et superbe F3 Dakar plateau bord de mer corniche Est,2200000.0,Plateau,2.0,2.0,100.0,0.0,1.0,0.0,https://www.expat-dakar.com/annonce/grand-et-superbe-f3-dakar-plateau-bord-de-mer-corniche-est-6532221,1,1921323.5294117648
expat,F3 meublé derrière hyper marché Exclusif,800000.0,VDN,2.0,2.0,100.0,1.0,0.0,0.0,https://www.expat-dakar.com/annonce/f3-meuble-derriere-hyper-marche-exclusif-5987124,1,604847.2222222222
expat,magnifique f4 de standing avec piscine,1200000.0,Almadies,3.0,3.0,140.0,0.0,0.0,1.0,https://www.expat-dakar.com/annonce/magnifique-f4-de-standing-avec-piscine-6205626,1,1074463.5443349753
expat,Appartement en Triplex à louer à Ouakam,1400000.0,Ouakam,4.0,4.0,180.0,0.0,0.0,0.0,https://www.expat-dakar.com/annonce/appartement-en-triplex-a-louer-a-ouakam-6532110,1,740800.0
expat,APPARTEMENT F3 A LOUER KEUR MBAYE FALL,150000.0,Rufisque,2.0,2.0,100.0,0.0,0.0,0.0,https://www.expat-dakar.com/annonce/appartement-f3-a-louer-keur-mbaye-fall-6532065,1,299583.3333333333
expat,APPARTEMENT MEUBLÉ À LOUER SUR LA VDN,550000.0,VDN,2.0,2.0,100.0,1.0,0.0,0.0,https://www.expat-dakar.com/annonce/appartement-meuble-a-louer-sur-la-vdn-6527509,1,604847.2222222222
expat,Appartement à louer aux Amadies,800000.0,Almadies,3.0,3.0,140.0,0.0,0.0,0.0,https://www.expat-dakar.com/annonce/appartement-a-louer-aux-amadies-6531894,1,1074463.5443349753
expat,APPARTEMENT À LOUER AUX ALMADIES,550000.0,Almadies,3.0,3.0,140.0,0.0,0.0,0.0,https://www.expat-dakar.com/annonce/appartement-a-louer-aux-almadies-6527950,1,1074463.5443349753
expat,Penthouse Luxe 400m² à Louer Fann Résidence Dakar | Vue Mer,2999990.0,Fann,4.0,4.0,180.0,0.0,1.0,1.0,https://www.expat-dakar.com/annonce/penthouse-luxe-400m2-a-louer-fann-residence-dakar-vue-mer-6486563,1,2078164.430379747
expat,Appartement avec vue directe sur mer,1500000.0,Mamelles,3.0,3.0,140.0,0.0,0.0,0.0,https://www.expat-dakar.com/annonce/appartement-avec-vue-directe-sur-mer-5723260,1,622633.1707317074
expat,F5 À LOUER APPARTEMENT,350000.0,Ouest foire,4.0,4.0,180.0,0.0,0.0,0.0,https://www.expat-dakar.com/annonce/f5-a-louer-appartement-6531425,1,317380.95238095237
expat,Appartement proche du  Lycée Mermoz,320000.0,Ouakam,2.0,2.0,100.0,0.0,0.0,0.0,https://www.expat-dakar.com/annonce/appartement-proche-du-lycee-mermoz-6531319,1,740800.0
expat,Appartement 03 chambres à  louer aux parcelles assainies,300000.0,Parcelles Assainies,3.0,3.0,140.0,0.0,0.0,0.0,https://www.expat-dakar.com/annonce/appartement-03-chambres-a-louer-aux-parcelles-assainies-6531192,1,220357.14285714287
expat,Appartement F4 à louer Amitié /point E,550000.0,Point e,3.0,3.0,140.0,0.0,0.0,0.0,https://www.expat-dakar.com/annonce/appartement-f4-a-louer-amitie-point-e-6528874,1,1134739.1304347827
expat,Ref_2887_GL Beaux appartements neufs à louer aux Mamelles.,500000.0,Mamelles,2.0,2.0,100.0,0.0,0.0,1.0,https://www.expat-dakar.com/annonce/ref-2887-gl-beaux-appartements-neufs-a-louer-aux-mamelles-6530460,1,622633.1707317074
expat,Bel appartements a louer aux Mamelles,500000.0,Mamelles,2.0,2.0,100.0,0.0,0.0,0.0,https://www.expat-dakar.com/annonce/bel-appartements-a-louer-aux-mamelles-6531030,1,622633.1707317074
expat,Appartement a front de terre,280000.0,Liberte 6 extension,3.0,3.0,140.0,0.0,0.0,0.0,https://www.expat-dakar.com/annonce/appartement-a-front-de-terre-6530588,1,508500.0
expat,Appartements de type F3 et Magasins à Louer à Keur Ndiaye Lo,120000.0,Autre,2.0,2.0,100.0,0.0,0.0,0.0,https://www.expat-dakar.com/annonce/appartements-de-type-f3-et-magasins-a-louer-a-keur-ndiaye-lo-6530447,1,639511.9856115108
expat,Appartement F4 Cité Mourtada,460000.0,VDN,3.0,3.0,140.0,0.0,0.0,0.0,https://www.expat-dakar.com/annonce/appartement-f4-cite-mourtada-6529895,1,604847.2222222222
expat,RDC piscine privée à louer aux mamelles élevage,1500000.0,Mamelles,3.0,3.0,140.0,0.0,0.0,0.0,https://www.expat-dakar.com/annonce/rdc-piscine-privee-a-louer-aux-mamelles-elevage-6530331,1,622633.1707317074
expat,Appartements à louer à la Sicap baobab,367000.0,Sicap baobab,2.0,2.0,100.0,0.0,0.0,0.0,https://www.expat-dakar.com/annonce/appartements-a-louer-a-la-sicap-baobab-6530273,1,486000.0
expat,À louer 2 appartements aux mamelles,425000.0,Mamelles,3.0,3.0,140.0,0.0,0.0,0.0,https://www.expat-dakar.com/annonce/a-louer-2-appartements-aux-mamelles-6530181,1,622633.1707317074
expat,Appartement à louer à mermoz,650000.0,Mermoz,3.0,3.0,140.0,0.0,0.0,0.0,https://www.expat-dakar.com/annonce/appartement-a-louer-a-mermoz-6475728,1,1032668.5082872928
expat,Appartement à louer almadies,1500000.0,Almadies,3.0,3.0,140.0,0.0,0.0,0.0,https://www.expat-dakar.com/annonce/appartement-a-louer-almadies-5865402,1,1074463.5443349753
expat,Sacré cœur F4 et F3 duplex à louer,500000.0,Sacré cœur,3.0,3.0,140.0,0.0,0.0,0.0,https://www.expat-dakar.com/annonce/sacre-coeur-f4-et-f3-duplex-a-louer-6520850,1,561458.3333333334
expat,Splendide F4 à louer à Amitié,600000.0,Amitié,3.0,3.0,140.0,0.0,0.0,0.0,https://www.expat-dakar.com/annonce/splendide-f4-a-louer-a-amitie-6529721,1,572500.0
expat,Ref 2570_GL Appartements à louer à Mermoz au 5éme,950000.0,Mermoz,3.0,3.0,140.0,0.0,0.0,0.0,https://www.expat-dakar.com/annonce/ref-2570-gl-appartements-a-louer-a-mermoz-au-5eme-6346883,1,1032668.5082872928
expat,Appartement Haut standing à Mermoz,1200000.0,Mermoz,3.0,3.0,140.0,0.0,0.0,1.0,https://www.expat-dakar.com/annonce/appartement-haut-standing-a-mermoz-6293187,1,1032668.5082872928
expat,Appartement F5 à louer aux Almadies,1200000.0,Almadies,4.0,4.0,180.0,0.0,0.0,0.0,https://www.expat-dakar.com/annonce/appartement-f5-a-louer-aux-almadies-6513419,1,1074463.5443349753
expat,Des Jolis Studios dans la cité Mbackiyoufaye,275000.0,Mamelles,1.0,1.0,60.0,0.0,0.0,0.0,https://www.expat-dakar.com/annonce/des-jolis-studios-dans-la-cite-mbackiyoufaye-6529669,1,622633.1707317074
expat,Appartement  de type  F4 à  louer  à  Amitié,600000.0,Amitié,3.0,3.0,140.0,0.0,0.0,0.0,https://www.expat-dakar.com/annonce/appartement-de-type-f4-a-louer-a-amitie-6529403,1,572500.0
expat,Villa basse type F5 à louer à fenêtre mermoz,1800000.0,Mermoz,3.0,3.0,140.0,0.0,0.0,0.0,https://www.expat-dakar.com/annonce/villa-basse-type-f5-a-louer-a-fenetre-mermoz-6529400,1,1032668.5082872928
expat,À louer un joli duplex à ngor,1300000.0,Ngor,4.0,4.0,180.0,0.0,0.0,0.0,https://www.expat-dakar.com/annonce/a-louer-un-joli-duplex-a-ngor-6461402,1,799681.1320754717
expat,Appartement F4 neuf dans la cité Mbackiyoufaye,500000.0,Mamelles,3.0,3.0,140.0,0.0,0.0,1.0,https://www.expat-dakar.com/annonce/appartement-f4-neuf-dans-la-cite-mbackiyoufaye-6523132,1,622633.1707317074
expat,Appartement F4 à louer aux Almadies,1150000.0,Almadies,3.0,3.0,140.0,0.0,0.0,0.0,https://www.expat-dakar.com/annonce/appartement-f4-a-louer-aux-almadies-6528934,1,1074463.5443349753
expat,A Louer Appartement F4 au POINT E,1000000.0,Point e,3.0,3.0,140.0,0.0,0.0,0.0,https://www.expat-dakar.com/annonce/a-louer-appartement-f4-au-point-e-6528923,1,1134739.1304347827
expat,Joli appartement à sicap foire,200000.0,Sicap foire,2.0,2.0,100.0,0.0,0.0,0.0,https://www.expat-dakar.com/annonce/joli-appartement-a-sicap-foire-6527675,1,412647.0588235294
expat,Location appartement 3 pièces à Sendou près de Bargny,175000.0,Autre,3.0,3.0,140.0,0.0,0.0,0.0,https://www.expat-dakar.com/annonce/location-appartement-3-pieces-a-sendou-pres-de-bargny-6365958,1,639511.9856115108
expat,Bel appartement spacieux à la Cité Ataya,450000.0,Nord foire,4.0,4.0,180.0,0.0,0.0,0.0,https://www.expat-dakar.com/annonce/bel-appartement-spacieux-a-la-cite-ataya-6494047,1,309941.17647058825
expat,Appartement aux ALMADIES NGOR,750000.0,Almadies,3.0,3.0,140.0,0.0,0.0,0.0,https://www.expat-dakar.com/annonce/appartement-aux-almadies-ngor-6368966,1,1074463.5443349753
expat,Appartement F3 à louer à sacré cœur 3,450000.0,Sacré cœur,3.0,3.0,140.0,0.0,0.0,0.0,https://www.expat-dakar.com/annonce/appartement-f3-a-louer-a-sacre-coeur-3-6499978,1,561458.3333333334
expat,Villa front de mer avec piscine à débordement et terrasse,2000000.0,Mermoz,2.0,2.0,100.0,0.0,0.0,0.0,https://www.expat-dakar.com/annonce/villa-front-de-mer-avec-piscine-a-debordement-et-terrasse-6522041,1,1032668.5082872928
expat,Logement avec piscine Mermoz,1000000.0,Mermoz,3.0,3.0,140.0,0.0,0.0,0.0,https://www.expat-dakar.com/annonce/logement-avec-piscine-mermoz-6527525,1,1032668.5082872928
expat,APPARTEMENT AUX ALMMADIES,425000.0,Almadies,2.0,2.0,100.0,0.0,0.0,0.0,https://www.expat-dakar.com/annonce/appartement-aux-almmadies-6522848,1,1074463.5443349753
expat,Appartement meublé à louer au Point E,750000.0,Point e,2.0,2.0,100.0,1.0,0.0,0.0,https://www.expat-dakar.com/annonce/appartement-meuble-a-louer-au-point-e-6526971,1,1134739.1304347827
expat,Ref_2885_GL Appartement panoramique à louer aux Almadies,1800000.0,Almadies,3.0,3.0,140.0,0.0,0.0,0.0,https://www.expat-dakar.com/annonce/ref-2885-gl-appartement-panoramique-a-louer-aux-almadies-6526883,1,1074463.5443349753
expat,Appartement F4 à louer aux mamelles mbackiyou faye,700000.0,Mamelles,3.0,3.0,140.0,0.0,0.0,0.0,https://www.expat-dakar.com/annonce/appartement-f4-a-louer-aux-mamelles-mbackiyou-faye-6492706,1,622633.1707317074
expat,Appartement duplex 5 chambre louer Mermoz El Tonn,2500000.0,Mermoz,5.0,5.0,220.0,0.0,0.0,0.0,https://www.expat-dakar.com/annonce/appartement-duplex-5-chambre-louer-mermoz-el-tonn-6526128,1,1032668.5082872928
expat,Fann Mermoz Spacieux et lumineux appartement,1600000.0,Mermoz,3.0,3.0,140.0,0.0,0.0,0.0,https://www.expat-dakar.com/annonce/fann-mermoz-spacieux-et-lumineux-appartement-6525833,1,1032668.5082872928
expat,Ref_2884_SEY Appartement à louer à Mermoz,1300000.0,Mermoz,3.0,3.0,140.0,0.0,0.0,0.0,https://www.expat-dakar.com/annonce/ref-2884-sey-appartement-a-louer-a-mermoz-6526054,1,1032668.5082872928
expat,Ref_2883_SEY Bel appartement à louer à Mermoz,1500000.0,Mermoz,3.0,3.0,140.0,0.0,0.0,0.0,https://www.expat-dakar.com/annonce/ref-2883-sey-bel-appartement-a-louer-a-mermoz-6526037,1,1032668.5082872928
expat,Apparemment à louer à sacré 3,300000.0,Sacré cœur,2.0,2.0,100.0,0.0,0.0,0.0,https://www.expat-dakar.com/annonce/apparemment-a-louer-a-sacre-3-6526010,1,561458.3333333334
expat,F3 A LOUER,250000.0,Liberte 6,2.0,2.0,100.0,0.0,0.0,0.0,https://www.expat-dakar.com/annonce/f3-a-louer-6522825,1,449210.5263157895
expat,F4 de grand Standing / Almadies,1800000.0,Almadies,3.0,3.0,140.0,0.0,0.0,1.0,https://www.expat-dakar.com/annonce/f4-de-grand-standing-almadies-6406173,1,1074463.5443349753
expat,Ref_2725_SEY Appartement à louer au virage,1000000.0,Virage,3.0,3.0,140.0,0.0,0.0,0.0,https://www.expat-dakar.com/annonce/ref-2725-sey-appartement-a-louer-au-virage-6414904,1,1043505.8823529412
expat,Ref_2796_SEY Appartement à louer aux Almadies,900000.0,Almadies,1.0,1.0,60.0,0.0,0.0,0.0,https://www.expat-dakar.com/annonce/ref-2796-sey-appartement-a-louer-aux-almadies-6311885,1,1074463.5443349753
expat,Appartement FANN,900000.0,Fann,3.0,3.0,140.0,0.0,0.0,0.0,https://www.expat-dakar.com/annonce/appartement-fann-6379138,1,2078164.430379747
expat,Appartement F4 meublé à louer,2200000.0,Fann,3.0,3.0,140.0,1.0,0.0,0.0,https://www.expat-dakar.com/annonce/appartement-f4-meuble-a-louer-6524909,1,2078164.430379747
expat,Appartement 02 chambres + salon à Diamniadio,150000.0,Diamniadio,2.0,2.0,100.0,0.0,0.0,0.0,https://www.expat-dakar.com/annonce/appartement-02-chambres-salon-a-diamniadio-6408223,1,230000.0
expat,Appartements 02 chambres aux Parcelles Assainies U26,250000.0,Parcelles Assainies,2.0,2.0,100.0,0.0,0.0,0.0,https://www.expat-dakar.com/annonce/appartements-02-chambres-aux-parcelles-assainies-u26-6488814,1,220357.14285714287
expat,Ref_2798_SEY Appartement à louer aux Almadies,1864800.0,Almadies,3.0,3.0,140.0,0.0,0.0,0.0,https://www.expat-dakar.com/annonce/ref-2798-sey-appartement-a-louer-aux-almadies-6525053,1,1074463.5443349753
expat,Appartement f4 neuf à louer au point e,1300000.0,Point e,3.0,3.0,140.0,0.0,0.0,1.0,https://www.expat-dakar.com/annonce/appartement-f4-neuf-a-louer-au-point-e-6393386,1,1134739.1304347827
expat,Appartement à louer,650000.0,VDN,3.0,3.0,140.0,0.0,0.0,0.0,https://www.expat-dakar.com/annonce/appartement-a-louer-6370586,1,604847.2222222222
expat,Ref_2882_SEY Appartements à louer en centre-ville,1400000.0,Dakar,2.0,2.0,100.0,0.0,0.0,0.0,https://www.expat-dakar.com/annonce/ref-2882-sey-appartements-a-louer-en-centre-ville-6524822,1,801875.0
expat,APPARTEMENTS A LOUER F4,2000000.0,Fenêtre mermoz,3.0,3.0,140.0,0.0,0.0,0.0,https://www.expat-dakar.com/annonce/appartements-a-louer-f4-6522723,1,1814315.7894736843
expat,Villa meublée haut de gamme à louer à Nguerigne,1800000.0,Autre,5.0,5.0,220.0,1.0,0.0,0.0,https://www.expat-dakar.com/annonce/villa-meublee-haut-de-gamme-a-louer-a-nguerigne-6489027,1,639511.9856115108
expat,Magnifique duplex neuf  aux Almadies,750000.0,Almadies,5.0,5.0,220.0,0.0,0.0,1.0,https://www.expat-dakar.com/annonce/magnifique-duplex-neuf-aux-almadies-6523972,1,1074463.5443349753
expat,Appartement F3 à Ouakam Comico,275000.0,Ouakam,2.0,2.0,100.0,0.0,0.0,0.0,https://www.expat-dakar.com/annonce/appartement-f3-a-ouakam-comico-6523123,1,740800.0
expat,"Appartements de standing aux Almadies, Dakar",1000000.0,Almadies,3.0,3.0,140.0,0.0,0.0,1.0,https://www.expat-dakar.com/annonce/appartements-de-standing-aux-almadies-dakar-6522792,1,1074463.5443349753
expat,Appartement POINT E,550000.0,Point e,2.0,2.0,100.0,0.0,0.0,0.0,https://www.expat-dakar.com/annonce/appartement-point-e-6368503,1,1134739.1304347827
expat,Studio F2 séparé haut standing à louer à Dakar plateau,300000.0,Plateau,1.0,1.0,60.0,0.0,0.0,1.0,https://www.expat-dakar.com/annonce/studio-f2-separe-haut-standing-a-louer-a-dakar-plateau-6517495,1,1921323.5294117648
expat,Bel appartement vue mer à fann hock,1350000.0,Almadies,3.0,3.0,140.0,0.0,1.0,0.0,https://www.expat-dakar.com/annonce/bel-appartement-vue-mer-a-fann-hock-6496409,1,1074463.5443349753
expat,Appartement à louer,350000.0,Autre,3.0,3.0,140.0,0.0,0.0,0.0,https://www.expat-dakar.com/annonce/appartement-a-louer-6521981,1,639511.9856115108
expat,Appartement neuf à louer Dakar plateau avenue Lamine gueye,750000.0,Dakar,3.0,3.0,140.0,0.0,0.0,1.0,https://www.expat-dakar.com/annonce/appartement-neuf-a-louer-dakar-plateau-avenue-lamine-gueye-6522002,1,801875.0
expat,Appartement 2 chbres Ouakam proche lycée Mermoz,360000.0,Ouakam,2.0,2.0,100.0,0.0,0.0,0.0,https://www.expat-dakar.com/annonce/appartement-2-chbres-ouakam-proche-lycee-mermoz-6518099,1,740800.0
expat,Appartement 3 pièces 75m² avec balcon et vue mer,1300000.0,Almadies,3.0,3.0,140.0,0.0,1.0,0.0,https://www.expat-dakar.com/annonce/appartement-3-pieces-75m2-avec-balcon-et-vue-mer-6521861,1,1074463.5443349753
expat,Bureau moderne spacieux marbre avec cloisons amovibles,1300000.0,Almadies,3.0,3.0,140.0,0.0,0.0,0.0,https://www.expat-dakar.com/annonce/bureau-moderne-spacieux-marbre-avec-cloisons-amovibles-6521855,1,1074463.5443349753
expat,MAGNIFIQUE F5 À LOUER AUX ALMADIES,2200000.0,Almadies,4.0,4.0,180.0,0.0,0.0,0.0,https://www.expat-dakar.com/annonce/magnifique-f5-a-louer-aux-almadies-6521247,1,1074463.5443349753
expat,Appartement 03 chambres à louer à Liberté 6,300000.0,Liberte 6,3.0,3.0,140.0,0.0,0.0,0.0,https://www.expat-dakar.com/annonce/appartement-03-chambres-a-louer-a-liberte-6-6521176,1,449210.5263157895
expat,Appartement 3chambres à louer aux Maristes,250000.0,Hann maristes,3.0,3.0,140.0,0.0,0.0,0.0,https://www.expat-dakar.com/annonce/appartement-3chambres-a-louer-aux-maristes-6521166,1,354151.724137931
expat,F4 de standing aux almadies coté meridien,900000.0,Almadies,3.0,3.0,140.0,0.0,0.0,1.0,https://www.expat-dakar.com/annonce/f4-de-standing-aux-almadies-cote-meridien-6163726,1,1074463.5443349753
expat,Appartement moderne à Tivaouane Peulh,130000.0,Autre,2.0,2.0,100.0,0.0,0.0,0.0,https://www.expat-dakar.com/annonce/appartement-moderne-a-tivaouane-peulh-6517769,1,639511.9856115108
expat,"Appartement à la Zone de Recasement, Almadies",349000.0,Almadies,2.0,2.0,100.0,0.0,0.0,0.0,https://www.expat-dakar.com/annonce/appartement-a-la-zone-de-recasement-almadies-6520830,1,1074463.5443349753
expat,Appartement F4 haut standing Aeroport Hangar des pelerins,650000.0,Yoff,3.0,3.0,140.0,0.0,0.0,1.0,https://www.expat-dakar.com/annonce/appartement-f4-haut-standing-aeroport-hangar-des-pelerins-6495085,1,528798.4732824428
expat,Appartement à louer Rond point Jet d'eau,350000.0,Autre,3.0,3.0,140.0,0.0,0.0,0.0,https://www.expat-dakar.com/annonce/appartement-a-louer-rond-point-jet-deau-6506827,1,639511.9856115108
expat,T4 VIDE HAUT STANDING – AMITIÉ 3 (Proche Mermoz),900000.0,Amitié,3.0,3.0,140.0,0.0,0.0,1.0,https://www.expat-dakar.com/annonce/t4-vide-haut-standing-amitie-3-proche-mermoz-6520831,1,572500.0
expat,L’elegance au rdv 2 chambres Almadies recasement,1000000.0,Almadies,2.0,2.0,100.0,0.0,0.0,0.0,https://www.expat-dakar.com/annonce/lelegance-au-rdv-2-chambres-almadies-recasement-6520294,1,1074463.5443349753
expat,Appartement a louer hann maristes,225000.0,Hann maristes,3.0,3.0,140.0,0.0,0.0,0.0,https://www.expat-dakar.com/annonce/appartement-a-louer-hann-maristes-6517940,1,354151.724137931
expat,Appartement à louer,400000.0,Point e,2.0,2.0,100.0,0.0,0.0,0.0,https://www.expat-dakar.com/annonce/appartement-a-louer-6520286,1,1134739.1304347827
expat,Appartement F3,250000.0,Hann maristes,2.0,2.0,100.0,0.0,0.0,0.0,https://www.expat-dakar.com/annonce/appartement-f3-6520293,1,354151.724137931
expat,APPARTEMENT SPACIEUX A LA CORNICHE DES MAMELLES,375000.0,Mamelles,2.0,2.0,100.0,0.0,0.0,0.0,https://www.expat-dakar.com/annonce/appartement-spacieux-a-la-corniche-des-mamelles-6397156,1,622633.1707317074
expat,Appartement F4,600000.0,Cité keur gorgui,3.0,3.0,140.0,0.0,0.0,0.0,https://www.expat-dakar.com/annonce/appartement-f4-6519181,1,740577.7777777778
expat,Roof tof Penthouss à louer à fan résidence vue mer,3000000.0,Fann,4.0,4.0,180.0,0.0,1.0,0.0,https://www.expat-dakar.com/annonce/roof-tof-penthouss-a-louer-a-fan-residence-vue-mer-6499135,1,2078164.430379747
expat,Ref_2620_GL Résidence Ebene F4 à louer à sacré coeur 1,1200000.0,Sacré cœur,3.0,3.0,140.0,0.0,0.0,0.0,https://www.expat-dakar.com/annonce/ref-2620-gl-residence-ebene-f4-a-louer-a-sacre-coeur-1-6512280,1,561458.3333333334
expat,Luxueux appartement à Mermoz,1500000.0,Mermoz,3.0,3.0,140.0,0.0,0.0,0.0,https://www.expat-dakar.com/annonce/luxueux-appartement-a-mermoz-6511693,1,1032668.5082872928
expat,Des appartements F4 (220m2) neufs à louer aux Almadies,1600000.0,Almadies,3.0,3.0,140.0,0.0,0.0,1.0,https://www.expat-dakar.com/annonce/des-appartements-f4-220m2-neufs-a-louer-aux-almadies-6451783,1,1074463.5443349753
expat,Des Appartements + Studios neufs à louer Mamelles,275000.0,Mamelles,3.0,3.0,140.0,0.0,0.0,1.0,https://www.expat-dakar.com/annonce/des-appartements-studios-neufs-a-louer-mamelles-6516094,1,622633.1707317074
expat,studio à louer cité mourtada,250000.0,VDN,1.0,1.0,60.0,0.0,0.0,0.0,https://www.expat-dakar.com/annonce/studio-a-louer-cite-mourtada-6311937,1,604847.2222222222
expat,Appartement 4ch + salon à louer à fann hock,1300000.0,Fann Hock,4.0,4.0,180.0,0.0,0.0,0.0,https://www.expat-dakar.com/annonce/appartement-4ch-salon-a-louer-a-fann-hock-6509026,1,1711111.111111111
expat,Très belle villa aux mamelles,1300000.0,Mamelles,4.0,4.0,180.0,0.0,0.0,0.0,https://www.expat-dakar.com/annonce/tres-belle-villa-aux-mamelles-6427946,1,622633.1707317074
expat,Roof tof à louer vide au Almadi à côté de la banque mondiale,1800000.0,Almadies,3.0,3.0,140.0,0.0,0.0,0.0,https://www.expat-dakar.com/annonce/roof-tof-a-louer-vide-au-almadi-a-cote-de-la-banque-mondiale-6508607,1,1074463.5443349753
expat,Plateau corniche vue mer 4 chambres à louer plateau,2500000.0,Plateau,4.0,4.0,180.0,0.0,1.0,0.0,https://www.expat-dakar.com/annonce/plateau-corniche-vue-mer-4-chambres-a-louer-plateau-6473186,1,1921323.5294117648
expat,Appartement à louer4 chambres à fenêtre Mermoz,1800000.0,Fenêtre mermoz,4.0,4.0,180.0,0.0,0.0,0.0,https://www.expat-dakar.com/annonce/appartement-a-louer4-chambres-a-fenetre-mermoz-6287292,1,1814315.7894736843
expat,Apparemment vide à louer à fan résidence vue mer,2500000.0,Fann,3.0,3.0,140.0,0.0,1.0,0.0,https://www.expat-dakar.com/annonce/apparemment-vide-a-louer-a-fan-residence-vue-mer-6506712,1,2078164.430379747
expat,Penthouss 4 chambres à louer à côté de la manque mondiale,1800000.0,Almadies,4.0,4.0,180.0,0.0,0.0,0.0,https://www.expat-dakar.com/annonce/penthouss-4-chambres-a-louer-a-cote-de-la-manque-mondiale-6431365,1,1074463.5443349753
expat,Appartement à louer corniche Ouakan 3 chambres,1500000.0,Ouakam,3.0,3.0,140.0,0.0,0.0,0.0,https://www.expat-dakar.com/annonce/appartement-a-louer-corniche-ouakan-3-chambres-6506249,1,740800.0
expat,1 superbe appartement de type F4 pied dans l'eau virage,1400000.0,Virage,3.0,3.0,140.0,0.0,0.0,0.0,https://www.expat-dakar.com/annonce/1-superbe-appartement-de-type-f4-pied-dans-leau-virage-6506009,1,1043505.8823529412
expat,Appartement F4 dans une résidence pieds virage,2000000.0,Virage,3.0,3.0,140.0,0.0,0.0,0.0,https://www.expat-dakar.com/annonce/appartement-f4-dans-une-residence-pieds-virage-6506015,1,1043505.8823529412
expat,Plateau appartement ( vide) vue mer 4 chambres corniche,3000000.0,Plateau,4.0,4.0,180.0,0.0,1.0,0.0,https://www.expat-dakar.com/annonce/plateau-appartement-vide-vue-mer-4-chambres-corniche-6505172,1,1921323.5294117648
expat,Plateau corniche vue mer 4 chambres à louer neuf,3500000.0,Plateau,4.0,4.0,180.0,0.0,1.0,1.0,https://www.expat-dakar.com/annonce/plateau-corniche-vue-mer-4-chambres-a-louer-neuf-6489650,1,1921323.5294117648
expat,Grand F4 1ere porte Petit Mbao,180000.0,Mbao,3.0,3.0,140.0,0.0,0.0,0.0,https://www.expat-dakar.com/annonce/grand-f4-1ere-porte-petit-mbao-6504339,1,247775.0
expat,Ngor Charmant F5 bien conçu à louer,1500000.0,Ngor,4.0,4.0,180.0,0.0,0.0,0.0,https://www.expat-dakar.com/annonce/ngor-charmant-f5-bien-concu-a-louer-6374577,1,799681.1320754717
expat,A Louer appartement F4 à Liberté 6,400000.0,Sicap Liberté,3.0,3.0,140.0,0.0,0.0,0.0,https://www.expat-dakar.com/annonce/a-louer-appartement-f4-a-liberte-6-6493986,1,425714.28571428574
expat,Penthouss à louer corniche plateau clinique madeleine,3000000.0,Plateau,3.0,3.0,140.0,0.0,0.0,0.0,https://www.expat-dakar.com/annonce/penthouss-a-louer-corniche-plateau-clinique-madeleine-6501434,1,1921323.5294117648
expat,Appartement grand standing aux Point E,900000.0,Point e,3.0,3.0,140.0,0.0,0.0,1.0,https://www.expat-dakar.com/annonce/appartement-grand-standing-aux-point-e-6497161,1,1134739.1304347827
expat,APPARTEMENT 3 CHAMBRE A LOUR A NGOR-ALMADIES,500000.0,Almadies,3.0,3.0,140.0,0.0,0.0,0.0,https://www.expat-dakar.com/annonce/appartement-3-chambre-a-lour-a-ngor-almadies-6404261,1,1074463.5443349753
expat,Appartement à louer meublé ou vide,350000.0,Yoff,2.0,2.0,100.0,1.0,0.0,0.0,https://www.expat-dakar.com/annonce/appartement-a-louer-meuble-ou-vide-6487103,1,528798.4732824428
expat,Apartement corniche fan résidence,1700000.0,Fann,3.0,3.0,140.0,0.0,0.0,0.0,https://www.expat-dakar.com/annonce/apartement-corniche-fan-residence-6031271,1,2078164.430379747
expat,Apparemment (vide ) louer dans haut plateau cote assemblée,2000000.0,Plateau,3.0,3.0,140.0,0.0,0.0,0.0,https://www.expat-dakar.com/annonce/apparemment-vide-louer-dans-haut-plateau-cote-assemblee-6495156,1,1921323.5294117648
expat,Appartement à louer au Almadie 4 chambre King watts,1500000.0,Almadies,4.0,4.0,180.0,0.0,0.0,0.0,https://www.expat-dakar.com/annonce/appartement-a-louer-au-almadie-4-chambre-king-watts-6495130,1,1074463.5443349753
expat,Appartement  à louer au Almadie 4 chambres vue mer,2000000.0,Almadies,4.0,4.0,180.0,0.0,1.0,0.0,https://www.expat-dakar.com/annonce/appartement-a-louer-au-almadie-4-chambres-vue-mer-6495104,1,1074463.5443349753
expat,APPARTEMENT MEUBLÉ AVEC PISCINE SUR LE TOIT,1700000.0,Almadies,3.0,3.0,140.0,1.0,0.0,0.0,https://www.expat-dakar.com/annonce/appartement-meuble-avec-piscine-sur-le-toit-6455316,1,1074463.5443349753
expat,Appartement corniche plateau 3 chambres,2500000.0,Plateau,3.0,3.0,140.0,0.0,0.0,0.0,https://www.expat-dakar.com/annonce/appartement-corniche-plateau-3-chambres-6145820,1,1921323.5294117648
expat,Appartement à louer aux cœur de fan résidence,2000000.0,Fann,3.0,3.0,140.0,0.0,0.0,0.0,https://www.expat-dakar.com/annonce/appartement-a-louer-aux-coeur-de-fan-residence-6092781,1,2078164.430379747
expat,Studios équipés par mois à louer à Yoff Bceao,350000.0,Yoff,1.0,1.0,60.0,0.0,0.0,0.0,https://www.expat-dakar.com/annonce/studios-equipes-par-mois-a-louer-a-yoff-bceao-6489118,1,528798.4732824428
expat,Bel Appartement F4 disponible à louer,800000.0,Mermoz,3.0,3.0,140.0,0.0,0.0,0.0,https://www.expat-dakar.com/annonce/bel-appartement-f4-disponible-a-louer-6471147,1,1032668.5082872928
expat,Corniche plateau 4 chambres à louer très moderne,2500000.0,Plateau,4.0,4.0,180.0,0.0,0.0,0.0,https://www.expat-dakar.com/annonce/corniche-plateau-4-chambres-a-louer-tres-moderne-6480202,1,1921323.5294117648
expat,Penthouss à louer au Almadie 4 chambres côte Sonatel,1300000.0,Almadies,4.0,4.0,180.0,0.0,0.0,0.0,https://www.expat-dakar.com/annonce/penthouss-a-louer-au-almadie-4-chambres-cote-sonatel-6482934,1,1074463.5443349753
expat,Appartement au plateau à louer 3 chambres Poulmane,1300000.0,Plateau,3.0,3.0,140.0,0.0,0.0,0.0,https://www.expat-dakar.com/annonce/appartement-au-plateau-a-louer-3-chambres-poulmane-6481118,1,1921323.5294117648
expat,Appartement vide à louer à fan résidence l’école américain,2300000.0,Fann,3.0,3.0,140.0,0.0,0.0,0.0,https://www.expat-dakar.com/annonce/appartement-vide-a-louer-a-fan-residence-lecole-americain-6104308,1,2078164.430379747
expat,Penthouss a loué corniche fann Residences,2200000.0,Fann,3.0,3.0,140.0,0.0,0.0,0.0,https://www.expat-dakar.com/annonce/penthouss-a-loue-corniche-fann-residences-5864039,1,2078164.430379747
expat,T2 meublé à louer au Point E,500000.0,Point e,1.0,1.0,60.0,1.0,0.0,0.0,https://www.expat-dakar.com/annonce/t2-meuble-a-louer-au-point-e-6480403,1,1134739.1304347827
expat,Appartements F4 neufs au Point E,1250000.0,Point e,3.0,3.0,140.0,0.0,0.0,1.0,https://www.expat-dakar.com/annonce/appartements-f4-neufs-au-point-e-6475826,1,1134739.1304347827
expat,02 chambres + salon aux Mamelles,300000.0,Mamelles,2.0,2.0,100.0,0.0,0.0,0.0,https://www.expat-dakar.com/annonce/02-chambres-salon-aux-mamelles-6475835,1,622633.1707317074
expat,Appartement neuf F4 aux Mamelles,750000.0,Mamelles,3.0,3.0,140.0,0.0,0.0,1.0,https://www.expat-dakar.com/annonce/appartement-neuf-f4-aux-mamelles-6474148,1,622633.1707317074
expat,Ref_2778_PL  Appartement à louer  à Fann Résidence,1700000.0,Fann,3.0,3.0,140.0,0.0,0.0,0.0,https://www.expat-dakar.com/annonce/ref-2778-pl-appartement-a-louer-a-fann-residence-6475425,1,2078164.430379747
expat,Appartement à louer à fan résidence,1500000.0,Fann,3.0,3.0,140.0,0.0,0.0,0.0,https://www.expat-dakar.com/annonce/appartement-a-louer-a-fan-residence-6221262,1,2078164.430379747
expat,Appartement f4 high standing à louer au virage,1400000.0,Virage,3.0,3.0,140.0,0.0,0.0,1.0,https://www.expat-dakar.com/annonce/appartement-f4-high-standing-a-louer-au-virage-6076551,1,1043505.8823529412
expat,F4 haut standing avec rez de jardin privé,1700000.0,Almadies,3.0,3.0,140.0,0.0,0.0,1.0,https://www.expat-dakar.com/annonce/f4-haut-standing-avec-rez-de-jardin-prive-5977800,1,1074463.5443349753
expat,Appartement à coté de l'école américaine Fenêtre Mermoz,2400000.0,Fenêtre mermoz,3.0,3.0,140.0,0.0,0.0,0.0,https://www.expat-dakar.com/annonce/appartement-a-cote-de-lecole-americaine-fenetre-mermoz-6467557,1,1814315.7894736843
expat,Appartement vue mer à louer à Mermoz derrière elton,1300000.0,Mermoz,3.0,3.0,140.0,0.0,1.0,0.0,https://www.expat-dakar.com/annonce/appartement-vue-mer-a-louer-a-mermoz-derriere-elton-6465055,1,1032668.5082872928
expat,Appartement à louer au plateau sur la corniche,2300000.0,Plateau,3.0,3.0,140.0,0.0,0.0,0.0,https://www.expat-dakar.com/annonce/appartement-a-louer-au-plateau-sur-la-corniche-6465011,1,1921323.5294117648
expat,Appartement vide à louer à sotrack Mermoz,800000.0,Ngor,3.0,3.0,140.0,0.0,0.0,0.0,https://www.expat-dakar.com/annonce/appartement-vide-a-louer-a-sotrack-mermoz-6464970,1,799681.1320754717
expat,Canapé cuir blanc 3 places fauteuil design moderne,980000.0,Point e,3.0,3.0,140.0,0.0,0.0,0.0,https://www.expat-dakar.com/annonce/canape-cuir-blanc-3-places-fauteuil-design-moderne-6464162,1,1134739.1304347827
expat,Duplex à louer point 5 chambres,3500000.0,Point e,5.0,5.0,220.0,0.0,0.0,0.0,https://www.expat-dakar.com/annonce/duplex-a-louer-point-5-chambres-6453537,1,1134739.1304347827
expat,Corniche Ouakan appartement à louer 3 chambres,3000000.0,Ouakam,3.0,3.0,140.0,0.0,0.0,0.0,https://www.expat-dakar.com/annonce/corniche-ouakan-appartement-a-louer-3-chambres-6348796,1,740800.0
expat,Appartements Duplex  à Sacré Cœur 3,1200000.0,Sacré cœur,5.0,5.0,220.0,0.0,0.0,0.0,https://www.expat-dakar.com/annonce/appartements-duplex-a-sacre-coeur-3-6458254,1,561458.3333333334
expat,Appartement à louer point E picine olympique,1300000.0,Point e,3.0,3.0,140.0,0.0,0.0,0.0,https://www.expat-dakar.com/annonce/appartement-a-louer-point-e-picine-olympique-6346965,1,1134739.1304347827
expat,Plateau corniche appartement à louer 4 chambres,2500000.0,Plateau,4.0,4.0,180.0,0.0,0.0,0.0,https://www.expat-dakar.com/annonce/plateau-corniche-appartement-a-louer-4-chambres-6158568,1,1921323.5294117648
expat,Appartement 4 chambres à louer aux Almadie King watts,1500000.0,Almadies,4.0,4.0,180.0,0.0,0.0,0.0,https://www.expat-dakar.com/annonce/appartement-4-chambres-a-louer-aux-almadie-king-watts-5995893,1,1074463.5443349753
expat,Appartement à louer aux Almadie route méridienne,2000000.0,Almadies,3.0,3.0,140.0,0.0,0.0,0.0,https://www.expat-dakar.com/annonce/appartement-a-louer-aux-almadie-route-meridienne-6106154,1,1074463.5443349753
expat,Appartement à louer aux almadies sur corniche,2500000.0,Almadies,4.0,4.0,180.0,0.0,0.0,0.0,https://www.expat-dakar.com/annonce/appartement-a-louer-aux-almadies-sur-corniche-5623777,1,1074463.5443349753
expat,Appartement moderne a louer,1200000.0,Point e,3.0,3.0,140.0,0.0,0.0,0.0,https://www.expat-dakar.com/annonce/appartement-moderne-a-louer-6431590,1,1134739.1304347827
expat,Appartement  4 chambres à louer aux Almadie route méridienne,1500000.0,Almadies,4.0,4.0,180.0,0.0,0.0,0.0,https://www.expat-dakar.com/annonce/appartement-4-chambres-a-louer-aux-almadie-route-meridienne-6104942,1,1074463.5443349753
expat,T4 à louer aux Almadies,1650000.0,Almadies,3.0,3.0,140.0,0.0,0.0,0.0,https://www.expat-dakar.com/annonce/t4-a-louer-aux-almadies-6445098,1,1074463.5443349753
expat,Apparemment à louer corniche fan résidence 4 chambres,3500000.0,Fann,4.0,4.0,180.0,0.0,0.0,0.0,https://www.expat-dakar.com/annonce/apparemment-a-louer-corniche-fan-residence-4-chambres-6416878,1,2078164.430379747
expat,Apartement corniches fan résidence 3 chambres,2000000.0,Fann,3.0,3.0,140.0,0.0,0.0,0.0,https://www.expat-dakar.com/annonce/apartement-corniches-fan-residence-3-chambres-6173676,1,2078164.430379747
expat,Appartement vue sur mer à louer  fan résidence,3000000.0,Fann,3.0,3.0,140.0,0.0,1.0,0.0,https://www.expat-dakar.com/annonce/appartement-vue-sur-mer-a-louer-fan-residence-6071037,1,2078164.430379747
expat,Apparemment à louer corniche fan résidence,2500000.0,Fann,3.0,3.0,140.0,0.0,0.0,0.0,https://www.expat-dakar.com/annonce/apparemment-a-louer-corniche-fan-residence-6191618,1,2078164.430379747
expat,Apparemment vue mer à louer à Mermoz El Tonn,900000.0,Mermoz,3.0,3.0,140.0,0.0,1.0,0.0,https://www.expat-dakar.com/annonce/apparemment-vue-mer-a-louer-a-mermoz-el-tonn-6323939,1,1032668.5082872928
expat,APPARTEMENTS NEUFS DE 2 CHAMBRES A THIES VILLE,200000.0,Thiès,2.0,2.0,100.0,0.0,0.0,1.0,https://www.expat-dakar.com/annonce/appartements-neufs-de-2-chambres-a-thies-ville-6226570,1,260625.0
expat,Apartement vue mer à louer aux Almadie route King watts,2000000.0,Almadies,3.0,3.0,140.0,0.0,1.0,0.0,https://www.expat-dakar.com/annonce/apartement-vue-mer-a-louer-aux-almadie-route-king-watts-6431253,1,1074463.5443349753
expat,APPARTEMENT DE TYPE F4 RESIDENCE PRIVÉE AU VIRAGE,750000.0,Virage,3.0,3.0,140.0,0.0,0.0,0.0,https://www.expat-dakar.com/annonce/appartement-de-type-f4-residence-privee-au-virage-6428764,1,1043505.8823529412
expat,Plateau appartement 4 chambres à louer vue sur mer,2500000.0,Plateau,4.0,4.0,180.0,0.0,1.0,0.0,https://www.expat-dakar.com/annonce/plateau-appartement-4-chambres-a-louer-vue-sur-mer-6427984,1,1921323.5294117648
expat,Penthouss vue sur mer à louer a fan résidence,2800000.0,Fann,3.0,3.0,140.0,0.0,1.0,0.0,https://www.expat-dakar.com/annonce/penthouss-vue-sur-mer-a-louer-a-fan-residence-6351215,1,2078164.430379747
expat,Appartement à louer a fenêtre Mermoz à côté école américaine,2300000.0,Fenêtre mermoz,3.0,3.0,140.0,0.0,0.0,0.0,https://www.expat-dakar.com/annonce/appartement-a-louer-a-fenetre-mermoz-a-cote-ecole-americaine-6421609,1,1814315.7894736843
expat,Apparemment à louer à fan résidence vue sur mer,2500000.0,Fenêtre mermoz,3.0,3.0,140.0,0.0,1.0,0.0,https://www.expat-dakar.com/annonce/apparemment-a-louer-a-fan-residence-vue-sur-mer-6420833,1,1814315.7894736843
expat,APPARTEMMENT F3 VIDE -- A LOUER AU POINT E,525000.0,Point e,2.0,2.0,100.0,0.0,0.0,0.0,https://www.expat-dakar.com/annonce/appartemment-f3-vide-a-louer-au-point-e-6415100,1,1134739.1304347827
expat,Appartement à louer aux points e très moderne,1100000.0,Point e,3.0,3.0,140.0,0.0,0.0,0.0,https://www.expat-dakar.com/annonce/appartement-a-louer-aux-points-e-tres-moderne-6286136,1,1134739.1304347827
expat,Apparemment à louer à Mermoz  derrière Elton,1500000.0,Mermoz,3.0,3.0,140.0,0.0,0.0,0.0,https://www.expat-dakar.com/annonce/apparemment-a-louer-a-mermoz-derriere-elton-6083298,1,1032668.5082872928
expat,Appartement à louer a fan résidence,1600000.0,Fann,3.0,3.0,140.0,0.0,0.0,0.0,https://www.expat-dakar.com/annonce/appartement-a-louer-a-fan-residence-6069769,1,2078164.430379747
expat,Appartement à louer Mermoz 4 chambres El ton Mermoz,2000000.0,Virage,4.0,4.0,180.0,0.0,0.0,0.0,https://www.expat-dakar.com/annonce/appartement-a-louer-mermoz-4-chambres-el-ton-mermoz-6109292,1,1043505.8823529412
expat,T4 à  louer au point E,1100000.0,Point e,3.0,3.0,140.0,0.0,0.0,0.0,https://www.expat-dakar.com/annonce/t4-a-louer-au-point-e-6395943,1,1134739.1304347827
expat,Corniche fan résidence appartement à louer,2500000.0,Fann,3.0,3.0,140.0,0.0,0.0,0.0,https://www.expat-dakar.com/annonce/corniche-fan-residence-appartement-a-louer-6104205,1,2078164.430379747
expat,Lofts à louer vue mer à louer à fan résidence,3000000.0,Fann,3.0,3.0,140.0,0.0,1.0,0.0,https://www.expat-dakar.com/annonce/lofts-a-louer-vue-mer-a-louer-a-fan-residence-6361887,1,2078164.430379747
expat,Plateau appartement 3 chambres à louer sur le haut plateau,2200000.0,Plateau,3.0,3.0,140.0,0.0,0.0,0.0,https://www.expat-dakar.com/annonce/plateau-appartement-3-chambres-a-louer-sur-le-haut-plateau-6033454,1,1921323.5294117648
expat,Plateau appartement 4 chambres à louer vue sur mer,2000000.0,Plateau,4.0,4.0,180.0,0.0,1.0,0.0,https://www.expat-dakar.com/annonce/plateau-appartement-4-chambres-a-louer-vue-sur-mer-6226554,1,1921323.5294117648
expat,Apparemment  vue sur mer à louer aux Almadie,2000000.0,Almadies,3.0,3.0,140.0,0.0,1.0,0.0,https://www.expat-dakar.com/annonce/apparemment-vue-sur-mer-a-louer-aux-almadie-6380436,1,1074463.5443349753
expat,Duplex 4 chambres à louer aux mamelles,1300000.0,Mamelles,5.0,5.0,220.0,0.0,0.0,0.0,https://www.expat-dakar.com/annonce/duplex-4-chambres-a-louer-aux-mamelles-6171997,1,622633.1707317074
expat,À LOUER – Appartement moderne à Mboro,200000.0,Autre,4.0,4.0,180.0,0.0,0.0,0.0,https://www.expat-dakar.com/annonce/a-louer-appartement-moderne-a-mboro-6379205,1,639511.9856115108
expat,Plateau appartement vide 3 chambres grand terrasse vue mer,2500000.0,Plateau,3.0,3.0,140.0,0.0,1.0,0.0,https://www.expat-dakar.com/annonce/plateau-appartement-vide-3-chambres-grand-terrasse-vue-mer-6256574,1,1921323.5294117648
expat,Fan résidence Loft Penthouse à louer vue mer,3000000.0,Fann,4.0,4.0,180.0,0.0,1.0,0.0,https://www.expat-dakar.com/annonce/fan-residence-loft-penthouse-a-louer-vue-mer-6372953,1,2078164.430379747
expat,Appartement neuf 4 chambres à louer aux Almadie,1500000.0,Almadies,4.0,4.0,180.0,0.0,0.0,1.0,https://www.expat-dakar.com/annonce/appartement-neuf-4-chambres-a-louer-aux-almadie-6104401,1,1074463.5443349753
expat,Studio joli et moderne,185000.0,Sicap foire,1.0,1.0,60.0,0.0,0.0,0.0,https://www.expat-dakar.com/annonce/studio-joli-et-moderne-6371954,1,412647.0588235294
expat,Penthouss à louer aux Almadie King fat,4000000.0,Almadies,3.0,3.0,140.0,0.0,0.0,0.0,https://www.expat-dakar.com/annonce/penthouss-a-louer-aux-almadie-king-fat-6172109,1,1074463.5443349753
expat,Appartement 4 chambres à louer sur la corniche Almadie,2200000.0,Almadies,4.0,4.0,180.0,0.0,0.0,0.0,https://www.expat-dakar.com/annonce/appartement-4-chambres-a-louer-sur-la-corniche-almadie-6082796,1,1074463.5443349753
expat,Appartement à louer à fan résidence,1600000.0,Fann,3.0,3.0,140.0,0.0,0.0,0.0,https://www.expat-dakar.com/annonce/appartement-a-louer-a-fan-residence-6330886,1,2078164.430379747
expat,Appartement ( vide) à louer aux Almadies derrière là gondole,850000.0,Almadies,3.0,3.0,140.0,0.0,0.0,0.0,https://www.expat-dakar.com/annonce/appartement-vide-a-louer-aux-almadies-derriere-la-gondole-6313402,1,1074463.5443349753
expat,Appartement plateau à louer vue sur,2700000.0,Plateau,3.0,3.0,140.0,0.0,0.0,0.0,https://www.expat-dakar.com/annonce/appartement-plateau-a-louer-vue-sur-6304211,1,1921323.5294117648
expat,Appartement à louer sur la corniche fan résidence,2500000.0,Fann,3.0,3.0,140.0,0.0,0.0,0.0,https://www.expat-dakar.com/annonce/appartement-a-louer-sur-la-corniche-fan-residence-6110475,1,2078164.430379747
expat,Appartement 4 chambres dans le haut plateau vue mer,2500000.0,Plateau,4.0,4.0,180.0,0.0,1.0,0.0,https://www.expat-dakar.com/annonce/appartement-4-chambres-dans-le-haut-plateau-vue-mer-6303946,1,1921323.5294117648
expat,Penthous à louer sur corniche fan résidence,2500000.0,Fann,3.0,3.0,140.0,0.0,0.0,0.0,https://www.expat-dakar.com/annonce/penthous-a-louer-sur-corniche-fan-residence-6146824,1,2078164.430379747
expat,Corniche plateau appartement,3200000.0,Plateau,3.0,3.0,140.0,0.0,0.0,0.0,https://www.expat-dakar.com/annonce/corniche-plateau-appartement-6186842,1,1921323.5294117648
expat,Appartement vue mer à louer a Ngor  hôtel Diarraman,2300000.0,Almadies,4.0,4.0,180.0,0.0,1.0,0.0,https://www.expat-dakar.com/annonce/appartement-vue-mer-a-louer-a-ngor-hotel-diarraman-6069269,1,1074463.5443349753
expat,Point E  Apartement moderne a louer 3 chambres,900000.0,Point e,3.0,3.0,140.0,0.0,0.0,0.0,https://www.expat-dakar.com/annonce/point-e-apartement-moderne-a-louer-3-chambres-6210833,1,1134739.1304347827
expat,Appartement jardin à louer aux Almadie King watts,1800000.0,Almadies,3.0,3.0,140.0,0.0,0.0,0.0,https://www.expat-dakar.com/annonce/appartement-jardin-a-louer-aux-almadie-king-watts-6289172,1,1074463.5443349753
expat,Almadies 4 chambres route méridienne à louer,1500000.0,Almadies,4.0,4.0,180.0,0.0,0.0,0.0,https://www.expat-dakar.com/annonce/almadies-4-chambres-route-meridienne-a-louer-6201334,1,1074463.5443349753
expat,Lofts à louer sur la corniche des Almadie,3000000.0,Almadies,4.0,4.0,180.0,0.0,0.0,0.0,https://www.expat-dakar.com/annonce/lofts-a-louer-sur-la-corniche-des-almadie-6172586,1,1074463.5443349753
expat,Corniche Almadies appartement à louer,2200000.0,Almadies,3.0,3.0,140.0,0.0,0.0,0.0,https://www.expat-dakar.com/annonce/corniche-almadies-appartement-a-louer-6212622,1,1074463.5443349753
expat,Apparemment à louer à Mermoz Sotrac,1200000.0,Mermoz,3.0,3.0,140.0,0.0,0.0,0.0,https://www.expat-dakar.com/annonce/apparemment-a-louer-a-mermoz-sotrac-6276921,1,1032668.5082872928
expat,Appartement à louer aux Point e,1500000.0,Point e,3.0,3.0,140.0,0.0,0.0,0.0,https://www.expat-dakar.com/annonce/appartement-a-louer-aux-point-e-6171960,1,1134739.1304347827
expat,Fann résidence,1300000.0,Fann,3.0,3.0,140.0,0.0,0.0,0.0,https://www.expat-dakar.com/annonce/fann-residence-6272475,1,2078164.430379747
expat,Appartement à louer sur la corniche fann résidence,2500000.0,Fann,3.0,3.0,140.0,0.0,0.0,0.0,https://www.expat-dakar.com/annonce/appartement-a-louer-sur-la-corniche-fann-residence-6104557,1,2078164.430379747
expat,Fann  hock Appartement à louer vue sur mer 3 chambre,2000000.0,Fann Hock,3.0,3.0,140.0,0.0,1.0,0.0,https://www.expat-dakar.com/annonce/fann-hock-appartement-a-louer-vue-sur-mer-3-chambre-6104416,1,1711111.111111111
expat,Appartement water from meublé corniche fan résidence,2500000.0,Fann,2.0,2.0,100.0,1.0,0.0,0.0,https://www.expat-dakar.com/annonce/appartement-water-from-meuble-corniche-fan-residence-6122043,1,2078164.430379747
expat,Appartement 4 chambres à louer aux Almadies,2800000.0,Almadies,4.0,4.0,180.0,0.0,0.0,0.0,https://www.expat-dakar.com/annonce/appartement-4-chambres-a-louer-aux-almadies-6221193,1,1074463.5443349753
expat,2 chambres salon Petit Mbao,150000.0,Mbao,2.0,2.0,100.0,0.0,0.0,0.0,https://www.expat-dakar.com/annonce/2-chambres-salon-petit-mbao-6208461,1,247775.0
expat,Appartement à louer 3 chambres à la cité keur gorgui,800000.0,Cité keur gorgui,4.0,4.0,180.0,0.0,0.0,0.0,https://www.expat-dakar.com/annonce/appartement-a-louer-3-chambres-a-la-cite-keur-gorgui-6187200,1,740577.7777777778
expat,Apartement corniche fan résidence,2500000.0,Fann,3.0,3.0,140.0,0.0,0.0,0.0,https://www.expat-dakar.com/annonce/apartement-corniche-fan-residence-6091085,1,2078164.430379747
expat,Appartement à louer à fan résidence,1500000.0,Fann,3.0,3.0,140.0,0.0,0.0,0.0,https://www.expat-dakar.com/annonce/appartement-a-louer-a-fan-residence-6170243,1,2078164.430379747
expat,Appartement à louer à fan résidence,2100000.0,Fann,3.0,3.0,140.0,0.0,0.0,0.0,https://www.expat-dakar.com/annonce/appartement-a-louer-a-fan-residence-6159700,1,2078164.430379747
expat,Appartement à louer 4 chambres aux plateaux,2500000.0,Plateau,4.0,4.0,180.0,0.0,0.0,0.0,https://www.expat-dakar.com/annonce/appartement-a-louer-4-chambres-aux-plateaux-6146447,1,1921323.5294117648
expat,Appartement triples à louer à côté Pullman,2300000.0,Plateau,4.0,4.0,180.0,0.0,0.0,0.0,https://www.expat-dakar.com/annonce/appartement-triples-a-louer-a-cote-pullman-6069962,1,1921323.5294117648
expat,Appartement à louer sur la corniche de fan résidence,3000000.0,Fann,4.0,4.0,180.0,0.0,0.0,0.0,https://www.expat-dakar.com/annonce/appartement-a-louer-sur-la-corniche-de-fan-residence-6032168,1,2078164.430379747
expat,Penthouse à louer Almadies route de méridienne,3500000.0,Almadies,4.0,4.0,180.0,0.0,0.0,0.0,https://www.expat-dakar.com/annonce/penthouse-a-louer-almadies-route-de-meridienne-6106771,1,1074463.5443349753
expat,Appartement à louer sur la corniche fan hock,1200000.0,Fann Hock,3.0,3.0,140.0,0.0,0.0,0.0,https://www.expat-dakar.com/annonce/appartement-a-louer-sur-la-corniche-fan-hock-6091157,1,1711111.111111111
expat,Penthous à louer aux Poin e,2500000.0,Point e,4.0,4.0,180.0,0.0,0.0,0.0,https://www.expat-dakar.com/annonce/penthous-a-louer-aux-poin-e-6076448,1,1134739.1304347827
expat,Apparemment à louer à fan résidence derrière Auchan,2000000.0,Fann,3.0,3.0,140.0,0.0,0.0,0.0,https://www.expat-dakar.com/annonce/apparemment-a-louer-a-fan-residence-derriere-auchan-5790233,1,2078164.430379747
expat,Corniche fan résidence,2500000.0,Fann,3.0,3.0,140.0,0.0,0.0,0.0,https://www.expat-dakar.com/annonce/corniche-fan-residence-5067902,1,2078164.430379747
expat,Duplex vide 4 chambres à louer au point E,2500000.0,Point e,4.0,4.0,180.0,0.0,0.0,0.0,https://www.expat-dakar.com/annonce/duplex-vide-4-chambres-a-louer-au-point-e-5955410,1,1134739.1304347827
expat,Apparemment almadies 3 chambre,2000000.0,Almadies,3.0,3.0,140.0,0.0,0.0,0.0,https://www.expat-dakar.com/annonce/apparemment-almadies-3-chambre-5757473,1,1074463.5443349753
keur immobiler,DAKAR ALMADIES : Appartement meublé 3 chambres à louer – Vue mer,1100000.0,Almadies,3.0,3.0,140.0,1.0,1.0,0.0,https://keur-immo.com/senegal/annonce-immobiliere-senegal/dakar-almadies-appartement-meuble-3-chambres-a-louer-vue-mer/,0,1074463.5443349753
keur immobiler,DAKAR ALMADIES : Appartement à louer 3 chambres – Massamba,1100000.0,Almadies,3.0,3.0,220.0,0.0,0.0,0.0,https://keur-immo.com/senegal/annonce-immobiliere-senegal/dakar-almadies-appartement-a-louer-3-chambres-massamba/,0,1074463.5443349753
keur immobiler,DAKAR POINT E : Appartement à louer – 3 chambres – 2HM,850000.0,Point E,3.0,3.0,175.0,0.0,0.0,0.0,https://keur-immo.com/senegal/annonce-immobiliere-senegal/dakar-point-e-appartement-a-louer-3-chambres-2hm/,0,1003072.2891566266
keur immobiler,DAKAR ALMADIES : Appartement meublé 1 chambre – salon – SDB à louer,550000.0,Almadies,1.0,1.0,43.0,1.0,0.0,0.0,https://keur-immo.com/senegal/annonce-immobiliere-senegal/dakar-almadies-appartement-meuble-1-chambre-salon-sdb-a-louer/,0,1074463.5443349753
keur immobiler,DAKAR POINT-E : Appartement à louer 3 chambres,950000.0,Point E,3.0,3.0,150.0,0.0,0.0,0.0,https://keur-immo.com/senegal/annonce-immobiliere-senegal/dakar-pointe-appartement-a-louer-3-chambres-13/,0,1003072.2891566266
keur immobiler,DAKAR HANN : Appartement à louer aux Maristes,400000.0,Autre,2.0,2.0,100.0,0.0,0.0,0.0,https://keur-immo.com/senegal/annonce-immobiliere-senegal/dakar-hann-appartement-a-louer-aux-maristes-344/,1,639511.9856115108
keur immobiler,DAKAR POINT-E : Appartement à louer – 4ème étage,1200000.0,Point E,3.0,2.0,140.0,0.0,0.0,0.0,https://keur-immo.com/senegal/annonce-immobiliere-senegal/dakar-pointe-appartement-a-louer-4eme-etage/,1,1003072.2891566266
keur immobiler,DAKAR MERMOZ : Appartement à louer 3 chambres – Corniche Ouest,2000000.0,Mermoz,3.0,2.0,220.0,0.0,0.0,0.0,https://keur-immo.com/senegal/annonce-immobiliere-senegal/dakar-mermoz-appartement-a-louer-3-chambres-corniche-ouest/,0,1032668.5082872928
keur immobiler,DAKAR PLATEAU : Appartement duplex Haut Standing avec Vue Mer à louer,4500000.0,Plateau,5.0,4.0,220.0,0.0,1.0,1.0,https://keur-immo.com/senegal/annonce-immobiliere-senegal/dakar-plateau-appartement-duplex-haut-standing-avec-vue-mer-a-louer/,1,1921323.5294117648
keur immobiler,DAKAR NGOR : Appartement à louer au virage,1000000.0,Ngor,3.0,2.0,140.0,0.0,0.0,0.0,https://keur-immo.com/senegal/annonce-immobiliere-senegal/dakar-ngor-appartement-a-louer-au-virage-667/,1,799681.1320754717
keur immobiler,DAKAR ALMADIES : Appartement vue sur mer à louer,1000000.0,Almadies,3.0,2.0,140.0,0.0,1.0,0.0,https://keur-immo.com/senegal/annonce-immobiliere-senegal/dakar-almadies-appartement-vue-sur-mer-a-louer-696/,1,1074463.5443349753
keur immobiler,DAKAR NGOR : Appartement duplex pied dans l’eau à louer,2000000.0,Ngor,3.0,3.0,140.0,0.0,0.0,0.0,https://keur-immo.com/senegal/annonce-immobiliere-senegal/dakar-ngor-appartement-duplex-pied-dans-leau-a-louer/,1,799681.1320754717
keur immobiler,DAKAR NGOR : Appartement à louer au virage,1200000.0,Ngor,3.0,2.0,140.0,0.0,0.0,0.0,https://keur-immo.com/senegal/annonce-immobiliere-senegal/dakar-ngor-appartement-a-louer-au-virage-638/,1,799681.1320754717
keur immobiler,DAKAR OUAKAM : Appartement à louer 3 chambres,500000.0,Ouakam,3.0,3.0,140.0,0.0,0.0,0.0,https://keur-immo.com/senegal/annonce-immobiliere-senegal/dakar-ouakam-appartement-a-louer-3-chambres/,1,740800.0
keur immobiler,DAKAR ALMADIES : Appartement 3 chambres meublé avec véranda lumineuse à louer,1100000.0,Almadies,3.0,2.0,140.0,1.0,0.0,0.0,https://keur-immo.com/senegal/annonce-immobiliere-senegal/dakar-almadies-appartement-3-chambres-meuble-avec-veranda-lumineuse-a-louer/,1,1074463.5443349753
keur immobiler,DAKAR ALMADIES : Appartement F2 meublé quasi neuf à louer,650000.0,Almadies,1.0,2.0,63.0,1.0,0.0,1.0,https://keur-immo.com/senegal/annonce-immobiliere-senegal/dakar-almadies-appartement-f2-meuble-quasi-neuf-a-louer/,0,1074463.5443349753
keur immobiler,DAKAR FANN : Studios meublés de prestige à louer – Résidence NAFAÏA,2000000.0,Autre,1.0,1.0,162.0,1.0,0.0,0.0,https://keur-immo.com/senegal/annonce-immobiliere-senegal/dakar-fann-studios-meubles-de-prestige-a-louer-residence-nafaia/,0,639511.9856115108
keur immobiler,DAKAR HANN : Studio meublé à louer aux Maristes,200000.0,Autre,1.0,1.0,60.0,1.0,0.0,0.0,https://keur-immo.com/senegal/annonce-immobiliere-senegal/dakar-hann-studio-meuble-a-louer-aux-maristes-682/,1,639511.9856115108
keur immobiler,DAKAR HANN MARISTES : Appartement meublé à louer,500000.0,Autre,2.0,2.0,100.0,1.0,0.0,0.0,https://keur-immo.com/senegal/annonce-immobiliere-senegal/dakar-hann-maristes-appartement-meuble-a-louer/,1,639511.9856115108
keur immobiler,DAKAR NGOR : Appartement à louer 2 chambres,250000.0,Ngor,2.0,1.0,100.0,0.0,0.0,0.0,https://keur-immo.com/senegal/annonce-immobiliere-senegal/dakar-ngor-appartement-a-louer-2-chambres-994/,1,799681.1320754717
keur immobiler,DAKAR POINT-E : Appartement F2 meublé à louer,600000.0,Point E,1.0,1.0,75.0,1.0,0.0,0.0,https://keur-immo.com/senegal/annonce-immobiliere-senegal/dakar-pointe-appartement-f2-meuble-a-louer/,0,1003072.2891566266
keur immobiler,DAKAR MERMOZ : Appartement Duplex à louer,1200000.0,Mermoz,5.0,5.0,220.0,0.0,0.0,0.0,https://keur-immo.com/senegal/annonce-immobiliere-senegal/dakar-mermoz-appartement-duplex-a-louer-623/,1,1032668.5082872928
keur immobiler,NGOR : Appartement à louer F5,1000000.0,Ngor,4.0,4.0,225.0,0.0,0.0,0.0,https://keur-immo.com/senegal/annonce-immobiliere-senegal/ngor-appartement-a-louer-f5/,0,799681.1320754717
keur immobiler,DAKAR NGOR : Appartement à louer au virage,1300000.0,Ngor,3.0,2.0,140.0,0.0,0.0,0.0,https://keur-immo.com/senegal/annonce-immobiliere-senegal/dakar-ngor-appartement-a-louer-au-virage-623/,1,799681.1320754717
keur immobiler,DAKAR MERMOZ : Bel appartement à louer à Mermoz,700000.0,Mermoz,3.0,3.0,140.0,0.0,0.0,0.0,https://keur-immo.com/senegal/annonce-immobiliere-senegal/dakar-mermoz-bel-appartement-a-louer-a-mermoz-28/,1,1032668.5082872928
